Registration_Number,Registration_Date,Registration_Year,State,RTO_Office,Vehicle_Category,Vehicle_Sub_Type,Manufacturer_Brand,Fuel_Type,Emission_Norm,Engine_CC,Seating_Capacity,Vehicle_Age_Years,is_clean,is_compliant,CFAR,FMI
REG100001,13-12-2019,2019,Madhya Pradesh,Bhopal (MP-04),2W,Scooter,Bajaj,Petrol,BS4,400.0,2,5,False,False,44.44444444444444,7.4074074074074066
REG100002,14-01-2020,2020,Karnataka,Belgaum (KA-22),2W,Motorcycle,Honda,Petrol,BS6,400.0,2,4,False,True,37.5,83.33333333333334
REG100003,23-03-2023,2023,Karnataka,Delhi South (DL-09),2W,Scooter,Ola Electric,Petrol,BS6,250.0,2,1,False,True,37.17948717948718,99.14529914529915
REG100004,26-06-2021,2021,Karnataka,Kota (RJ-20),2W,Scooter,Honda,Petrol,BS6,160.0,2,3,False,True,32.88590604026846,94.63087248322147
REG100005,13-11-2022,2022,Karnataka,Ahmedabad (GJ-01),4W,Hatchback,Honda,Petrol,BS6,1598.0,5,2,False,True,43.333333333333336,96.66666666666667
REG100006,13-07-2024,2024,Karnataka,Thiruvananthapuram (KL-01),2W,Motorcycle,Royal Enfield,Petrol,BS6,160.0,2,0,False,True,41.29032258064516,100.0
REG100007,28-11-2021,2021,Karnataka,Durgapur (WB-40),2W,Scooter,Bajaj,CNG,BS6,110.0,2,3,True,True,32.88590604026846,94.63087248322147
REG100008,19-12-2021,2021,Karnataka,Ludhiana (PB-10),4W,Sedan,Tata Motors,Diesel,BS6,1462.0,5,3,False,True,32.88590604026846,94.63087248322147
REG100009,18-05-2023,2023,Karnataka,Gwalior (MP-07),LCV,Mini Truck,Mahindra,Diesel,BS6,2523.0,9,1,False,True,37.17948717948718,99.14529914529915
REG100010,13-03-2022,2022,Karnataka,Amritsar (PB-02),2W,Scooter,Suzuki,EV,BS6,0.0,2,2,True,True,43.333333333333336,96.66666666666667
REG100011,18-09-2021,2021,Karnataka,Kollam (KL-02),4W,MUV,Skoda,Diesel,BS6,2179.0,5,3,False,True,32.88590604026846,94.63087248322147
REG100012,02-11-2019,2019,Karnataka,Mumbai Central (MH-01),2W,Motorcycle,Suzuki,EV,BS4,0.0,2,5,True,False,31.32530120481928,9.63855421686747
REG100013,16-05-2024,2024,Karnataka,Nizamabad (TS-05),OTH,Tractor,Mahindra,Diesel,BS6,5660.0,1,0,False,True,41.29032258064516,100.0
REG100014,24-02-2023,2023,Karnataka,Rajkot (GJ-03),2W,Motorcycle,Royal Enfield,EV,BS6,0.0,2,1,True,True,37.17948717948718,99.14529914529915
REG100015,28-09-2020,2020,Karnataka,Ujjain (MP-13),4W,Sedan,Toyota,Hybrid,BS4,800.0,5,4,True,False,37.5,83.33333333333334
REG100016,10-02-2018,2018,Karnataka,Kolkata (WB-01),2W,Scooter,Royal Enfield,Petrol,BS4,110.0,2,6,False,False,40.74074074074074,0.0
REG100017,26-03-2022,2022,Karnataka,Thrissur (KL-08),4W,Sedan,Tata Motors,EV,BS6,0.0,5,2,True,True,43.333333333333336,96.66666666666667
REG100018,10-07-2024,2024,Karnataka,Delhi South (DL-09),4W,Sedan,Kia,Diesel,BS6,2179.0,5,0,False,True,41.29032258064516,100.0
REG100019,23-04-2022,2022,Karnataka,Mysore (KA-09),2W,Scooter,Hero,EV,BS6,0.0,2,2,True,True,43.333333333333336,96.66666666666667
REG100020,09-12-2022,2022,Karnataka,Bangalore Central (KA-01),2W,Motorcycle,Yamaha,Petrol,BS6,350.0,2,2,False,True,43.333333333333336,96.66666666666667
REG100021,27-07-2020,2020,Karnataka,Delhi South (DL-09),2W,Moped,Ola Electric,EV,BS6,0.0,2,4,True,True,37.5,83.33333333333334
REG100022,28-01-2022,2022,Karnataka,Bangalore Central (KA-01),4W,SUV,Honda,Diesel,BS6,1000.0,5,2,False,True,43.333333333333336,96.66666666666667
REG100023,12-03-2020,2020,Karnataka,Agra (UP-80),4W,Hatchback,Mahindra,Petrol,BS6,1968.0,5,4,False,True,37.5,83.33333333333334
REG100024,04-10-2019,2019,Karnataka,Rajkot (GJ-03),2W,Motorcycle,KTM,EV,BS4,0.0,2,5,True,False,31.32530120481928,9.63855421686747
REG100025,25-03-2024,2024,Karnataka,Mysore (KA-09),2W,Scooter,KTM,Petrol,BS6,250.0,2,0,False,True,41.29032258064516,100.0
REG100026,12-10-2023,2023,Karnataka,Nashik (MH-15),2W,Scooter,Royal Enfield,Petrol,BS6,350.0,2,1,False,True,37.17948717948718,99.14529914529915
REG100027,10-06-2022,2022,Karnataka,Coimbatore (TN-37),2W,Motorcycle,Ola Electric,CNG,BS6,100.0,2,2,True,True,43.333333333333336,96.66666666666667
REG100028,05-04-2024,2024,Karnataka,Aurangabad (MH-20),3W,Tempo,Piaggio,CNG,BS6,200.0,7,0,True,True,41.29032258064516,100.0
REG100029,11-02-2022,2022,Karnataka,Mysore (KA-09),2W,Moped,Bajaj,EV,BS6,0.0,2,2,True,True,43.333333333333336,96.66666666666667
REG100030,03-05-2023,2023,Karnataka,Ujjain (MP-13),4W,SUV,Kia,Petrol,BS6,1498.0,8,1,False,True,37.17948717948718,99.14529914529915
REG100031,21-02-2023,2023,Karnataka,Madurai (TN-58),3W,Auto Rickshaw,Bajaj,Diesel,BS6,200.0,7,1,False,True,37.17948717948718,99.14529914529915
REG100032,13-08-2021,2021,Karnataka,Delhi South (DL-09),2W,Scooter,Honda,Petrol,BS6,400.0,2,3,False,True,32.88590604026846,94.63087248322147
REG100033,09-03-2024,2024,Karnataka,Kozhikode (KL-11),4W,Hatchback,Renault,Petrol,BS6,1498.0,5,0,False,True,41.29032258064516,100.0
REG100034,18-12-2023,2023,Karnataka,Belgaum (KA-22),2W,Scooter,Ola Electric,Petrol,BS6,160.0,2,1,False,True,37.17948717948718,99.14529914529915
REG100035,23-01-2022,2022,Karnataka,Karimnagar (TS-01),2W,Motorcycle,Honda,EV,BS6,0.0,2,2,True,True,43.333333333333336,96.66666666666667
REG100036,07-08-2022,2022,Karnataka,Jodhpur (RJ-19),4W,SUV,Tata Motors,Hybrid,BS6,1480.0,5,2,True,True,43.333333333333336,96.66666666666667
REG100037,10-10-2023,2023,Karnataka,Bangalore Central (KA-01),HCV,Bus,Eicher,Diesel,BS6,4998.0,45,1,False,True,37.17948717948718,99.14529914529915
REG100038,22-02-2023,2023,Karnataka,Chennai Central (TN-01),2W,Motorcycle,Yamaha,Petrol,BS6,200.0,2,1,False,True,37.17948717948718,99.14529914529915
REG100039,30-07-2024,2024,Karnataka,Karimnagar (TS-01),OTH,Road Roller,TAFE,Diesel,BS6,3760.0,2,0,False,True,41.29032258064516,100.0
REG100040,25-02-2020,2020,Karnataka,Kozhikode (KL-11),4W,MUV,Mahindra,Petrol,BS4,1968.0,5,4,False,False,37.5,83.33333333333334
REG100041,25-04-2023,2023,Karnataka,Howrah (WB-13),2W,Scooter,Yamaha,Petrol,BS6,100.0,2,1,False,True,37.17948717948718,99.14529914529915
REG100042,18-09-2021,2021,Karnataka,Indore (MP-09),2W,Scooter,Honda,Hybrid,BS6,250.0,2,3,True,True,32.88590604026846,94.63087248322147
REG100043,20-01-2020,2020,Karnataka,Ujjain (MP-13),2W,Motorcycle,Honda,Petrol,BS6,110.0,2,4,False,True,37.5,83.33333333333334
REG100044,16-07-2024,2024,Karnataka,Jalandhar (PB-08),2W,Scooter,Suzuki,EV,BS6,0.0,2,0,True,True,41.29032258064516,100.0
REG100045,17-12-2024,2024,Karnataka,Delhi West (DL-08),2W,Scooter,Hero,EV,BS6,0.0,2,0,True,True,41.29032258064516,100.0
REG100046,03-06-2021,2021,Karnataka,Udaipur (RJ-27),2W,Moped,Yamaha,EV,BS6,0.0,2,3,True,True,32.88590604026846,94.63087248322147
REG100047,07-12-2019,2019,Karnataka,Rajkot (GJ-03),2W,Moped,Royal Enfield,EV,BS4,0.0,2,5,True,False,31.32530120481928,9.63855421686747
REG100048,27-05-2023,2023,Karnataka,Indore (MP-09),4W,SUV,Honda,CNG,BS6,1462.0,8,1,True,True,37.17948717948718,99.14529914529915
REG100049,31-08-2023,2023,Karnataka,Patiala (PB-11),4W,MUV,MG,Diesel,BS6,1197.0,5,1,False,True,37.17948717948718,99.14529914529915
REG100050,25-04-2020,2020,Karnataka,Gandhinagar (GJ-18),4W,SUV,Hyundai,Hybrid,BS6,1462.0,6,4,True,True,37.5,83.33333333333334
REG100051,19-11-2019,2019,Karnataka,Mumbai Central (MH-01),2W,Scooter,Ola Electric,Hybrid,BS4,150.0,2,5,True,False,31.32530120481928,9.63855421686747
REG100052,24-02-2023,2023,Karnataka,Delhi North (DL-04),3W,Auto Rickshaw,Piaggio,EV,BS6,0.0,3,1,True,True,37.17948717948718,99.14529914529915
REG100053,08-12-2022,2022,Karnataka,Trichy (TN-45),3W,Tempo,Piaggio,CNG,BS6,250.0,6,2,True,True,43.333333333333336,96.66666666666667
REG100054,19-08-2023,2023,Karnataka,Patiala (PB-11),2W,Moped,KTM,Petrol,BS6,160.0,2,1,False,True,37.17948717948718,99.14529914529915
REG100055,27-05-2022,2022,Karnataka,Delhi West (DL-08),4W,MUV,Mahindra,Petrol,BS6,1462.0,7,2,False,True,43.333333333333336,96.66666666666667
REG100056,19-03-2020,2020,Karnataka,Kota (RJ-20),LCV,Mini Truck,Mahindra,Diesel,BS4,2956.0,9,4,False,False,37.5,83.33333333333334
REG100057,18-07-2020,2020,Karnataka,Varanasi (UP-65),2W,Scooter,Suzuki,Petrol,BS6,160.0,2,4,False,True,37.5,83.33333333333334
REG100058,02-06-2018,2018,Karnataka,Thiruvananthapuram (KL-01),LCV,Light Bus,Force Motors,Diesel,BS4,2956.0,12,6,False,False,40.74074074074074,0.0
REG100059,15-01-2021,2021,Karnataka,Khammam (TS-07),4W,Sedan,MG,Petrol,BS6,1968.0,5,3,False,True,32.88590604026846,94.63087248322147
REG100060,31-10-2022,2022,Karnataka,Jabalpur (MP-20),4W,MUV,Tata Motors,CNG,BS6,800.0,5,2,True,True,43.333333333333336,96.66666666666667
REG100061,19-04-2021,2021,Karnataka,Jabalpur (MP-20),2W,Scooter,TVS,Petrol,BS6,350.0,2,3,False,True,32.88590604026846,94.63087248322147
REG100062,09-05-2024,2024,Karnataka,Kota (RJ-20),4W,MUV,Kia,Hybrid,BS6,1000.0,8,0,True,True,41.29032258064516,100.0
REG100063,21-01-2019,2019,Karnataka,Aurangabad (MH-20),2W,Scooter,Bajaj,EV,BS4,0.0,2,5,True,False,31.32530120481928,9.63855421686747
REG100064,28-02-2019,2019,Karnataka,Delhi East (DL-02),LCV,Light Bus,Mahindra,Diesel,BS4,2956.0,12,5,False,False,31.32530120481928,9.63855421686747
REG100065,28-02-2024,2024,Karnataka,Kozhikode (KL-11),4W,Sedan,Skoda,CNG,BS6,1197.0,5,0,True,True,41.29032258064516,100.0
REG100066,22-07-2024,2024,Karnataka,Belgaum (KA-22),2W,Scooter,Ola Electric,CNG,BS6,150.0,2,0,True,True,41.29032258064516,100.0
REG100067,04-11-2023,2023,Karnataka,Belgaum (KA-22),4W,Sedan,Hyundai,EV,BS6,0.0,5,1,True,True,37.17948717948718,99.14529914529915
REG100068,04-08-2023,2023,Karnataka,Ajmer (RJ-01),2W,Scooter,Honda,EV,BS6,0.0,2,1,True,True,37.17948717948718,99.14529914529915
REG100069,25-09-2022,2022,Karnataka,Mangalore (KA-19),HCV,Tanker,MAN,Diesel,BS6,5660.0,2,2,False,True,43.333333333333336,96.66666666666667
REG100070,14-02-2021,2021,Karnataka,Karimnagar (TS-01),3W,Tempo,Atul Auto,CNG,BS6,250.0,6,3,True,True,32.88590604026846,94.63087248322147
REG100071,04-04-2022,2022,Karnataka,Delhi North (DL-04),4W,MUV,Toyota,Petrol,BS6,2179.0,6,2,False,True,43.333333333333336,96.66666666666667
REG100072,13-02-2018,2018,Karnataka,Kota (RJ-20),2W,Moped,Royal Enfield,EV,BS4,0.0,2,6,True,False,40.74074074074074,0.0
REG100073,18-08-2023,2023,Karnataka,Thrissur (KL-08),3W,Auto Rickshaw,Kinetic Green,Diesel,BS6,200.0,3,1,False,True,37.17948717948718,99.14529914529915
REG100074,11-10-2022,2022,Karnataka,Surat (GJ-05),2W,Motorcycle,Royal Enfield,EV,BS6,0.0,2,2,True,True,43.333333333333336,96.66666666666667
REG100075,06-06-2023,2023,Karnataka,Udaipur (RJ-27),OTH,Road Roller,John Deere,Diesel,BS6,5660.0,2,1,False,True,37.17948717948718,99.14529914529915
REG100076,21-04-2023,2023,Karnataka,Mysore (KA-09),2W,Moped,Ather,Hybrid,BS6,350.0,2,1,True,True,37.17948717948718,99.14529914529915
REG100077,31-05-2024,2024,Karnataka,Gandhinagar (GJ-18),OTH,Road Roller,Escorts,Diesel,BS6,4998.0,2,0,False,True,41.29032258064516,100.0
REG100078,11-10-2018,2018,Karnataka,Madurai (TN-58),2W,Moped,TVS,Petrol,BS4,160.0,2,6,False,False,40.74074074074074,0.0
REG100079,03-09-2022,2022,Karnataka,Kochi (KL-07),4W,MUV,Hyundai,Petrol,BS6,2179.0,7,2,False,True,43.333333333333336,96.66666666666667
REG100080,23-10-2021,2021,Karnataka,Chennai Central (TN-01),2W,Scooter,Honda,Petrol,BS6,100.0,2,3,False,True,32.88590604026846,94.63087248322147
REG100081,02-08-2019,2019,Karnataka,Coimbatore (TN-37),4W,SUV,Hyundai,Petrol,BS6,1462.0,8,5,False,True,31.32530120481928,9.63855421686747
REG100082,09-11-2022,2022,Karnataka,Siliguri (WB-73),2W,Moped,Suzuki,Petrol,BS6,110.0,2,2,False,True,43.333333333333336,96.66666666666667
REG100083,21-03-2020,2020,Karnataka,Delhi East (DL-02),2W,Motorcycle,TVS,Petrol,BS6,100.0,2,4,False,True,37.5,83.33333333333334
REG100084,24-05-2020,2020,Karnataka,Varanasi (UP-65),4W,MUV,Kia,Petrol,BS4,2179.0,5,4,False,False,37.5,83.33333333333334
REG100085,18-03-2022,2022,Karnataka,Indore (MP-09),HCV,Bus,BharatBenz,Diesel,BS6,5660.0,32,2,False,True,43.333333333333336,96.66666666666667
REG100086,13-08-2023,2023,Karnataka,Bangalore Central (KA-01),2W,Scooter,Ola Electric,Hybrid,BS6,110.0,2,1,True,True,37.17948717948718,99.14529914529915
REG100087,03-11-2022,2022,Karnataka,Durgapur (WB-40),4W,SUV,Renault,Diesel,BS6,800.0,8,2,False,True,43.333333333333336,96.66666666666667
REG100088,27-10-2024,2024,Karnataka,Kozhikode (KL-11),4W,Hatchback,Hyundai,Petrol,BS6,800.0,5,0,False,True,41.29032258064516,100.0
REG100089,03-04-2023,2023,Karnataka,Chandigarh (CH-01),4W,Sedan,MG,Diesel,BS6,1968.0,5,1,False,True,37.17948717948718,99.14529914529915
REG100090,18-06-2019,2019,Karnataka,Mangalore (KA-19),2W,Scooter,Yamaha,CNG,BS4,250.0,2,5,True,False,31.32530120481928,9.63855421686747
REG100091,10-05-2022,2022,Karnataka,Thrissur (KL-08),2W,Scooter,Ather,Petrol,BS6,200.0,2,2,False,True,43.333333333333336,96.66666666666667
REG100092,23-09-2021,2021,Karnataka,Mangalore (KA-19),LCV,Mini Truck,Eicher,Diesel,BS6,3298.0,9,3,False,True,32.88590604026846,94.63087248322147
REG100093,13-08-2019,2019,Karnataka,Siliguri (WB-73),4W,Sedan,Kia,CNG,BS4,2179.0,5,5,True,False,31.32530120481928,9.63855421686747
REG100094,17-02-2018,2018,Karnataka,Aurangabad (MH-20),4W,Sedan,Kia,CNG,BS4,1462.0,5,6,True,False,40.74074074074074,0.0
REG100095,20-05-2021,2021,Karnataka,Kolkata (WB-01),4W,Sedan,MG,EV,BS6,0.0,5,3,True,True,32.88590604026846,94.63087248322147
REG100096,10-03-2024,2024,Karnataka,Howrah (WB-13),3W,Auto Rickshaw,Mahindra,CNG,BS6,200.0,6,0,True,True,41.29032258064516,100.0
REG100097,24-10-2023,2023,Karnataka,Agra (UP-80),HCV,Trailer,Tata Motors,Diesel,BS6,6700.0,2,1,False,True,37.17948717948718,99.14529914529915
REG100098,14-06-2022,2022,Karnataka,Asansol (WB-39),3W,E-Rickshaw,Atul Auto,Petrol,BS6,225.0,3,2,False,True,43.333333333333336,96.66666666666667
REG100099,15-07-2023,2023,Karnataka,Delhi South (DL-09),2W,Scooter,Hero,Petrol,BS6,250.0,2,1,False,True,37.17948717948718,99.14529914529915
REG100100,21-02-2024,2024,Karnataka,Indore (MP-09),3W,Auto Rickshaw,Piaggio,Diesel,BS6,225.0,3,0,False,True,41.29032258064516,100.0
REG100101,28-08-2024,2024,Karnataka,Karimnagar (TS-01),2W,Motorcycle,Suzuki,EV,BS6,0.0,2,0,True,True,41.29032258064516,100.0
REG100102,11-06-2024,2024,Karnataka,Ajmer (RJ-01),4W,Hatchback,Toyota,EV,BS6,0.0,5,0,True,True,41.29032258064516,100.0
REG100103,20-02-2023,2023,Karnataka,Chandigarh (CH-01),2W,Moped,Royal Enfield,Petrol,BS6,110.0,2,1,False,True,37.17948717948718,99.14529914529915
REG100104,03-07-2023,2023,Karnataka,Howrah (WB-13),4W,Hatchback,Maruti Suzuki,Diesel,BS6,1598.0,5,1,False,True,37.17948717948718,99.14529914529915
REG100105,14-11-2019,2019,Karnataka,Coimbatore (TN-37),4W,Sedan,Tata Motors,Petrol,BS4,1462.0,5,5,False,False,31.32530120481928,9.63855421686747
REG100106,26-08-2020,2020,Karnataka,Ludhiana (PB-10),2W,Moped,Royal Enfield,EV,BS6,0.0,2,4,True,True,37.5,83.33333333333334
REG100107,20-12-2021,2021,Karnataka,Ujjain (MP-13),2W,Scooter,Yamaha,EV,BS6,0.0,2,3,True,True,32.88590604026846,94.63087248322147
REG100108,02-07-2020,2020,Karnataka,Durgapur (WB-40),2W,Scooter,KTM,Petrol,BS6,160.0,2,4,False,True,37.5,83.33333333333334
REG100109,26-01-2018,2018,Karnataka,Vadodara (GJ-06),2W,Moped,Suzuki,Petrol,BS4,160.0,2,6,False,False,40.74074074074074,0.0
REG100110,22-11-2023,2023,Karnataka,Thrissur (KL-08),LCV,Pickup Van,Mahindra,CNG,BS6,2956.0,9,1,True,True,37.17948717948718,99.14529914529915
REG100111,09-03-2018,2018,Karnataka,Surat (GJ-05),4W,Hatchback,Kia,Diesel,BS4,1000.0,5,6,False,False,40.74074074074074,0.0
REG100112,26-03-2022,2022,Karnataka,Udaipur (RJ-27),2W,Motorcycle,Ather,Petrol,BS6,160.0,2,2,False,True,43.333333333333336,96.66666666666667
REG100113,25-04-2024,2024,Karnataka,Durgapur (WB-40),4W,SUV,Hyundai,Diesel,BS6,1968.0,7,0,False,True,41.29032258064516,100.0
REG100114,11-12-2021,2021,Karnataka,Mangalore (KA-19),2W,Moped,Honda,EV,BS4,0.0,2,3,True,False,32.88590604026846,94.63087248322147
REG100115,13-11-2020,2020,Karnataka,Jalandhar (PB-08),4W,SUV,Hyundai,EV,BS6,0.0,7,4,True,True,37.5,83.33333333333334
REG100116,24-01-2021,2021,Karnataka,Ludhiana (PB-10),4W,MUV,Kia,EV,BS6,0.0,7,3,True,True,32.88590604026846,94.63087248322147
REG100117,23-12-2022,2022,Karnataka,Kolkata (WB-01),2W,Moped,TVS,Petrol,BS6,400.0,2,2,False,True,43.333333333333336,96.66666666666667
REG100118,12-11-2019,2019,Karnataka,Allahabad (UP-70),4W,Sedan,Honda,EV,BS4,0.0,5,5,True,False,31.32530120481928,9.63855421686747
REG100119,08-07-2019,2019,Karnataka,Nagpur (MH-31),2W,Scooter,Bajaj,Petrol,BS4,400.0,2,5,False,False,31.32530120481928,9.63855421686747
REG100120,16-02-2024,2024,Karnataka,Gwalior (MP-07),2W,Scooter,Bajaj,Petrol,BS6,150.0,2,0,False,True,41.29032258064516,100.0
REG100121,15-04-2024,2024,Karnataka,Ujjain (MP-13),OTH,Tractor,John Deere,Diesel,BS6,3760.0,1,0,False,True,41.29032258064516,100.0
REG100122,02-01-2020,2020,Karnataka,Delhi South (DL-09),2W,Motorcycle,Yamaha,Hybrid,BS6,160.0,2,4,True,True,37.5,83.33333333333334
REG100123,08-01-2024,2024,Karnataka,Coimbatore (TN-37),4W,Sedan,Hyundai,EV,BS6,0.0,5,0,True,True,41.29032258064516,100.0
REG100124,28-02-2023,2023,Karnataka,Amritsar (PB-02),2W,Scooter,Hero,Petrol,BS6,110.0,2,1,False,True,37.17948717948718,99.14529914529915
REG100125,23-01-2020,2020,Karnataka,Siliguri (WB-73),4W,Hatchback,MG,Diesel,BS6,1498.0,5,4,False,True,37.5,83.33333333333334
REG100126,31-12-2023,2023,Karnataka,Kolkata (WB-01),2W,Scooter,Suzuki,Petrol,BS6,350.0,2,1,False,True,37.17948717948718,99.14529914529915
REG100127,27-10-2021,2021,Karnataka,Bangalore Central (KA-01),2W,Motorcycle,Honda,Petrol,BS6,400.0,2,3,False,True,32.88590604026846,94.63087248322147
REG100128,09-08-2022,2022,Karnataka,Kozhikode (KL-11),2W,Moped,Ather,Petrol,BS6,110.0,2,2,False,True,43.333333333333336,96.66666666666667
REG100129,19-08-2024,2024,Karnataka,Thiruvananthapuram (KL-01),LCV,Light Bus,Eicher,EV,BS6,0.0,12,0,True,True,41.29032258064516,100.0
REG100130,11-05-2022,2022,Karnataka,Udaipur (RJ-27),2W,Moped,Honda,Petrol,BS6,200.0,2,2,False,True,43.333333333333336,96.66666666666667
REG100131,10-07-2019,2019,Karnataka,Salem (TN-30),2W,Motorcycle,Honda,EV,BS6,0.0,2,5,True,True,31.32530120481928,9.63855421686747
REG100132,05-08-2021,2021,Karnataka,Hyderabad (TS-09),4W,SUV,Hyundai,Diesel,BS6,800.0,7,3,False,True,32.88590604026846,94.63087248322147
REG100133,24-04-2020,2020,Karnataka,Amritsar (PB-02),2W,Moped,Ather,Petrol,BS6,110.0,2,4,False,True,37.5,83.33333333333334
REG100134,15-11-2023,2023,Karnataka,Ajmer (RJ-01),2W,Scooter,Ola Electric,Petrol,BS6,160.0,2,1,False,True,37.17948717948718,99.14529914529915
REG100135,07-06-2020,2020,Karnataka,Ujjain (MP-13),2W,Moped,Royal Enfield,Petrol,BS4,200.0,2,4,False,False,37.5,83.33333333333334
REG100136,21-11-2021,2021,Karnataka,Jaipur (RJ-14),2W,Motorcycle,Ola Electric,EV,BS6,0.0,2,3,True,True,32.88590604026846,94.63087248322147
REG100137,15-06-2020,2020,Karnataka,Belgaum (KA-22),2W,Scooter,KTM,Petrol,BS6,160.0,2,4,False,True,37.5,83.33333333333334
REG100138,11-02-2022,2022,Karnataka,Chandigarh (CH-01),LCV,Mini Truck,Mahindra,EV,BS6,0.0,9,2,True,True,43.333333333333336,96.66666666666667
REG100139,28-02-2020,2020,Karnataka,Jabalpur (MP-20),3W,E-Rickshaw,Mahindra,CNG,BS6,250.0,3,4,True,True,37.5,83.33333333333334
REG100140,22-07-2021,2021,Karnataka,Hubli (KA-25),4W,MUV,Renault,EV,BS6,0.0,5,3,True,True,32.88590604026846,94.63087248322147
REG100141,12-09-2021,2021,Karnataka,Delhi West (DL-08),HCV,Bus,Volvo,Diesel,BS6,6700.0,32,3,False,True,32.88590604026846,94.63087248322147
REG100142,06-02-2023,2023,Karnataka,Salem (TN-30),4W,Sedan,Renault,CNG,BS6,1968.0,5,1,True,True,37.17948717948718,99.14529914529915
REG100143,30-12-2022,2022,Karnataka,Lucknow (UP-32),3W,Auto Rickshaw,TVS,EV,BS6,0.0,6,2,True,True,43.333333333333336,96.66666666666667
REG100144,05-07-2022,2022,Karnataka,Mangalore (KA-19),2W,Scooter,TVS,EV,BS6,0.0,2,2,True,True,43.333333333333336,96.66666666666667
REG100145,23-06-2019,2019,Karnataka,Lucknow (UP-32),2W,Moped,Suzuki,EV,BS4,0.0,2,5,True,False,31.32530120481928,9.63855421686747
REG100146,28-06-2022,2022,Karnataka,Jodhpur (RJ-19),2W,Moped,Honda,EV,BS4,0.0,2,2,True,False,43.333333333333336,96.66666666666667
REG100147,01-12-2020,2020,Karnataka,Kochi (KL-07),2W,Motorcycle,Royal Enfield,Petrol,BS6,110.0,2,4,False,True,37.5,83.33333333333334
REG100148,26-11-2023,2023,Karnataka,Salem (TN-30),3W,Tempo,Atul Auto,Diesel,BS6,250.0,7,1,False,True,37.17948717948718,99.14529914529915
REG100149,30-10-2021,2021,Karnataka,Jodhpur (RJ-19),2W,Scooter,KTM,EV,BS6,0.0,2,3,True,True,32.88590604026846,94.63087248322147
REG100150,09-02-2018,2018,Karnataka,Ajmer (RJ-01),2W,Scooter,KTM,Petrol,BS4,110.0,2,6,False,False,40.74074074074074,0.0
REG100151,22-01-2024,2024,Karnataka,Patiala (PB-11),3W,E-Rickshaw,Atul Auto,EV,BS6,0.0,3,0,True,True,41.29032258064516,100.0
REG100152,22-02-2024,2024,Karnataka,Indore (MP-09),2W,Scooter,Ather,Petrol,BS6,200.0,2,0,False,True,41.29032258064516,100.0
REG100153,26-09-2023,2023,Karnataka,Thiruvananthapuram (KL-01),3W,Auto Rickshaw,Bajaj,CNG,BS6,225.0,6,1,True,True,37.17948717948718,99.14529914529915
REG100154,21-06-2023,2023,Karnataka,Kota (RJ-20),2W,Scooter,Ola Electric,Petrol,BS6,110.0,2,1,False,True,37.17948717948718,99.14529914529915
REG100155,05-11-2023,2023,Karnataka,Jaipur (RJ-14),4W,MUV,Kia,Petrol,BS6,1197.0,7,1,False,True,37.17948717948718,99.14529914529915
REG100156,08-03-2023,2023,Karnataka,Belgaum (KA-22),4W,SUV,Kia,EV,BS6,0.0,7,1,True,True,37.17948717948718,99.14529914529915
REG100157,17-12-2023,2023,Karnataka,Karimnagar (TS-01),4W,SUV,Tata Motors,EV,BS6,0.0,5,1,True,True,37.17948717948718,99.14529914529915
REG100158,23-06-2020,2020,Karnataka,Jabalpur (MP-20),3W,Auto Rickshaw,TVS,CNG,BS6,225.0,3,4,True,True,37.5,83.33333333333334
REG100159,27-09-2023,2023,Karnataka,Delhi East (DL-02),2W,Scooter,Honda,EV,BS6,0.0,2,1,True,True,37.17948717948718,99.14529914529915
REG100160,03-04-2021,2021,Karnataka,Gwalior (MP-07),LCV,Light Bus,Mahindra,CNG,BS6,2956.0,15,3,True,True,32.88590604026846,94.63087248322147
REG100161,18-08-2022,2022,Karnataka,Kolkata (WB-01),2W,Moped,Bajaj,EV,BS6,0.0,2,2,True,True,43.333333333333336,96.66666666666667
REG100162,14-08-2023,2023,Karnataka,Warangal (TS-03),2W,Scooter,Bajaj,Petrol,BS6,350.0,2,1,False,True,37.17948717948718,99.14529914529915
REG100163,09-05-2023,2023,Karnataka,Rajkot (GJ-03),3W,E-Rickshaw,Piaggio,CNG,BS6,200.0,3,1,True,True,37.17948717948718,99.14529914529915
REG100164,24-03-2021,2021,Karnataka,Durgapur (WB-40),4W,Hatchback,Renault,Petrol,BS4,1498.0,5,3,False,False,32.88590604026846,94.63087248322147
REG100165,31-07-2024,2024,Karnataka,Warangal (TS-03),LCV,Mini Truck,Mahindra,Diesel,BS6,2523.0,9,0,False,True,41.29032258064516,100.0
REG100166,29-11-2018,2018,Karnataka,Nizamabad (TS-05),2W,Motorcycle,Yamaha,Petrol,BS4,200.0,2,6,False,False,40.74074074074074,0.0
REG100167,12-11-2023,2023,Karnataka,Coimbatore (TN-37),2W,Scooter,TVS,Hybrid,BS6,100.0,2,1,True,True,37.17948717948718,99.14529914529915
REG100168,26-02-2022,2022,Karnataka,Bangalore Central (KA-01),2W,Motorcycle,Ather,CNG,BS6,160.0,2,2,True,True,43.333333333333336,96.66666666666667
REG100169,02-02-2023,2023,Karnataka,Delhi West (DL-08),2W,Motorcycle,Suzuki,EV,BS6,0.0,2,1,True,True,37.17948717948718,99.14529914529915
REG100170,30-06-2022,2022,Karnataka,Asansol (WB-39),4W,Sedan,Tata Motors,Petrol,BS6,1462.0,5,2,False,True,43.333333333333336,96.66666666666667
REG100171,11-10-2022,2022,Karnataka,Chennai Central (TN-01),3W,E-Rickshaw,Bajaj,EV,BS6,0.0,3,2,True,True,43.333333333333336,96.66666666666667
REG100172,26-06-2018,2018,Karnataka,Kolkata (WB-01),4W,SUV,Kia,Hybrid,BS4,1462.0,5,6,True,False,40.74074074074074,0.0
REG100173,17-12-2023,2023,Karnataka,Amritsar (PB-02),2W,Scooter,Ather,Petrol,BS6,350.0,2,1,False,True,37.17948717948718,99.14529914529915
REG100174,19-01-2023,2023,Karnataka,Thrissur (KL-08),4W,Sedan,Hyundai,EV,BS6,0.0,5,1,True,True,37.17948717948718,99.14529914529915
REG100175,31-08-2021,2021,Karnataka,Pune (MH-12),LCV,Pickup Van,Ashok Leyland,Diesel,BS6,3298.0,9,3,False,True,32.88590604026846,94.63087248322147
REG100176,12-08-2019,2019,Karnataka,Indore (MP-09),2W,Motorcycle,Yamaha,Petrol,BS4,250.0,2,5,False,False,31.32530120481928,9.63855421686747
REG100177,08-07-2022,2022,Karnataka,Thrissur (KL-08),LCV,Pickup Van,Ashok Leyland,Diesel,BS6,3298.0,9,2,False,True,43.333333333333336,96.66666666666667
REG100178,10-02-2021,2021,Karnataka,Thrissur (KL-08),2W,Moped,TVS,EV,BS6,0.0,2,3,True,True,32.88590604026846,94.63087248322147
REG100179,17-08-2023,2023,Karnataka,Gwalior (MP-07),2W,Moped,Suzuki,Petrol,BS6,100.0,2,1,False,True,37.17948717948718,99.14529914529915
REG100180,08-02-2024,2024,Karnataka,Kozhikode (KL-11),4W,MUV,Kia,EV,BS6,0.0,7,0,True,True,41.29032258064516,100.0
REG100181,06-03-2023,2023,Karnataka,Warangal (TS-03),HCV,Bus,Eicher,CNG,BS6,3760.0,32,1,True,True,37.17948717948718,99.14529914529915
REG100182,08-07-2020,2020,Karnataka,Gwalior (MP-07),2W,Moped,Hero,EV,BS6,0.0,2,4,True,True,37.5,83.33333333333334
REG100183,28-02-2023,2023,Karnataka,Kolkata (WB-01),4W,SUV,Honda,Diesel,BS6,800.0,6,1,False,True,37.17948717948718,99.14529914529915
REG100184,17-08-2023,2023,Karnataka,Asansol (WB-39),2W,Moped,Honda,Petrol,BS6,150.0,2,1,False,True,37.17948717948718,99.14529914529915
REG100185,20-08-2019,2019,Karnataka,Amritsar (PB-02),4W,MUV,Mahindra,Petrol,BS4,1197.0,8,5,False,False,31.32530120481928,9.63855421686747
REG100186,22-03-2021,2021,Karnataka,Hubli (KA-25),4W,Hatchback,Renault,Diesel,BS6,1197.0,5,3,False,True,32.88590604026846,94.63087248322147
REG100187,04-07-2023,2023,Karnataka,Warangal (TS-03),2W,Motorcycle,TVS,Petrol,BS6,400.0,2,1,False,True,37.17948717948718,99.14529914529915
REG100188,07-06-2024,2024,Karnataka,Amritsar (PB-02),3W,Tempo,Piaggio,EV,BS6,0.0,7,0,True,True,41.29032258064516,100.0
REG100189,25-11-2019,2019,Karnataka,Thrissur (KL-08),3W,E-Rickshaw,Atul Auto,CNG,BS4,200.0,3,5,True,False,31.32530120481928,9.63855421686747
REG100190,10-08-2023,2023,Karnataka,Asansol (WB-39),2W,Moped,Ola Electric,Petrol,BS6,400.0,2,1,False,True,37.17948717948718,99.14529914529915
REG100191,26-04-2021,2021,Karnataka,Mumbai Central (MH-01),3W,E-Rickshaw,Piaggio,CNG,BS6,250.0,3,3,True,True,32.88590604026846,94.63087248322147
REG100192,11-11-2019,2019,Karnataka,Ahmedabad (GJ-01),2W,Moped,Ather,Petrol,BS4,400.0,2,5,False,False,31.32530120481928,9.63855421686747
REG100193,22-06-2023,2023,Karnataka,Belgaum (KA-22),4W,Sedan,Tata Motors,EV,BS6,0.0,5,1,True,True,37.17948717948718,99.14529914529915
REG100194,13-11-2023,2023,Karnataka,Bangalore Central (KA-01),HCV,Trailer,MAN,Diesel,BS6,3760.0,2,1,False,True,37.17948717948718,99.14529914529915
REG100195,27-07-2023,2023,Karnataka,Ujjain (MP-13),2W,Scooter,KTM,Petrol,BS6,160.0,2,1,False,True,37.17948717948718,99.14529914529915
REG100196,24-06-2022,2022,Karnataka,Kolkata (WB-01),4W,Sedan,MG,Diesel,BS6,1197.0,5,2,False,True,43.333333333333336,96.66666666666667
REG100197,15-10-2023,2023,Karnataka,Kozhikode (KL-11),4W,SUV,Honda,Petrol,BS6,1000.0,7,1,False,True,37.17948717948718,99.14529914529915
REG100198,16-07-2019,2019,Karnataka,Delhi North (DL-04),2W,Scooter,Bajaj,Petrol,BS4,160.0,2,5,False,False,31.32530120481928,9.63855421686747
REG100199,23-03-2023,2023,Karnataka,Kanpur (UP-78),HCV,Bus,Volvo,Diesel,BS6,6700.0,52,1,False,True,37.17948717948718,99.14529914529915
REG100200,22-08-2024,2024,Karnataka,Siliguri (WB-73),LCV,Pickup Van,Tata Motors,Diesel,BS6,2956.0,9,0,False,True,41.29032258064516,100.0
REG100201,10-12-2024,2024,Karnataka,Amritsar (PB-02),2W,Scooter,KTM,EV,BS6,0.0,2,0,True,True,41.29032258064516,100.0
REG100202,06-07-2024,2024,Karnataka,Gandhinagar (GJ-18),2W,Motorcycle,Suzuki,Petrol,BS6,250.0,2,0,False,True,41.29032258064516,100.0
REG100203,07-02-2021,2021,Karnataka,Jaipur (RJ-14),2W,Moped,Ather,Petrol,BS6,250.0,2,3,False,True,32.88590604026846,94.63087248322147
REG100204,19-02-2022,2022,Karnataka,Karimnagar (TS-01),4W,SUV,Skoda,EV,BS6,0.0,7,2,True,True,43.333333333333336,96.66666666666667
REG100205,21-01-2022,2022,Karnataka,Ajmer (RJ-01),HCV,Bus,Ashok Leyland,Diesel,BS6,3760.0,32,2,False,True,43.333333333333336,96.66666666666667
REG100206,16-06-2024,2024,Karnataka,Madurai (TN-58),4W,MUV,Tata Motors,CNG,BS6,1598.0,6,0,True,True,41.29032258064516,100.0
REG100207,30-09-2022,2022,Karnataka,Allahabad (UP-70),4W,SUV,Skoda,Diesel,BS6,2179.0,7,2,False,True,43.333333333333336,96.66666666666667
REG100208,19-12-2022,2022,Karnataka,Kolkata (WB-01),2W,Moped,Honda,Petrol,BS6,100.0,2,2,False,True,43.333333333333336,96.66666666666667
REG100209,25-10-2020,2020,Karnataka,Jalandhar (PB-08),2W,Moped,Ola Electric,EV,BS6,0.0,2,4,True,True,37.5,83.33333333333334
REG100210,24-12-2020,2020,Karnataka,Trichy (TN-45),4W,MUV,Tata Motors,EV,BS6,0.0,6,4,True,True,37.5,83.33333333333334
REG100211,09-11-2020,2020,Karnataka,Nashik (MH-15),2W,Motorcycle,Suzuki,CNG,BS6,350.0,2,4,True,True,37.5,83.33333333333334
REG100212,26-09-2024,2024,Karnataka,Thiruvananthapuram (KL-01),4W,Sedan,Renault,Diesel,BS6,1968.0,5,0,False,True,41.29032258064516,100.0
REG100213,15-12-2023,2023,Karnataka,Salem (TN-30),HCV,Trailer,Eicher,Diesel,BS6,5660.0,2,1,False,True,37.17948717948718,99.14529914529915
REG100214,27-05-2020,2020,Karnataka,Howrah (WB-13),HCV,Trailer,Eicher,Diesel,BS6,4998.0,2,4,False,True,37.5,83.33333333333334
REG100215,06-10-2019,2019,Karnataka,Udaipur (RJ-27),2W,Moped,Royal Enfield,Petrol,BS4,250.0,2,5,False,False,31.32530120481928,9.63855421686747
REG100216,10-02-2021,2021,Karnataka,Agra (UP-80),HCV,Bus,Volvo,Diesel,BS6,5660.0,45,3,False,True,32.88590604026846,94.63087248322147
REG100217,23-12-2021,2021,Karnataka,Gwalior (MP-07),4W,Sedan,Mahindra,Diesel,BS6,1498.0,5,3,False,True,32.88590604026846,94.63087248322147
REG100218,26-04-2023,2023,Karnataka,Belgaum (KA-22),4W,Sedan,Mahindra,Petrol,BS6,1462.0,5,1,False,True,37.17948717948718,99.14529914529915
REG100219,09-10-2023,2023,Karnataka,Mangalore (KA-19),2W,Scooter,Honda,CNG,BS6,125.0,2,1,True,True,37.17948717948718,99.14529914529915
REG100220,15-02-2021,2021,Karnataka,Varanasi (UP-65),3W,Auto Rickshaw,TVS,CNG,BS6,225.0,7,3,True,True,32.88590604026846,94.63087248322147
REG100221,22-07-2024,2024,Karnataka,Thiruvananthapuram (KL-01),HCV,Bus,BharatBenz,Diesel,BS6,6700.0,32,0,False,True,41.29032258064516,100.0
REG100222,26-05-2022,2022,Karnataka,Kozhikode (KL-11),LCV,Mini Truck,Ashok Leyland,CNG,BS6,3298.0,9,2,True,True,43.333333333333336,96.66666666666667
REG100223,19-06-2021,2021,Karnataka,Khammam (TS-07),3W,Auto Rickshaw,Atul Auto,Diesel,BS6,225.0,7,3,False,True,32.88590604026846,94.63087248322147
REG100224,09-04-2022,2022,Karnataka,Durgapur (WB-40),4W,Hatchback,Toyota,Petrol,BS6,1197.0,5,2,False,True,43.333333333333336,96.66666666666667
REG100225,14-06-2024,2024,Karnataka,Allahabad (UP-70),2W,Scooter,Honda,Petrol,BS6,150.0,2,0,False,True,41.29032258064516,100.0
REG100226,21-10-2021,2021,Karnataka,Nagpur (MH-31),2W,Scooter,Royal Enfield,Petrol,BS6,100.0,2,3,False,True,32.88590604026846,94.63087248322147
REG100227,18-12-2021,2021,Karnataka,Vadodara (GJ-06),4W,Hatchback,Hyundai,Diesel,BS6,1498.0,5,3,False,True,32.88590604026846,94.63087248322147
REG100228,01-09-2020,2020,Karnataka,Thiruvananthapuram (KL-01),4W,SUV,Toyota,CNG,BS6,1197.0,8,4,True,True,37.5,83.33333333333334
REG100229,22-04-2023,2023,Karnataka,Kollam (KL-02),2W,Moped,Ather,EV,BS6,0.0,2,1,True,True,37.17948717948718,99.14529914529915
REG100230,09-02-2022,2022,Karnataka,Ujjain (MP-13),LCV,Mini Truck,Eicher,Diesel,BS6,2523.0,9,2,False,True,43.333333333333336,96.66666666666667
REG100231,15-08-2021,2021,Karnataka,Khammam (TS-07),2W,Moped,TVS,Petrol,BS6,110.0,2,3,False,True,32.88590604026846,94.63087248322147
REG100232,21-08-2022,2022,Karnataka,Indore (MP-09),4W,MUV,Hyundai,Diesel,BS6,1197.0,8,2,False,True,43.333333333333336,96.66666666666667
REG100233,02-01-2018,2018,Karnataka,Asansol (WB-39),2W,Scooter,Royal Enfield,CNG,BS4,150.0,2,6,True,False,40.74074074074074,0.0
REG100234,29-08-2024,2024,Karnataka,Chandigarh (CH-01),2W,Scooter,Honda,EV,BS6,0.0,2,0,True,True,41.29032258064516,100.0
REG100235,17-08-2024,2024,Karnataka,Rajkot (GJ-03),2W,Motorcycle,Suzuki,Petrol,BS6,250.0,2,0,False,True,41.29032258064516,100.0
REG100236,20-07-2020,2020,Karnataka,Lucknow (UP-32),4W,Sedan,Toyota,Petrol,BS6,1462.0,5,4,False,True,37.5,83.33333333333334
REG100237,06-08-2023,2023,Karnataka,Kochi (KL-07),LCV,Mini Truck,Ashok Leyland,Diesel,BS6,2956.0,9,1,False,True,37.17948717948718,99.14529914529915
REG100238,05-12-2023,2023,Karnataka,Delhi North (DL-04),2W,Scooter,Bajaj,CNG,BS6,250.0,2,1,True,True,37.17948717948718,99.14529914529915
REG100239,11-12-2018,2018,Karnataka,Chandigarh (CH-01),2W,Motorcycle,Honda,EV,BS4,0.0,2,6,True,False,40.74074074074074,0.0
REG100240,29-01-2023,2023,Karnataka,Delhi Central (DL-01),2W,Motorcycle,Ather,Petrol,BS4,125.0,2,1,False,False,37.17948717948718,99.14529914529915
REG100241,11-12-2022,2022,Karnataka,Nizamabad (TS-05),2W,Moped,Ola Electric,Petrol,BS4,200.0,2,2,False,False,43.333333333333336,96.66666666666667
REG100242,01-02-2021,2021,Karnataka,Delhi West (DL-08),LCV,Light Bus,Eicher,Diesel,BS6,2956.0,15,3,False,True,32.88590604026846,94.63087248322147
REG100243,13-06-2023,2023,Karnataka,Jabalpur (MP-20),4W,Hatchback,Toyota,EV,BS6,0.0,5,1,True,True,37.17948717948718,99.14529914529915
REG100244,28-12-2024,2024,Karnataka,Madurai (TN-58),2W,Moped,KTM,Petrol,BS6,125.0,2,0,False,True,41.29032258064516,100.0
REG100245,11-05-2019,2019,Karnataka,Kolkata (WB-01),4W,MUV,Renault,Diesel,BS4,1462.0,7,5,False,False,31.32530120481928,9.63855421686747
REG100246,27-01-2023,2023,Karnataka,Bhopal (MP-04),HCV,Trailer,Tata Motors,Diesel,BS6,5660.0,2,1,False,True,37.17948717948718,99.14529914529915
REG100247,14-10-2022,2022,Karnataka,Ujjain (MP-13),4W,Hatchback,Mahindra,Hybrid,BS6,1462.0,5,2,True,True,43.333333333333336,96.66666666666667
REG100248,02-09-2024,2024,Karnataka,Delhi West (DL-08),2W,Motorcycle,Bajaj,Petrol,BS6,150.0,2,0,False,True,41.29032258064516,100.0
REG100249,14-07-2021,2021,Karnataka,Kollam (KL-02),4W,MUV,Mahindra,CNG,BS6,2179.0,7,3,True,True,32.88590604026846,94.63087248322147
REG100250,29-08-2023,2023,Karnataka,Vadodara (GJ-06),2W,Scooter,KTM,Petrol,BS6,200.0,2,1,False,True,37.17948717948718,99.14529914529915
REG100251,14-05-2023,2023,Karnataka,Delhi West (DL-08),2W,Motorcycle,Ola Electric,Petrol,BS6,400.0,2,1,False,True,37.17948717948718,99.14529914529915
REG100252,19-10-2021,2021,Karnataka,Patiala (PB-11),4W,SUV,Tata Motors,Petrol,BS6,1462.0,8,3,False,True,32.88590604026846,94.63087248322147
REG100253,27-03-2020,2020,Karnataka,Nizamabad (TS-05),2W,Scooter,KTM,EV,BS6,0.0,2,4,True,True,37.5,83.33333333333334
REG100254,09-12-2022,2022,Karnataka,Kollam (KL-02),3W,Tempo,Kinetic Green,CNG,BS6,200.0,3,2,True,True,43.333333333333336,96.66666666666667
REG100255,15-09-2020,2020,Karnataka,Kanpur (UP-78),LCV,Mini Truck,Tata Motors,EV,BS6,0.0,9,4,True,True,37.5,83.33333333333334
REG100256,30-07-2018,2018,Karnataka,Aurangabad (MH-20),4W,MUV,MG,Petrol,BS4,800.0,5,6,False,False,40.74074074074074,0.0
REG100257,09-08-2023,2023,Karnataka,Nizamabad (TS-05),4W,SUV,Maruti Suzuki,Diesel,BS6,1197.0,5,1,False,True,37.17948717948718,99.14529914529915
REG100258,16-05-2020,2020,Karnataka,Belgaum (KA-22),2W,Motorcycle,Ola Electric,EV,BS6,0.0,2,4,True,True,37.5,83.33333333333334
REG100259,02-06-2024,2024,Karnataka,Hubli (KA-25),HCV,Tanker,Eicher,Diesel,BS6,3760.0,2,0,False,True,41.29032258064516,100.0
REG100260,29-03-2023,2023,Karnataka,Mangalore (KA-19),2W,Moped,KTM,Petrol,BS6,110.0,2,1,False,True,37.17948717948718,99.14529914529915
REG100261,27-04-2024,2024,Karnataka,Siliguri (WB-73),4W,SUV,Skoda,Petrol,BS6,1462.0,8,0,False,True,41.29032258064516,100.0
REG100262,11-06-2023,2023,Karnataka,Ahmedabad (GJ-01),HCV,Trailer,Eicher,Diesel,BS6,3760.0,2,1,False,True,37.17948717948718,99.14529914529915
REG100263,17-10-2020,2020,Karnataka,Ludhiana (PB-10),4W,MUV,Hyundai,Petrol,BS6,1968.0,7,4,False,True,37.5,83.33333333333334
REG100264,20-02-2024,2024,Karnataka,Kanpur (UP-78),4W,Hatchback,Renault,Hybrid,BS6,1968.0,5,0,True,True,41.29032258064516,100.0
REG100265,09-09-2023,2023,Karnataka,Hubli (KA-25),4W,MUV,Toyota,Petrol,BS6,1462.0,7,1,False,True,37.17948717948718,99.14529914529915
REG100266,13-11-2021,2021,Karnataka,Karimnagar (TS-01),2W,Moped,Ola Electric,EV,BS4,0.0,2,3,True,False,32.88590604026846,94.63087248322147
REG100267,19-07-2023,2023,Karnataka,Delhi Central (DL-01),2W,Motorcycle,Suzuki,CNG,BS6,200.0,2,1,True,True,37.17948717948718,99.14529914529915
REG100268,09-03-2023,2023,Karnataka,Jaipur (RJ-14),2W,Scooter,KTM,Petrol,BS6,110.0,2,1,False,True,37.17948717948718,99.14529914529915
REG100269,01-07-2019,2019,Karnataka,Salem (TN-30),2W,Moped,Ather,Petrol,BS4,400.0,2,5,False,False,31.32530120481928,9.63855421686747
REG100270,13-02-2021,2021,Karnataka,Belgaum (KA-22),4W,SUV,Honda,Petrol,BS6,1498.0,6,3,False,True,32.88590604026846,94.63087248322147
REG100271,10-09-2021,2021,Karnataka,Patiala (PB-11),2W,Scooter,TVS,Petrol,BS6,125.0,2,3,False,True,32.88590604026846,94.63087248322147
REG100272,09-05-2023,2023,Karnataka,Mysore (KA-09),2W,Scooter,Royal Enfield,EV,BS6,0.0,2,1,True,True,37.17948717948718,99.14529914529915
REG100273,22-07-2019,2019,Karnataka,Thrissur (KL-08),4W,Sedan,MG,Petrol,BS4,1598.0,5,5,False,False,31.32530120481928,9.63855421686747
REG100274,22-12-2021,2021,Karnataka,Udaipur (RJ-27),2W,Moped,Ola Electric,Petrol,BS6,150.0,2,3,False,True,32.88590604026846,94.63087248322147
REG100275,09-09-2023,2023,Karnataka,Durgapur (WB-40),2W,Scooter,Yamaha,Petrol,BS6,160.0,2,1,False,True,37.17948717948718,99.14529914529915
REG100276,30-10-2024,2024,Karnataka,Delhi West (DL-08),2W,Scooter,Yamaha,Petrol,BS6,400.0,2,0,False,True,41.29032258064516,100.0
REG100277,20-12-2020,2020,Karnataka,Trichy (TN-45),2W,Moped,KTM,CNG,BS6,110.0,2,4,True,True,37.5,83.33333333333334
REG100278,05-08-2023,2023,Karnataka,Varanasi (UP-65),2W,Scooter,Bajaj,Petrol,BS6,250.0,2,1,False,True,37.17948717948718,99.14529914529915
REG100279,03-08-2022,2022,Karnataka,Mangalore (KA-19),OTH,Crane,Escorts,Diesel,BS6,4998.0,1,2,False,True,43.333333333333336,96.66666666666667
REG100280,30-06-2020,2020,Karnataka,Ajmer (RJ-01),4W,Hatchback,Hyundai,Hybrid,BS4,1197.0,5,4,True,False,37.5,83.33333333333334
REG100281,24-04-2018,2018,Karnataka,Jalandhar (PB-08),HCV,Trailer,BharatBenz,Diesel,BS4,5660.0,2,6,False,False,40.74074074074074,0.0
REG100282,14-12-2021,2021,Karnataka,Khammam (TS-07),4W,Sedan,MG,Diesel,BS4,1462.0,5,3,False,False,32.88590604026846,94.63087248322147
REG100283,14-03-2019,2019,Karnataka,Jaipur (RJ-14),3W,E-Rickshaw,Mahindra,CNG,BS6,250.0,3,5,True,True,31.32530120481928,9.63855421686747
REG100284,23-12-2019,2019,Karnataka,Udaipur (RJ-27),4W,MUV,Toyota,Diesel,BS6,2179.0,7,5,False,True,31.32530120481928,9.63855421686747
REG100285,25-02-2024,2024,Karnataka,Hubli (KA-25),2W,Moped,Honda,Petrol,BS6,125.0,2,0,False,True,41.29032258064516,100.0
REG100286,29-04-2022,2022,Karnataka,Kochi (KL-07),3W,Tempo,Piaggio,CNG,BS6,225.0,7,2,True,True,43.333333333333336,96.66666666666667
REG100287,19-08-2023,2023,Karnataka,Coimbatore (TN-37),4W,MUV,Honda,Petrol,BS6,1968.0,8,1,False,True,37.17948717948718,99.14529914529915
REG100288,06-04-2019,2019,Karnataka,Pune (MH-12),2W,Moped,Honda,EV,BS4,0.0,2,5,True,False,31.32530120481928,9.63855421686747
REG100289,10-06-2022,2022,Karnataka,Jodhpur (RJ-19),3W,E-Rickshaw,Kinetic Green,Diesel,BS6,225.0,3,2,False,True,43.333333333333336,96.66666666666667
REG100290,27-12-2020,2020,Karnataka,Allahabad (UP-70),2W,Scooter,KTM,EV,BS4,0.0,2,4,True,False,37.5,83.33333333333334
REG100291,03-04-2020,2020,Karnataka,Patiala (PB-11),2W,Motorcycle,Yamaha,Petrol,BS6,200.0,2,4,False,True,37.5,83.33333333333334
REG100292,06-04-2022,2022,Karnataka,Kochi (KL-07),3W,E-Rickshaw,Atul Auto,CNG,BS6,225.0,3,2,True,True,43.333333333333336,96.66666666666667
REG100293,13-11-2020,2020,Karnataka,Warangal (TS-03),4W,MUV,Kia,Petrol,BS6,800.0,7,4,False,True,37.5,83.33333333333334
REG100294,17-12-2023,2023,Karnataka,Nashik (MH-15),2W,Scooter,Ather,EV,BS6,0.0,2,1,True,True,37.17948717948718,99.14529914529915
REG100295,30-05-2023,2023,Karnataka,Varanasi (UP-65),3W,Auto Rickshaw,Atul Auto,CNG,BS6,200.0,6,1,True,True,37.17948717948718,99.14529914529915
REG100296,09-10-2023,2023,Karnataka,Delhi South (DL-09),2W,Scooter,Ola Electric,Hybrid,BS6,400.0,2,1,True,True,37.17948717948718,99.14529914529915
REG100297,14-08-2023,2023,Karnataka,Belgaum (KA-22),2W,Moped,Yamaha,EV,BS6,0.0,2,1,True,True,37.17948717948718,99.14529914529915
REG100298,18-08-2024,2024,Karnataka,Delhi North (DL-04),2W,Moped,Bajaj,Petrol,BS6,160.0,2,0,False,True,41.29032258064516,100.0
REG100299,19-12-2023,2023,Karnataka,Jaipur (RJ-14),2W,Motorcycle,Bajaj,Petrol,BS6,200.0,2,1,False,True,37.17948717948718,99.14529914529915
REG100300,31-01-2023,2023,Karnataka,Kollam (KL-02),4W,Sedan,Skoda,Petrol,BS6,1598.0,5,1,False,True,37.17948717948718,99.14529914529915
REG100301,14-12-2022,2022,Karnataka,Patiala (PB-11),2W,Moped,Royal Enfield,Petrol,BS6,110.0,2,2,False,True,43.333333333333336,96.66666666666667
REG100302,08-05-2023,2023,Karnataka,Salem (TN-30),HCV,Trailer,MAN,Diesel,BS6,4998.0,2,1,False,True,37.17948717948718,99.14529914529915
REG100303,20-08-2023,2023,Karnataka,Delhi North (DL-04),3W,Tempo,Kinetic Green,CNG,BS6,200.0,7,1,True,True,37.17948717948718,99.14529914529915
REG100304,17-06-2022,2022,Karnataka,Mangalore (KA-19),3W,E-Rickshaw,Kinetic Green,Diesel,BS6,200.0,3,2,False,True,43.333333333333336,96.66666666666667
REG100305,19-04-2021,2021,Karnataka,Mangalore (KA-19),4W,SUV,Hyundai,Diesel,BS6,2179.0,7,3,False,True,32.88590604026846,94.63087248322147
REG100306,15-12-2024,2024,Karnataka,Kota (RJ-20),2W,Moped,TVS,EV,BS6,0.0,2,0,True,True,41.29032258064516,100.0
REG100307,13-08-2024,2024,Karnataka,Mumbai Central (MH-01),4W,MUV,Maruti Suzuki,Petrol,BS6,2179.0,5,0,False,True,41.29032258064516,100.0
REG100308,17-02-2024,2024,Karnataka,Kanpur (UP-78),OTH,Tractor,John Deere,Diesel,BS6,5660.0,1,0,False,True,41.29032258064516,100.0
REG100309,25-12-2023,2023,Karnataka,Hubli (KA-25),4W,Sedan,Maruti Suzuki,Diesel,BS6,1462.0,5,1,False,True,37.17948717948718,99.14529914529915
REG100310,26-04-2019,2019,Karnataka,Bhopal (MP-04),4W,Hatchback,Mahindra,Diesel,BS4,1498.0,5,5,False,False,31.32530120481928,9.63855421686747
REG100311,28-04-2019,2019,Karnataka,Mumbai Central (MH-01),4W,Hatchback,Honda,EV,BS4,0.0,5,5,True,False,31.32530120481928,9.63855421686747
REG100312,10-03-2021,2021,Karnataka,Thiruvananthapuram (KL-01),2W,Scooter,Royal Enfield,Petrol,BS4,125.0,2,3,False,False,32.88590604026846,94.63087248322147
REG100313,19-03-2023,2023,Karnataka,Belgaum (KA-22),4W,Sedan,MG,Diesel,BS6,1968.0,5,1,False,True,37.17948717948718,99.14529914529915
REG100314,08-08-2023,2023,Karnataka,Delhi Central (DL-01),LCV,Mini Truck,Tata Motors,CNG,BS6,3298.0,9,1,True,True,37.17948717948718,99.14529914529915
REG100315,26-05-2022,2022,Karnataka,Delhi West (DL-08),4W,Sedan,Renault,CNG,BS6,800.0,5,2,True,True,43.333333333333336,96.66666666666667
REG100316,11-09-2023,2023,Karnataka,Delhi South (DL-09),4W,Sedan,Honda,Petrol,BS6,1968.0,5,1,False,True,37.17948717948718,99.14529914529915
REG100317,08-03-2024,2024,Karnataka,Delhi North (DL-04),4W,Hatchback,Renault,Petrol,BS6,1968.0,5,0,False,True,41.29032258064516,100.0
REG100318,15-05-2022,2022,Karnataka,Ajmer (RJ-01),4W,MUV,Hyundai,Petrol,BS6,1462.0,5,2,False,True,43.333333333333336,96.66666666666667
REG100319,26-12-2023,2023,Karnataka,Nashik (MH-15),3W,Tempo,Kinetic Green,Diesel,BS6,225.0,3,1,False,True,37.17948717948718,99.14529914529915
REG100320,15-04-2021,2021,Karnataka,Ujjain (MP-13),4W,Sedan,Kia,Petrol,BS6,1197.0,5,3,False,True,32.88590604026846,94.63087248322147
REG100321,30-01-2022,2022,Karnataka,Allahabad (UP-70),4W,Hatchback,Kia,EV,BS6,0.0,5,2,True,True,43.333333333333336,96.66666666666667
REG100322,31-03-2023,2023,Karnataka,Lucknow (UP-32),3W,Tempo,Bajaj,CNG,BS6,200.0,3,1,True,True,37.17948717948718,99.14529914529915
REG100323,13-05-2022,2022,Karnataka,Kochi (KL-07),4W,Sedan,MG,Diesel,BS6,1197.0,5,2,False,True,43.333333333333336,96.66666666666667
REG100324,26-09-2023,2023,Karnataka,Madurai (TN-58),4W,Hatchback,Maruti Suzuki,Diesel,BS6,1000.0,5,1,False,True,37.17948717948718,99.14529914529915
REG100325,18-10-2021,2021,Karnataka,Kollam (KL-02),4W,MUV,MG,Diesel,BS6,1197.0,7,3,False,True,32.88590604026846,94.63087248322147
REG100326,07-01-2022,2022,Karnataka,Madurai (TN-58),4W,Hatchback,Mahindra,Hybrid,BS6,1462.0,5,2,True,True,43.333333333333336,96.66666666666667
REG100327,02-12-2022,2022,Karnataka,Durgapur (WB-40),2W,Motorcycle,TVS,Petrol,BS6,250.0,2,2,False,True,43.333333333333336,96.66666666666667
REG100328,10-07-2023,2023,Karnataka,Delhi West (DL-08),2W,Moped,Yamaha,Petrol,BS6,110.0,2,1,False,True,37.17948717948718,99.14529914529915
REG100329,25-05-2019,2019,Karnataka,Hyderabad (TS-09),2W,Moped,Hero,Petrol,BS4,160.0,2,5,False,False,31.32530120481928,9.63855421686747
REG100330,15-11-2021,2021,Karnataka,Jaipur (RJ-14),4W,Hatchback,Toyota,Petrol,BS6,1462.0,5,3,False,True,32.88590604026846,94.63087248322147
REG100331,04-01-2023,2023,Karnataka,Ajmer (RJ-01),OTH,Tractor,Escorts,Petrol,BS6,6700.0,1,1,False,True,37.17948717948718,99.14529914529915
REG100332,12-07-2018,2018,Karnataka,Delhi South (DL-09),2W,Moped,Hero,Petrol,BS4,160.0,2,6,False,False,40.74074074074074,0.0
REG100333,30-12-2024,2024,Karnataka,Mysore (KA-09),3W,Auto Rickshaw,Mahindra,Diesel,BS6,250.0,3,0,False,True,41.29032258064516,100.0
REG100334,13-02-2024,2024,Karnataka,Pune (MH-12),LCV,Light Bus,Force Motors,CNG,BS6,2523.0,15,0,True,True,41.29032258064516,100.0
REG100335,02-05-2023,2023,Karnataka,Salem (TN-30),2W,Moped,Hero,EV,BS6,0.0,2,1,True,True,37.17948717948718,99.14529914529915
REG100336,20-05-2021,2021,Karnataka,Vadodara (GJ-06),HCV,Tanker,MAN,CNG,BS6,4998.0,2,3,True,True,32.88590604026846,94.63087248322147
REG100337,09-06-2020,2020,Karnataka,Delhi East (DL-02),4W,Hatchback,Tata Motors,Petrol,BS6,1968.0,5,4,False,True,37.5,83.33333333333334
REG100338,16-02-2022,2022,Karnataka,Nizamabad (TS-05),HCV,Bus,BharatBenz,Diesel,BS6,4998.0,32,2,False,True,43.333333333333336,96.66666666666667
REG100339,22-07-2023,2023,Karnataka,Kollam (KL-02),2W,Scooter,TVS,Petrol,BS6,400.0,2,1,False,True,37.17948717948718,99.14529914529915
REG100340,08-10-2024,2024,Karnataka,Nagpur (MH-31),2W,Motorcycle,Hero,Petrol,BS6,150.0,2,0,False,True,41.29032258064516,100.0
REG100341,24-04-2019,2019,Karnataka,Mangalore (KA-19),2W,Motorcycle,Honda,Petrol,BS6,125.0,2,5,False,True,31.32530120481928,9.63855421686747
REG100342,12-01-2022,2022,Karnataka,Delhi North (DL-04),2W,Moped,Honda,EV,BS6,0.0,2,2,True,True,43.333333333333336,96.66666666666667
REG100343,26-01-2018,2018,Karnataka,Delhi North (DL-04),4W,Hatchback,Toyota,Petrol,BS4,1197.0,5,6,False,False,40.74074074074074,0.0
REG100344,05-04-2020,2020,Karnataka,Thrissur (KL-08),3W,E-Rickshaw,Kinetic Green,Diesel,BS6,250.0,3,4,False,True,37.5,83.33333333333334
REG100345,30-07-2023,2023,Karnataka,Howrah (WB-13),2W,Moped,Ola Electric,Petrol,BS6,400.0,2,1,False,True,37.17948717948718,99.14529914529915
REG100346,07-05-2020,2020,Karnataka,Kolkata (WB-01),2W,Scooter,TVS,Petrol,BS6,400.0,2,4,False,True,37.5,83.33333333333334
REG100347,17-10-2023,2023,Karnataka,Nashik (MH-15),4W,SUV,MG,Diesel,BS6,1498.0,7,1,False,True,37.17948717948718,99.14529914529915
REG100348,24-05-2018,2018,Karnataka,Agra (UP-80),2W,Scooter,Ola Electric,Petrol,BS3,100.0,2,6,False,False,40.74074074074074,0.0
REG100349,04-05-2019,2019,Karnataka,Asansol (WB-39),2W,Moped,Bajaj,Petrol,BS4,160.0,2,5,False,False,31.32530120481928,9.63855421686747
REG100350,01-04-2021,2021,Karnataka,Hyderabad (TS-09),4W,Sedan,Skoda,Diesel,BS6,1462.0,5,3,False,True,32.88590604026846,94.63087248322147
REG100351,16-10-2021,2021,Karnataka,Kozhikode (KL-11),HCV,Truck,MAN,CNG,BS6,4998.0,2,3,True,True,32.88590604026846,94.63087248322147
REG100352,05-11-2019,2019,Karnataka,Delhi North (DL-04),4W,Sedan,MG,Petrol,BS4,1462.0,5,5,False,False,31.32530120481928,9.63855421686747
REG100353,15-06-2021,2021,Karnataka,Karimnagar (TS-01),2W,Moped,Bajaj,Petrol,BS6,100.0,2,3,False,True,32.88590604026846,94.63087248322147
REG100354,10-07-2024,2024,Karnataka,Pune (MH-12),4W,Sedan,Hyundai,Diesel,BS6,1968.0,5,0,False,True,41.29032258064516,100.0
REG100355,11-06-2024,2024,Karnataka,Kota (RJ-20),2W,Motorcycle,Suzuki,EV,BS6,0.0,2,0,True,True,41.29032258064516,100.0
REG100356,13-07-2022,2022,Karnataka,Kollam (KL-02),4W,SUV,Mahindra,EV,BS6,0.0,7,2,True,True,43.333333333333336,96.66666666666667
REG100357,09-11-2020,2020,Karnataka,Coimbatore (TN-37),4W,MUV,Skoda,Petrol,BS6,1462.0,5,4,False,True,37.5,83.33333333333334
REG100358,21-11-2024,2024,Karnataka,Howrah (WB-13),2W,Motorcycle,Bajaj,Petrol,BS6,110.0,2,0,False,True,41.29032258064516,100.0
REG100359,12-05-2023,2023,Karnataka,Kozhikode (KL-11),2W,Scooter,Bajaj,Petrol,BS6,110.0,2,1,False,True,37.17948717948718,99.14529914529915
REG100360,12-07-2024,2024,Karnataka,Thiruvananthapuram (KL-01),2W,Scooter,Suzuki,Petrol,BS6,200.0,2,0,False,True,41.29032258064516,100.0
REG100361,25-03-2023,2023,Karnataka,Karimnagar (TS-01),2W,Scooter,Ola Electric,EV,BS6,0.0,2,1,True,True,37.17948717948718,99.14529914529915
REG100362,12-07-2019,2019,Karnataka,Bangalore Central (KA-01),2W,Scooter,Royal Enfield,Petrol,BS4,125.0,2,5,False,False,31.32530120481928,9.63855421686747
REG100363,26-12-2024,2024,Karnataka,Thiruvananthapuram (KL-01),4W,Hatchback,Toyota,CNG,BS6,800.0,5,0,True,True,41.29032258064516,100.0
REG100364,08-04-2019,2019,Karnataka,Indore (MP-09),4W,MUV,Tata Motors,Petrol,BS4,1968.0,7,5,False,False,31.32530120481928,9.63855421686747
REG100365,20-03-2022,2022,Karnataka,Gwalior (MP-07),2W,Motorcycle,Hero,Petrol,BS6,100.0,2,2,False,True,43.333333333333336,96.66666666666667
REG100366,15-04-2020,2020,Karnataka,Jaipur (RJ-14),2W,Scooter,Ola Electric,EV,BS6,0.0,2,4,True,True,37.5,83.33333333333334
REG100367,08-09-2023,2023,Karnataka,Gwalior (MP-07),OTH,Crane,Mahindra,Diesel,BS6,5660.0,1,1,False,True,37.17948717948718,99.14529914529915
REG100368,14-05-2020,2020,Karnataka,Ujjain (MP-13),2W,Scooter,Suzuki,Petrol,BS6,350.0,2,4,False,True,37.5,83.33333333333334
REG100369,07-12-2020,2020,Karnataka,Durgapur (WB-40),2W,Scooter,Ola Electric,Petrol,BS4,110.0,2,4,False,False,37.5,83.33333333333334
REG100370,25-09-2022,2022,Karnataka,Hubli (KA-25),4W,MUV,Skoda,Petrol,BS6,1968.0,8,2,False,True,43.333333333333336,96.66666666666667
REG100371,22-09-2018,2018,Karnataka,Ludhiana (PB-10),3W,Auto Rickshaw,Mahindra,Petrol,BS4,225.0,3,6,False,False,40.74074074074074,0.0
REG100372,10-02-2019,2019,Karnataka,Howrah (WB-13),HCV,Bus,Ashok Leyland,Diesel,BS4,6700.0,32,5,False,False,31.32530120481928,9.63855421686747
REG100373,14-02-2024,2024,Karnataka,Indore (MP-09),LCV,Pickup Van,Ashok Leyland,EV,BS6,0.0,9,0,True,True,41.29032258064516,100.0
REG100374,24-12-2024,2024,Karnataka,Allahabad (UP-70),2W,Scooter,Ather,EV,BS6,0.0,2,0,True,True,41.29032258064516,100.0
REG100375,25-10-2020,2020,Karnataka,Patiala (PB-11),4W,Hatchback,Honda,Petrol,BS6,1000.0,5,4,False,True,37.5,83.33333333333334
REG100376,20-10-2021,2021,Karnataka,Chandigarh (CH-01),4W,SUV,Honda,Petrol,BS6,2179.0,5,3,False,True,32.88590604026846,94.63087248322147
REG100377,22-07-2023,2023,Karnataka,Madurai (TN-58),2W,Moped,Ola Electric,CNG,BS6,200.0,2,1,True,True,37.17948717948718,99.14529914529915
REG100378,09-06-2018,2018,Karnataka,Kochi (KL-07),2W,Scooter,Royal Enfield,Petrol,BS4,160.0,2,6,False,False,40.74074074074074,0.0
REG100379,13-06-2024,2024,Karnataka,Kolkata (WB-01),OTH,Tractor,TAFE,Diesel,BS6,5660.0,1,0,False,True,41.29032258064516,100.0
REG100380,11-07-2022,2022,Karnataka,Chandigarh (CH-01),2W,Motorcycle,Suzuki,CNG,BS6,100.0,2,2,True,True,43.333333333333336,96.66666666666667
REG100381,19-10-2019,2019,Karnataka,Warangal (TS-03),2W,Moped,Ather,Petrol,BS4,100.0,2,5,False,False,31.32530120481928,9.63855421686747
REG100382,04-07-2018,2018,Karnataka,Coimbatore (TN-37),LCV,Mini Truck,Tata Motors,Diesel,BS4,2956.0,9,6,False,False,40.74074074074074,0.0
REG100383,08-09-2018,2018,Karnataka,Udaipur (RJ-27),3W,Tempo,Bajaj,EV,BS4,0.0,3,6,True,False,40.74074074074074,0.0
REG100384,16-02-2023,2023,Karnataka,Asansol (WB-39),4W,SUV,Tata Motors,Petrol,BS6,1498.0,5,1,False,True,37.17948717948718,99.14529914529915
REG100385,16-04-2023,2023,Karnataka,Lucknow (UP-32),2W,Moped,Bajaj,Petrol,BS6,160.0,2,1,False,True,37.17948717948718,99.14529914529915
REG100386,29-03-2024,2024,Karnataka,Jabalpur (MP-20),3W,Tempo,Bajaj,Diesel,BS6,200.0,3,0,False,True,41.29032258064516,100.0
REG100387,23-08-2024,2024,Karnataka,Gandhinagar (GJ-18),4W,SUV,Kia,Diesel,BS6,1498.0,6,0,False,True,41.29032258064516,100.0
REG100388,11-07-2018,2018,Karnataka,Durgapur (WB-40),4W,MUV,Skoda,Petrol,BS4,1462.0,7,6,False,False,40.74074074074074,0.0
REG100389,14-05-2021,2021,Karnataka,Ahmedabad (GJ-01),3W,E-Rickshaw,TVS,EV,BS6,0.0,3,3,True,True,32.88590604026846,94.63087248322147
REG100390,13-03-2023,2023,Karnataka,Trichy (TN-45),4W,Hatchback,Skoda,Diesel,BS6,800.0,5,1,False,True,37.17948717948718,99.14529914529915
REG100391,20-10-2018,2018,Karnataka,Vadodara (GJ-06),LCV,Pickup Van,Force Motors,EV,BS4,0.0,9,6,True,False,40.74074074074074,0.0
REG100392,03-12-2021,2021,Karnataka,Kochi (KL-07),4W,MUV,Toyota,Diesel,BS6,1480.0,6,3,False,True,32.88590604026846,94.63087248322147
REG100393,04-04-2023,2023,Karnataka,Ahmedabad (GJ-01),3W,Tempo,TVS,Petrol,BS6,250.0,7,1,False,True,37.17948717948718,99.14529914529915
REG100394,10-07-2023,2023,Karnataka,Mysore (KA-09),2W,Moped,Royal Enfield,Petrol,BS6,160.0,2,1,False,True,37.17948717948718,99.14529914529915
REG100395,24-10-2024,2024,Karnataka,Amritsar (PB-02),3W,Auto Rickshaw,Mahindra,CNG,BS6,200.0,6,0,True,True,41.29032258064516,100.0
REG100396,19-03-2021,2021,Karnataka,Delhi South (DL-09),2W,Moped,Suzuki,EV,BS6,0.0,2,3,True,True,32.88590604026846,94.63087248322147
REG100397,03-04-2021,2021,Karnataka,Delhi West (DL-08),2W,Moped,KTM,Petrol,BS6,110.0,2,3,False,True,32.88590604026846,94.63087248322147
REG100398,21-05-2018,2018,Karnataka,Durgapur (WB-40),4W,Sedan,Toyota,EV,BS4,0.0,5,6,True,False,40.74074074074074,0.0
REG100399,26-07-2022,2022,Karnataka,Ludhiana (PB-10),3W,Auto Rickshaw,Piaggio,EV,BS6,0.0,6,2,True,True,43.333333333333336,96.66666666666667
REG100400,28-09-2024,2024,Karnataka,Lucknow (UP-32),2W,Motorcycle,Yamaha,Petrol,BS6,150.0,2,0,False,True,41.29032258064516,100.0
REG100401,07-03-2024,2024,Karnataka,Mumbai Central (MH-01),4W,Sedan,Mahindra,EV,BS6,0.0,5,0,True,True,41.29032258064516,100.0
REG100402,23-09-2024,2024,Karnataka,Khammam (TS-07),2W,Motorcycle,Hero,Petrol,BS6,150.0,2,0,False,True,41.29032258064516,100.0
REG100403,02-07-2024,2024,Karnataka,Nizamabad (TS-05),2W,Moped,TVS,Petrol,BS6,150.0,2,0,False,True,41.29032258064516,100.0
REG100404,16-09-2023,2023,Karnataka,Salem (TN-30),2W,Motorcycle,TVS,Petrol,BS6,125.0,2,1,False,True,37.17948717948718,99.14529914529915
REG100405,15-11-2020,2020,Karnataka,Hubli (KA-25),4W,Hatchback,Honda,EV,BS6,0.0,5,4,True,True,37.5,83.33333333333334
REG100406,14-07-2019,2019,Karnataka,Bhopal (MP-04),4W,Hatchback,Maruti Suzuki,EV,BS4,0.0,5,5,True,False,31.32530120481928,9.63855421686747
REG100407,06-12-2022,2022,Karnataka,Howrah (WB-13),2W,Moped,Hero,Petrol,BS6,400.0,2,2,False,True,43.333333333333336,96.66666666666667
REG100408,02-03-2022,2022,Karnataka,Gandhinagar (GJ-18),4W,Sedan,Honda,Petrol,BS6,1498.0,5,2,False,True,43.333333333333336,96.66666666666667
REG100409,26-12-2024,2024,Karnataka,Mangalore (KA-19),2W,Motorcycle,Royal Enfield,EV,BS6,0.0,2,0,True,True,41.29032258064516,100.0
REG100410,30-04-2024,2024,Karnataka,Surat (GJ-05),2W,Scooter,Bajaj,CNG,BS6,100.0,2,0,True,True,41.29032258064516,100.0
REG100411,18-09-2024,2024,Karnataka,Mumbai Central (MH-01),LCV,Light Bus,Force Motors,Diesel,BS6,2523.0,15,0,False,True,41.29032258064516,100.0
REG100412,15-05-2024,2024,Karnataka,Thiruvananthapuram (KL-01),LCV,Light Bus,Mahindra,Diesel,BS6,2956.0,9,0,False,True,41.29032258064516,100.0
REG100413,01-03-2021,2021,Karnataka,Mysore (KA-09),LCV,Pickup Van,Ashok Leyland,CNG,BS6,2523.0,9,3,True,True,32.88590604026846,94.63087248322147
REG100414,17-05-2024,2024,Karnataka,Pune (MH-12),4W,Sedan,Toyota,Diesel,BS6,1000.0,5,0,False,True,41.29032258064516,100.0
REG100415,02-09-2023,2023,Karnataka,Jodhpur (RJ-19),2W,Scooter,KTM,Petrol,BS6,250.0,2,1,False,True,37.17948717948718,99.14529914529915
REG100416,05-09-2019,2019,Karnataka,Indore (MP-09),2W,Moped,Hero,Petrol,BS4,160.0,2,5,False,False,31.32530120481928,9.63855421686747
REG100417,08-03-2018,2018,Karnataka,Jabalpur (MP-20),2W,Scooter,Yamaha,EV,BS4,0.0,2,6,True,False,40.74074074074074,0.0
REG100418,07-01-2021,2021,Karnataka,Kolkata (WB-01),LCV,Pickup Van,Tata Motors,Diesel,BS6,2956.0,9,3,False,True,32.88590604026846,94.63087248322147
REG100419,08-05-2022,2022,Karnataka,Ajmer (RJ-01),3W,Tempo,Atul Auto,CNG,BS6,225.0,6,2,True,True,43.333333333333336,96.66666666666667
REG100420,16-09-2018,2018,Karnataka,Jabalpur (MP-20),2W,Moped,Ola Electric,Petrol,BS4,350.0,2,6,False,False,40.74074074074074,0.0
REG100421,26-01-2021,2021,Karnataka,Howrah (WB-13),2W,Scooter,Yamaha,Petrol,BS6,400.0,2,3,False,True,32.88590604026846,94.63087248322147
REG100422,18-08-2022,2022,Karnataka,Delhi South (DL-09),4W,MUV,Mahindra,Petrol,BS6,1000.0,8,2,False,True,43.333333333333336,96.66666666666667
REG100423,13-10-2021,2021,Karnataka,Durgapur (WB-40),2W,Scooter,Hero,Petrol,BS6,400.0,2,3,False,True,32.88590604026846,94.63087248322147
REG100424,21-08-2020,2020,Karnataka,Mumbai Central (MH-01),4W,SUV,Renault,CNG,BS4,1598.0,7,4,True,False,37.5,83.33333333333334
REG100425,03-12-2022,2022,Karnataka,Pune (MH-12),LCV,Pickup Van,Eicher,EV,BS6,0.0,9,2,True,True,43.333333333333336,96.66666666666667
REG100426,30-05-2021,2021,Karnataka,Kolkata (WB-01),2W,Moped,Bajaj,Petrol,BS6,400.0,2,3,False,True,32.88590604026846,94.63087248322147
REG100427,28-07-2020,2020,Karnataka,Nizamabad (TS-05),4W,Hatchback,Tata Motors,Diesel,BS4,1000.0,5,4,False,False,37.5,83.33333333333334
REG100428,23-06-2023,2023,Karnataka,Ludhiana (PB-10),2W,Scooter,Bajaj,EV,BS6,0.0,2,1,True,True,37.17948717948718,99.14529914529915
REG100429,10-03-2023,2023,Karnataka,Lucknow (UP-32),HCV,Truck,BharatBenz,Diesel,BS6,6700.0,2,1,False,True,37.17948717948718,99.14529914529915
REG100430,31-03-2024,2024,Karnataka,Hyderabad (TS-09),4W,MUV,Skoda,Diesel,BS6,1197.0,6,0,False,True,41.29032258064516,100.0
REG100431,21-12-2021,2021,Karnataka,Mangalore (KA-19),4W,SUV,Renault,Diesel,BS6,1462.0,7,3,False,True,32.88590604026846,94.63087248322147
REG100432,20-09-2021,2021,Karnataka,Agra (UP-80),OTH,Crane,TAFE,Diesel,BS6,5660.0,1,3,False,True,32.88590604026846,94.63087248322147
REG100433,26-06-2023,2023,Karnataka,Ajmer (RJ-01),4W,Sedan,Mahindra,CNG,BS6,1197.0,5,1,True,True,37.17948717948718,99.14529914529915
REG100434,26-10-2021,2021,Karnataka,Khammam (TS-07),4W,SUV,Hyundai,Hybrid,BS6,1968.0,7,3,True,True,32.88590604026846,94.63087248322147
REG100435,13-04-2018,2018,Karnataka,Lucknow (UP-32),3W,Auto Rickshaw,Mahindra,CNG,BS4,250.0,3,6,True,False,40.74074074074074,0.0
REG100436,03-07-2023,2023,Karnataka,Vadodara (GJ-06),2W,Motorcycle,Royal Enfield,Petrol,BS6,350.0,2,1,False,True,37.17948717948718,99.14529914529915
REG100437,19-07-2023,2023,Karnataka,Belgaum (KA-22),LCV,Light Bus,Eicher,Diesel,BS6,2956.0,15,1,False,True,37.17948717948718,99.14529914529915
REG100438,10-06-2021,2021,Karnataka,Kozhikode (KL-11),4W,Hatchback,Honda,Diesel,BS6,1498.0,5,3,False,True,32.88590604026846,94.63087248322147
REG100439,08-07-2023,2023,Karnataka,Nagpur (MH-31),2W,Scooter,Bajaj,EV,BS6,0.0,2,1,True,True,37.17948717948718,99.14529914529915
REG100440,08-02-2022,2022,Karnataka,Khammam (TS-07),2W,Moped,Bajaj,Petrol,BS6,125.0,2,2,False,True,43.333333333333336,96.66666666666667
REG100441,24-03-2022,2022,Karnataka,Trichy (TN-45),2W,Motorcycle,Suzuki,Petrol,BS6,150.0,2,2,False,True,43.333333333333336,96.66666666666667
REG100442,01-11-2020,2020,Karnataka,Ahmedabad (GJ-01),2W,Moped,TVS,Petrol,BS6,100.0,2,4,False,True,37.5,83.33333333333334
REG100443,29-12-2022,2022,Karnataka,Ujjain (MP-13),LCV,Pickup Van,Force Motors,CNG,BS6,3298.0,9,2,True,True,43.333333333333336,96.66666666666667
REG100444,17-02-2022,2022,Karnataka,Delhi East (DL-02),3W,Tempo,Piaggio,Diesel,BS6,250.0,3,2,False,True,43.333333333333336,96.66666666666667
REG100445,15-10-2022,2022,Karnataka,Delhi West (DL-08),2W,Scooter,Bajaj,Hybrid,BS6,100.0,2,2,True,True,43.333333333333336,96.66666666666667
REG100446,15-12-2020,2020,Karnataka,Hubli (KA-25),2W,Moped,Ola Electric,EV,BS6,0.0,2,4,True,True,37.5,83.33333333333334
REG100447,10-07-2024,2024,Karnataka,Lucknow (UP-32),2W,Moped,Royal Enfield,Petrol,BS6,400.0,2,0,False,True,41.29032258064516,100.0
REG100448,19-02-2021,2021,Karnataka,Karimnagar (TS-01),3W,E-Rickshaw,Kinetic Green,CNG,BS6,225.0,3,3,True,True,32.88590604026846,94.63087248322147
REG100449,16-04-2022,2022,Karnataka,Hyderabad (TS-09),4W,Sedan,Mahindra,EV,BS6,0.0,5,2,True,True,43.333333333333336,96.66666666666667
REG100450,14-02-2023,2023,Karnataka,Bhopal (MP-04),4W,Sedan,Maruti Suzuki,Diesel,BS6,1000.0,5,1,False,True,37.17948717948718,99.14529914529915
REG100451,27-07-2021,2021,Karnataka,Madurai (TN-58),4W,Sedan,Kia,Diesel,BS6,1968.0,5,3,False,True,32.88590604026846,94.63087248322147
REG100452,24-01-2023,2023,Karnataka,Nashik (MH-15),4W,Hatchback,Skoda,Petrol,BS6,1000.0,5,1,False,True,37.17948717948718,99.14529914529915
REG100453,13-08-2019,2019,Karnataka,Hyderabad (TS-09),2W,Moped,Royal Enfield,EV,BS6,0.0,2,5,True,True,31.32530120481928,9.63855421686747
REG100454,01-06-2023,2023,Karnataka,Lucknow (UP-32),3W,Tempo,Piaggio,CNG,BS6,225.0,6,1,True,True,37.17948717948718,99.14529914529915
REG100455,03-01-2020,2020,Karnataka,Gwalior (MP-07),HCV,Truck,Eicher,Diesel,BS6,5660.0,2,4,False,True,37.5,83.33333333333334
REG100456,26-06-2023,2023,Karnataka,Allahabad (UP-70),4W,Hatchback,Kia,Petrol,BS6,1462.0,5,1,False,True,37.17948717948718,99.14529914529915
REG100457,28-02-2023,2023,Karnataka,Ujjain (MP-13),2W,Motorcycle,Bajaj,EV,BS6,0.0,2,1,True,True,37.17948717948718,99.14529914529915
REG100458,10-12-2022,2022,Karnataka,Ujjain (MP-13),LCV,Light Bus,Force Motors,CNG,BS6,2523.0,12,2,True,True,43.333333333333336,96.66666666666667
REG100459,01-05-2019,2019,Karnataka,Mysore (KA-09),4W,MUV,Toyota,Diesel,BS4,1000.0,7,5,False,False,31.32530120481928,9.63855421686747
REG100460,06-06-2021,2021,Karnataka,Chandigarh (CH-01),LCV,Pickup Van,Force Motors,Diesel,BS6,2956.0,9,3,False,True,32.88590604026846,94.63087248322147
REG100461,31-12-2021,2021,Karnataka,Amritsar (PB-02),4W,MUV,Tata Motors,Petrol,BS6,1968.0,7,3,False,True,32.88590604026846,94.63087248322147
REG100462,06-06-2022,2022,Karnataka,Jodhpur (RJ-19),4W,SUV,MG,Diesel,BS4,2179.0,5,2,False,False,43.333333333333336,96.66666666666667
REG100463,16-11-2020,2020,Karnataka,Trichy (TN-45),2W,Scooter,TVS,EV,BS4,0.0,2,4,True,False,37.5,83.33333333333334
REG100464,30-10-2022,2022,Karnataka,Thiruvananthapuram (KL-01),LCV,Light Bus,Tata Motors,CNG,BS4,2956.0,9,2,True,False,43.333333333333336,96.66666666666667
REG100465,29-10-2021,2021,Karnataka,Nizamabad (TS-05),4W,MUV,Tata Motors,Diesel,BS4,1498.0,6,3,False,False,32.88590604026846,94.63087248322147
REG100466,11-11-2018,2018,Karnataka,Asansol (WB-39),3W,E-Rickshaw,TVS,Diesel,BS4,225.0,3,6,False,False,40.74074074074074,0.0
REG100467,04-09-2024,2024,Karnataka,Salem (TN-30),2W,Moped,Ola Electric,EV,BS6,0.0,2,0,True,True,41.29032258064516,100.0
REG100468,09-12-2021,2021,Karnataka,Pune (MH-12),4W,Sedan,Hyundai,Petrol,BS6,1462.0,5,3,False,True,32.88590604026846,94.63087248322147
REG100469,24-09-2021,2021,Karnataka,Varanasi (UP-65),HCV,Truck,Tata Motors,Diesel,BS6,5660.0,2,3,False,True,32.88590604026846,94.63087248322147
REG100470,22-09-2022,2022,Karnataka,Patiala (PB-11),4W,MUV,Honda,Diesel,BS6,1498.0,8,2,False,True,43.333333333333336,96.66666666666667
REG100471,13-09-2024,2024,Karnataka,Delhi South (DL-09),2W,Scooter,KTM,EV,BS6,0.0,2,0,True,True,41.29032258064516,100.0
REG100472,04-07-2020,2020,Karnataka,Howrah (WB-13),2W,Moped,Royal Enfield,Petrol,BS6,160.0,2,4,False,True,37.5,83.33333333333334
REG100473,03-09-2019,2019,Karnataka,Thiruvananthapuram (KL-01),4W,MUV,Toyota,Hybrid,BS4,2179.0,6,5,True,False,31.32530120481928,9.63855421686747
REG100474,31-10-2018,2018,Karnataka,Ludhiana (PB-10),4W,MUV,Maruti Suzuki,Petrol,BS4,1197.0,6,6,False,False,40.74074074074074,0.0
REG100475,21-09-2020,2020,Karnataka,Ujjain (MP-13),2W,Moped,TVS,Petrol,BS6,250.0,2,4,False,True,37.5,83.33333333333334
REG100476,04-09-2022,2022,Karnataka,Patiala (PB-11),4W,SUV,Hyundai,Petrol,BS6,1197.0,6,2,False,True,43.333333333333336,96.66666666666667
REG100477,27-03-2023,2023,Karnataka,Allahabad (UP-70),2W,Moped,TVS,EV,BS6,0.0,2,1,True,True,37.17948717948718,99.14529914529915
REG100478,14-04-2019,2019,Karnataka,Asansol (WB-39),4W,Sedan,Honda,Diesel,BS4,1462.0,5,5,False,False,31.32530120481928,9.63855421686747
REG100479,15-09-2018,2018,Karnataka,Trichy (TN-45),2W,Scooter,Ola Electric,EV,BS4,0.0,2,6,True,False,40.74074074074074,0.0
REG100480,24-12-2022,2022,Karnataka,Mangalore (KA-19),4W,Hatchback,Honda,Diesel,BS6,1498.0,5,2,False,True,43.333333333333336,96.66666666666667
REG100481,23-12-2023,2023,Karnataka,Delhi North (DL-04),4W,MUV,Toyota,CNG,BS6,1000.0,8,1,True,True,37.17948717948718,99.14529914529915
REG100482,29-07-2022,2022,Karnataka,Madurai (TN-58),3W,Auto Rickshaw,Bajaj,CNG,BS6,250.0,3,2,True,True,43.333333333333336,96.66666666666667
REG100483,19-12-2021,2021,Karnataka,Mumbai Central (MH-01),4W,Hatchback,Renault,Petrol,BS6,1598.0,5,3,False,True,32.88590604026846,94.63087248322147
REG100484,05-08-2021,2021,Karnataka,Jaipur (RJ-14),2W,Moped,Ola Electric,Petrol,BS6,160.0,2,3,False,True,32.88590604026846,94.63087248322147
REG100485,12-10-2020,2020,Karnataka,Ajmer (RJ-01),2W,Moped,Suzuki,Hybrid,BS6,350.0,2,4,True,True,37.5,83.33333333333334
REG100486,28-12-2022,2022,Karnataka,Madurai (TN-58),4W,MUV,Kia,Petrol,BS4,1968.0,6,2,False,False,43.333333333333336,96.66666666666667
REG100487,22-06-2020,2020,Karnataka,Bhopal (MP-04),4W,MUV,Tata Motors,Petrol,BS6,1462.0,5,4,False,True,37.5,83.33333333333334
REG100488,11-08-2022,2022,Karnataka,Salem (TN-30),HCV,Truck,Tata Motors,Diesel,BS6,3760.0,2,2,False,True,43.333333333333336,96.66666666666667
REG100489,11-11-2021,2021,Karnataka,Surat (GJ-05),2W,Moped,Hero,CNG,BS6,400.0,2,3,True,True,32.88590604026846,94.63087248322147
REG100490,23-09-2018,2018,Karnataka,Gandhinagar (GJ-18),2W,Motorcycle,KTM,EV,BS4,0.0,2,6,True,False,40.74074074074074,0.0
REG100491,03-05-2023,2023,Karnataka,Delhi Central (DL-01),4W,Sedan,Skoda,Petrol,BS6,800.0,5,1,False,True,37.17948717948718,99.14529914529915
REG100492,08-01-2022,2022,Karnataka,Hubli (KA-25),4W,SUV,Honda,Diesel,BS6,1000.0,5,2,False,True,43.333333333333336,96.66666666666667
REG100493,20-08-2020,2020,Karnataka,Nizamabad (TS-05),4W,SUV,Toyota,Petrol,BS6,1968.0,5,4,False,True,37.5,83.33333333333334
REG100494,01-03-2022,2022,Karnataka,Surat (GJ-05),2W,Motorcycle,Ather,Petrol,BS6,400.0,2,2,False,True,43.333333333333336,96.66666666666667
REG100495,05-05-2022,2022,Karnataka,Gandhinagar (GJ-18),4W,SUV,MG,Diesel,BS4,1598.0,8,2,False,False,43.333333333333336,96.66666666666667
REG100496,20-11-2020,2020,Karnataka,Jabalpur (MP-20),LCV,Mini Truck,Force Motors,Diesel,BS6,2956.0,9,4,False,True,37.5,83.33333333333334
REG100497,15-05-2022,2022,Karnataka,Kochi (KL-07),4W,MUV,Toyota,Diesel,BS6,1462.0,7,2,False,True,43.333333333333336,96.66666666666667
REG100498,09-06-2024,2024,Karnataka,Mangalore (KA-19),4W,SUV,Hyundai,CNG,BS6,1598.0,6,0,True,True,41.29032258064516,100.0
REG100499,04-05-2023,2023,Karnataka,Amritsar (PB-02),2W,Moped,Bajaj,EV,BS6,0.0,2,1,True,True,37.17948717948718,99.14529914529915
REG100500,02-03-2020,2020,Karnataka,Delhi East (DL-02),2W,Motorcycle,Ola Electric,Petrol,BS6,110.0,2,4,False,True,37.5,83.33333333333334
REG100501,22-10-2023,2023,Karnataka,Jabalpur (MP-20),4W,Hatchback,MG,Diesel,BS6,1498.0,5,1,False,True,37.17948717948718,99.14529914529915
REG100502,02-09-2018,2018,Karnataka,Trichy (TN-45),2W,Motorcycle,Ola Electric,Petrol,BS4,400.0,2,6,False,False,40.74074074074074,0.0
REG100503,22-09-2024,2024,Karnataka,Aurangabad (MH-20),2W,Moped,TVS,EV,BS6,0.0,2,0,True,True,41.29032258064516,100.0
REG100504,10-11-2019,2019,Karnataka,Jaipur (RJ-14),2W,Motorcycle,Suzuki,EV,BS4,0.0,2,5,True,False,31.32530120481928,9.63855421686747
REG100505,13-09-2021,2021,Karnataka,Trichy (TN-45),2W,Scooter,KTM,EV,BS6,0.0,2,3,True,True,32.88590604026846,94.63087248322147
REG100506,20-10-2021,2021,Karnataka,Delhi North (DL-04),4W,SUV,Toyota,Diesel,BS6,1197.0,6,3,False,True,32.88590604026846,94.63087248322147
REG100507,17-03-2020,2020,Karnataka,Hubli (KA-25),4W,MUV,Honda,Petrol,BS4,2179.0,5,4,False,False,37.5,83.33333333333334
REG100508,03-06-2023,2023,Karnataka,Salem (TN-30),3W,Tempo,Atul Auto,EV,BS6,0.0,7,1,True,True,37.17948717948718,99.14529914529915
REG100509,31-08-2020,2020,Karnataka,Chandigarh (CH-01),2W,Moped,TVS,Petrol,BS6,110.0,2,4,False,True,37.5,83.33333333333334
REG100510,25-06-2024,2024,Karnataka,Durgapur (WB-40),2W,Scooter,Ather,EV,BS6,0.0,2,0,True,True,41.29032258064516,100.0
REG100511,29-11-2022,2022,Karnataka,Lucknow (UP-32),2W,Moped,Ola Electric,Petrol,BS6,400.0,2,2,False,True,43.333333333333336,96.66666666666667
REG100512,10-02-2023,2023,Karnataka,Madurai (TN-58),2W,Moped,Ather,EV,BS6,0.0,2,1,True,True,37.17948717948718,99.14529914529915
REG100513,04-08-2023,2023,Karnataka,Amritsar (PB-02),3W,Auto Rickshaw,Piaggio,EV,BS6,0.0,3,1,True,True,37.17948717948718,99.14529914529915
REG100514,06-11-2021,2021,Karnataka,Mysore (KA-09),2W,Scooter,Yamaha,EV,BS6,0.0,2,3,True,True,32.88590604026846,94.63087248322147
REG100515,26-03-2024,2024,Karnataka,Rajkot (GJ-03),4W,SUV,Skoda,Diesel,BS6,1197.0,5,0,False,True,41.29032258064516,100.0
REG100516,02-02-2021,2021,Karnataka,Coimbatore (TN-37),4W,Hatchback,Mahindra,Petrol,BS6,2179.0,5,3,False,True,32.88590604026846,94.63087248322147
REG100517,02-12-2022,2022,Karnataka,Nashik (MH-15),3W,Auto Rickshaw,Bajaj,CNG,BS6,225.0,6,2,True,True,43.333333333333336,96.66666666666667
REG100518,15-01-2022,2022,Karnataka,Delhi East (DL-02),4W,MUV,Tata Motors,Petrol,BS6,800.0,7,2,False,True,43.333333333333336,96.66666666666667
REG100519,04-10-2022,2022,Karnataka,Udaipur (RJ-27),3W,Tempo,TVS,EV,BS6,0.0,7,2,True,True,43.333333333333336,96.66666666666667
REG100520,27-06-2023,2023,Karnataka,Jalandhar (PB-08),4W,MUV,Renault,EV,BS6,0.0,6,1,True,True,37.17948717948718,99.14529914529915
REG100521,25-09-2021,2021,Karnataka,Mangalore (KA-19),2W,Scooter,Royal Enfield,Petrol,BS6,125.0,2,3,False,True,32.88590604026846,94.63087248322147
REG100522,02-06-2024,2024,Karnataka,Kota (RJ-20),3W,Auto Rickshaw,Kinetic Green,Diesel,BS6,200.0,6,0,False,True,41.29032258064516,100.0
REG100523,11-08-2020,2020,Karnataka,Gandhinagar (GJ-18),2W,Motorcycle,Ather,Petrol,BS6,250.0,2,4,False,True,37.5,83.33333333333334
REG100524,17-11-2021,2021,Karnataka,Delhi East (DL-02),4W,MUV,Honda,Petrol,BS6,1462.0,7,3,False,True,32.88590604026846,94.63087248322147
REG100525,26-02-2020,2020,Karnataka,Gandhinagar (GJ-18),4W,MUV,Mahindra,Petrol,BS6,2179.0,8,4,False,True,37.5,83.33333333333334
REG100526,12-01-2018,2018,Karnataka,Gandhinagar (GJ-18),3W,E-Rickshaw,Bajaj,CNG,BS4,225.0,3,6,True,False,40.74074074074074,0.0
REG100527,10-09-2019,2019,Karnataka,Vadodara (GJ-06),2W,Scooter,Hero,Petrol,BS4,150.0,2,5,False,False,31.32530120481928,9.63855421686747
REG100528,19-06-2023,2023,Karnataka,Udaipur (RJ-27),2W,Scooter,Yamaha,EV,BS6,0.0,2,1,True,True,37.17948717948718,99.14529914529915
REG100529,09-05-2022,2022,Karnataka,Chennai Central (TN-01),2W,Scooter,Honda,EV,BS6,0.0,2,2,True,True,43.333333333333336,96.66666666666667
REG100530,07-05-2023,2023,Karnataka,Mumbai Central (MH-01),OTH,Road Roller,TAFE,Diesel,BS6,3760.0,2,1,False,True,37.17948717948718,99.14529914529915
REG100531,15-06-2023,2023,Karnataka,Kolkata (WB-01),3W,Auto Rickshaw,Mahindra,Diesel,BS6,225.0,7,1,False,True,37.17948717948718,99.14529914529915
REG100532,04-07-2023,2023,Karnataka,Thiruvananthapuram (KL-01),4W,Hatchback,Kia,Diesel,BS6,800.0,5,1,False,True,37.17948717948718,99.14529914529915
REG100533,03-03-2023,2023,Karnataka,Mysore (KA-09),4W,SUV,Maruti Suzuki,Petrol,BS6,1968.0,6,1,False,True,37.17948717948718,99.14529914529915
REG100534,08-05-2021,2021,Karnataka,Mumbai Central (MH-01),4W,MUV,Skoda,Petrol,BS6,1197.0,8,3,False,True,32.88590604026846,94.63087248322147
REG100535,26-12-2021,2021,Karnataka,Belgaum (KA-22),2W,Moped,Hero,Petrol,BS6,400.0,2,3,False,True,32.88590604026846,94.63087248322147
REG100536,09-04-2023,2023,Karnataka,Mysore (KA-09),3W,E-Rickshaw,Atul Auto,EV,BS6,0.0,3,1,True,True,37.17948717948718,99.14529914529915
REG100537,31-05-2023,2023,Karnataka,Agra (UP-80),4W,SUV,Maruti Suzuki,Diesel,BS6,1498.0,8,1,False,True,37.17948717948718,99.14529914529915
REG100538,11-10-2022,2022,Karnataka,Delhi South (DL-09),2W,Scooter,Yamaha,CNG,BS6,125.0,2,2,True,True,43.333333333333336,96.66666666666667
REG100539,23-11-2021,2021,Karnataka,Belgaum (KA-22),2W,Scooter,Royal Enfield,EV,BS6,0.0,2,3,True,True,32.88590604026846,94.63087248322147
REG100540,02-02-2023,2023,Karnataka,Kanpur (UP-78),LCV,Light Bus,Ashok Leyland,EV,BS6,0.0,9,1,True,True,37.17948717948718,99.14529914529915
REG100541,14-06-2021,2021,Karnataka,Karimnagar (TS-01),4W,Sedan,Skoda,Petrol,BS6,1000.0,5,3,False,True,32.88590604026846,94.63087248322147
REG100542,08-04-2020,2020,Karnataka,Hyderabad (TS-09),2W,Motorcycle,TVS,Petrol,BS6,110.0,2,4,False,True,37.5,83.33333333333334
REG100543,12-05-2023,2023,Karnataka,Aurangabad (MH-20),4W,MUV,MG,Diesel,BS6,800.0,7,1,False,True,37.17948717948718,99.14529914529915
REG100544,28-08-2022,2022,Karnataka,Delhi South (DL-09),4W,Hatchback,Mahindra,EV,BS6,0.0,5,2,True,True,43.333333333333336,96.66666666666667
REG100545,06-02-2022,2022,Karnataka,Karimnagar (TS-01),4W,Hatchback,Skoda,Petrol,BS6,1498.0,5,2,False,True,43.333333333333336,96.66666666666667
REG100546,27-09-2021,2021,Karnataka,Delhi South (DL-09),2W,Moped,Bajaj,EV,BS6,0.0,2,3,True,True,32.88590604026846,94.63087248322147
REG100547,12-12-2023,2023,Karnataka,Ludhiana (PB-10),4W,MUV,Hyundai,Hybrid,BS6,2179.0,8,1,True,True,37.17948717948718,99.14529914529915
REG100548,04-11-2023,2023,Karnataka,Mysore (KA-09),4W,MUV,Renault,Diesel,BS6,2179.0,7,1,False,True,37.17948717948718,99.14529914529915
REG100549,15-06-2023,2023,Karnataka,Ajmer (RJ-01),OTH,Crane,John Deere,Diesel,BS6,4998.0,2,1,False,True,37.17948717948718,99.14529914529915
REG100550,22-07-2024,2024,Karnataka,Patiala (PB-11),2W,Moped,Royal Enfield,Petrol,BS6,100.0,2,0,False,True,41.29032258064516,100.0
REG100551,04-01-2019,2019,Karnataka,Thiruvananthapuram (KL-01),OTH,Road Roller,Mahindra,Diesel,BS4,5660.0,2,5,False,False,31.32530120481928,9.63855421686747
REG100552,20-10-2022,2022,Karnataka,Delhi West (DL-08),2W,Moped,Royal Enfield,EV,BS6,0.0,2,2,True,True,43.333333333333336,96.66666666666667
REG100553,08-05-2021,2021,Karnataka,Bangalore Central (KA-01),3W,Auto Rickshaw,Piaggio,CNG,BS6,225.0,6,3,True,True,32.88590604026846,94.63087248322147
REG100554,30-03-2021,2021,Karnataka,Ahmedabad (GJ-01),4W,Sedan,Hyundai,Hybrid,BS6,2179.0,5,3,True,True,32.88590604026846,94.63087248322147
REG100555,21-06-2023,2023,Karnataka,Amritsar (PB-02),2W,Moped,Suzuki,Petrol,BS6,200.0,2,1,False,True,37.17948717948718,99.14529914529915
REG100556,06-01-2023,2023,Karnataka,Varanasi (UP-65),HCV,Truck,Ashok Leyland,EV,BS6,0.0,2,1,True,True,37.17948717948718,99.14529914529915
REG100557,24-04-2021,2021,Karnataka,Gandhinagar (GJ-18),2W,Moped,Ola Electric,Petrol,BS6,125.0,2,3,False,True,32.88590604026846,94.63087248322147
REG100558,29-05-2019,2019,Karnataka,Nashik (MH-15),OTH,Road Roller,Escorts,Diesel,BS4,6700.0,2,5,False,False,31.32530120481928,9.63855421686747
REG100559,24-07-2021,2021,Karnataka,Madurai (TN-58),2W,Moped,Hero,EV,BS6,0.0,2,3,True,True,32.88590604026846,94.63087248322147
REG100560,20-10-2022,2022,Karnataka,Kanpur (UP-78),4W,MUV,Renault,Petrol,BS6,1462.0,6,2,False,True,43.333333333333336,96.66666666666667
REG100561,27-02-2024,2024,Karnataka,Delhi Central (DL-01),2W,Scooter,Yamaha,CNG,BS6,250.0,2,0,True,True,41.29032258064516,100.0
REG100562,06-06-2023,2023,Karnataka,Agra (UP-80),2W,Scooter,Yamaha,EV,BS6,0.0,2,1,True,True,37.17948717948718,99.14529914529915
REG100563,13-04-2022,2022,Karnataka,Ajmer (RJ-01),4W,MUV,Skoda,Petrol,BS6,1598.0,6,2,False,True,43.333333333333336,96.66666666666667
REG100564,08-01-2024,2024,Karnataka,Thiruvananthapuram (KL-01),2W,Motorcycle,Bajaj,EV,BS6,0.0,2,0,True,True,41.29032258064516,100.0
REG100565,18-04-2020,2020,Karnataka,Thiruvananthapuram (KL-01),2W,Scooter,Hero,Petrol,BS6,150.0,2,4,False,True,37.5,83.33333333333334
REG100566,23-12-2024,2024,Karnataka,Khammam (TS-07),4W,MUV,Skoda,Hybrid,BS6,800.0,8,0,True,True,41.29032258064516,100.0
REG100567,12-11-2020,2020,Karnataka,Patiala (PB-11),2W,Motorcycle,Hero,Petrol,BS4,160.0,2,4,False,False,37.5,83.33333333333334
REG100568,04-12-2023,2023,Karnataka,Nashik (MH-15),4W,Hatchback,Hyundai,Diesel,BS6,1598.0,5,1,False,True,37.17948717948718,99.14529914529915
REG100569,29-12-2024,2024,Karnataka,Nagpur (MH-31),LCV,Light Bus,Force Motors,Diesel,BS6,2523.0,12,0,False,True,41.29032258064516,100.0
REG100570,30-12-2024,2024,Karnataka,Asansol (WB-39),4W,Sedan,Mahindra,Diesel,BS6,800.0,5,0,False,True,41.29032258064516,100.0
REG100571,16-12-2020,2020,Karnataka,Delhi South (DL-09),2W,Scooter,Suzuki,Hybrid,BS6,200.0,2,4,True,True,37.5,83.33333333333334
REG100572,16-01-2023,2023,Karnataka,Kota (RJ-20),2W,Moped,Royal Enfield,Petrol,BS6,400.0,2,1,False,True,37.17948717948718,99.14529914529915
REG100573,14-12-2023,2023,Karnataka,Surat (GJ-05),2W,Scooter,TVS,Petrol,BS6,160.0,2,1,False,True,37.17948717948718,99.14529914529915
REG100574,17-06-2024,2024,Karnataka,Indore (MP-09),2W,Moped,TVS,Petrol,BS6,350.0,2,0,False,True,41.29032258064516,100.0
REG100575,12-03-2023,2023,Karnataka,Warangal (TS-03),2W,Motorcycle,Ola Electric,EV,BS6,0.0,2,1,True,True,37.17948717948718,99.14529914529915
REG100576,11-06-2024,2024,Karnataka,Kollam (KL-02),LCV,Pickup Van,Mahindra,CNG,BS6,2523.0,9,0,True,True,41.29032258064516,100.0
REG100577,30-07-2021,2021,Karnataka,Hyderabad (TS-09),2W,Motorcycle,Hero,Hybrid,BS6,160.0,2,3,True,True,32.88590604026846,94.63087248322147
REG100578,09-11-2020,2020,Karnataka,Durgapur (WB-40),2W,Motorcycle,Honda,Petrol,BS4,150.0,2,4,False,False,37.5,83.33333333333334
REG100579,02-07-2020,2020,Karnataka,Gandhinagar (GJ-18),4W,Sedan,Skoda,Petrol,BS6,1000.0,5,4,False,True,37.5,83.33333333333334
REG100580,30-08-2024,2024,Karnataka,Trichy (TN-45),LCV,Pickup Van,Ashok Leyland,Diesel,BS6,2956.0,9,0,False,True,41.29032258064516,100.0
REG100581,13-04-2020,2020,Karnataka,Delhi East (DL-02),2W,Motorcycle,Royal Enfield,Petrol,BS4,150.0,2,4,False,False,37.5,83.33333333333334
REG100582,07-05-2023,2023,Karnataka,Mysore (KA-09),HCV,Tanker,Eicher,Diesel,BS6,6700.0,2,1,False,True,37.17948717948718,99.14529914529915
REG100583,20-10-2022,2022,Karnataka,Aurangabad (MH-20),4W,MUV,Toyota,Diesel,BS6,1480.0,5,2,False,True,43.333333333333336,96.66666666666667
REG100584,21-01-2022,2022,Karnataka,Hyderabad (TS-09),3W,Auto Rickshaw,Piaggio,EV,BS6,0.0,7,2,True,True,43.333333333333336,96.66666666666667
REG100585,25-08-2023,2023,Karnataka,Bhopal (MP-04),2W,Scooter,Suzuki,Petrol,BS6,125.0,2,1,False,True,37.17948717948718,99.14529914529915
REG100586,20-08-2022,2022,Karnataka,Agra (UP-80),4W,Hatchback,Renault,Petrol,BS6,1000.0,5,2,False,True,43.333333333333336,96.66666666666667
REG100587,02-04-2021,2021,Karnataka,Trichy (TN-45),HCV,Bus,BharatBenz,Diesel,BS6,6700.0,52,3,False,True,32.88590604026846,94.63087248322147
REG100588,25-03-2023,2023,Karnataka,Kochi (KL-07),LCV,Mini Truck,Ashok Leyland,Diesel,BS6,2523.0,9,1,False,True,37.17948717948718,99.14529914529915
REG100589,10-11-2021,2021,Karnataka,Mangalore (KA-19),4W,Hatchback,Renault,EV,BS6,0.0,5,3,True,True,32.88590604026846,94.63087248322147
REG100590,24-03-2024,2024,Karnataka,Karimnagar (TS-01),2W,Motorcycle,Yamaha,EV,BS6,0.0,2,0,True,True,41.29032258064516,100.0
REG100591,09-03-2023,2023,Karnataka,Chennai Central (TN-01),2W,Scooter,KTM,Petrol,BS6,150.0,2,1,False,True,37.17948717948718,99.14529914529915
REG100592,03-01-2024,2024,Karnataka,Aurangabad (MH-20),4W,Hatchback,MG,Diesel,BS6,2179.0,5,0,False,True,41.29032258064516,100.0
REG100593,04-01-2019,2019,Karnataka,Delhi South (DL-09),4W,MUV,Honda,Diesel,BS4,1462.0,7,5,False,False,31.32530120481928,9.63855421686747
REG100594,27-06-2020,2020,Karnataka,Patiala (PB-11),4W,Sedan,Maruti Suzuki,Petrol,BS6,800.0,5,4,False,True,37.5,83.33333333333334
REG100595,02-04-2018,2018,Karnataka,Aurangabad (MH-20),LCV,Pickup Van,Ashok Leyland,Diesel,BS4,2956.0,9,6,False,False,40.74074074074074,0.0
REG100596,17-02-2022,2022,Karnataka,Gandhinagar (GJ-18),4W,Sedan,MG,Hybrid,BS6,1498.0,5,2,True,True,43.333333333333336,96.66666666666667
REG100597,04-03-2021,2021,Karnataka,Udaipur (RJ-27),4W,MUV,Renault,Petrol,BS6,1498.0,7,3,False,True,32.88590604026846,94.63087248322147
REG100598,19-11-2018,2018,Karnataka,Karimnagar (TS-01),3W,Tempo,Piaggio,EV,BS4,0.0,6,6,True,False,40.74074074074074,0.0
REG100599,26-09-2024,2024,Karnataka,Kollam (KL-02),HCV,Trailer,BharatBenz,Diesel,BS6,5660.0,2,0,False,True,41.29032258064516,100.0
REG100600,03-04-2023,2023,Karnataka,Jodhpur (RJ-19),4W,MUV,Renault,Hybrid,BS6,1462.0,7,1,True,True,37.17948717948718,99.14529914529915
REG100601,31-07-2024,2024,Karnataka,Delhi Central (DL-01),2W,Scooter,Honda,CNG,BS6,250.0,2,0,True,True,41.29032258064516,100.0
REG100602,25-05-2023,2023,Karnataka,Nagpur (MH-31),2W,Moped,Bajaj,Petrol,BS6,160.0,2,1,False,True,37.17948717948718,99.14529914529915
REG100603,20-06-2018,2018,Karnataka,Hubli (KA-25),2W,Moped,Yamaha,Hybrid,BS4,200.0,2,6,True,False,40.74074074074074,0.0
REG100604,11-12-2021,2021,Karnataka,Allahabad (UP-70),4W,Hatchback,Tata Motors,Petrol,BS6,2179.0,5,3,False,True,32.88590604026846,94.63087248322147
REG100605,30-07-2024,2024,Karnataka,Pune (MH-12),3W,Tempo,Mahindra,EV,BS6,0.0,7,0,True,True,41.29032258064516,100.0
REG100606,17-12-2018,2018,Karnataka,Gandhinagar (GJ-18),4W,SUV,Renault,Diesel,BS4,1598.0,7,6,False,False,40.74074074074074,0.0
REG100607,20-10-2023,2023,Karnataka,Mysore (KA-09),2W,Motorcycle,Yamaha,Petrol,BS6,150.0,2,1,False,True,37.17948717948718,99.14529914529915
REG100608,14-02-2018,2018,Karnataka,Kanpur (UP-78),4W,SUV,Toyota,EV,BS4,0.0,6,6,True,False,40.74074074074074,0.0
REG100609,11-07-2021,2021,Karnataka,Udaipur (RJ-27),4W,SUV,Mahindra,Diesel,BS6,800.0,6,3,False,True,32.88590604026846,94.63087248322147
REG100610,25-09-2020,2020,Karnataka,Mangalore (KA-19),3W,E-Rickshaw,Atul Auto,CNG,BS6,250.0,3,4,True,True,37.5,83.33333333333334
REG100611,25-09-2018,2018,Karnataka,Chennai Central (TN-01),4W,Sedan,Mahindra,Hybrid,BS4,1000.0,5,6,True,False,40.74074074074074,0.0
REG100612,23-09-2024,2024,Karnataka,Ahmedabad (GJ-01),4W,Hatchback,Toyota,Diesel,BS6,1498.0,5,0,False,True,41.29032258064516,100.0
REG100613,29-09-2020,2020,Karnataka,Amritsar (PB-02),4W,Sedan,Toyota,Petrol,BS6,1598.0,5,4,False,True,37.5,83.33333333333334
REG100614,14-10-2018,2018,Karnataka,Bhopal (MP-04),2W,Motorcycle,Royal Enfield,Petrol,BS4,400.0,2,6,False,False,40.74074074074074,0.0
REG100615,20-10-2024,2024,Karnataka,Mysore (KA-09),4W,SUV,Kia,Petrol,BS6,1462.0,6,0,False,True,41.29032258064516,100.0
REG100616,30-08-2018,2018,Karnataka,Hubli (KA-25),4W,SUV,Renault,Diesel,BS4,800.0,5,6,False,False,40.74074074074074,0.0
REG100617,19-11-2022,2022,Karnataka,Lucknow (UP-32),2W,Scooter,TVS,CNG,BS6,350.0,2,2,True,True,43.333333333333336,96.66666666666667
REG100618,26-08-2024,2024,Karnataka,Amritsar (PB-02),2W,Motorcycle,Ather,Petrol,BS6,150.0,2,0,False,True,41.29032258064516,100.0
REG100619,30-12-2021,2021,Karnataka,Chennai Central (TN-01),4W,MUV,Hyundai,Diesel,BS6,2179.0,8,3,False,True,32.88590604026846,94.63087248322147
REG100620,07-12-2021,2021,Karnataka,Delhi East (DL-02),2W,Moped,Royal Enfield,Petrol,BS6,200.0,2,3,False,True,32.88590604026846,94.63087248322147
REG100621,29-03-2021,2021,Karnataka,Udaipur (RJ-27),3W,Auto Rickshaw,Mahindra,CNG,BS6,250.0,6,3,True,True,32.88590604026846,94.63087248322147
REG100622,12-10-2023,2023,Karnataka,Patiala (PB-11),2W,Motorcycle,Suzuki,CNG,BS6,110.0,2,1,True,True,37.17948717948718,99.14529914529915
REG100623,23-03-2023,2023,Karnataka,Gandhinagar (GJ-18),3W,Tempo,Mahindra,CNG,BS6,225.0,6,1,True,True,37.17948717948718,99.14529914529915
REG100624,18-10-2023,2023,Karnataka,Hubli (KA-25),2W,Moped,Ola Electric,EV,BS6,0.0,2,1,True,True,37.17948717948718,99.14529914529915
REG100625,06-09-2024,2024,Karnataka,Warangal (TS-03),2W,Moped,Honda,CNG,BS6,110.0,2,0,True,True,41.29032258064516,100.0
REG100626,05-02-2020,2020,Karnataka,Patiala (PB-11),3W,Tempo,Bajaj,Diesel,BS6,200.0,7,4,False,True,37.5,83.33333333333334
REG100627,24-10-2020,2020,Karnataka,Jalandhar (PB-08),2W,Moped,Hero,Petrol,BS6,100.0,2,4,False,True,37.5,83.33333333333334
REG100628,16-04-2022,2022,Karnataka,Coimbatore (TN-37),3W,E-Rickshaw,Mahindra,EV,BS6,0.0,3,2,True,True,43.333333333333336,96.66666666666667
REG100629,05-01-2024,2024,Karnataka,Amritsar (PB-02),HCV,Tanker,MAN,Diesel,BS6,4998.0,2,0,False,True,41.29032258064516,100.0
REG100630,26-12-2024,2024,Karnataka,Kanpur (UP-78),LCV,Mini Truck,Ashok Leyland,CNG,BS6,3298.0,9,0,True,True,41.29032258064516,100.0
REG100631,15-07-2023,2023,Karnataka,Ahmedabad (GJ-01),2W,Moped,Ola Electric,Petrol,BS6,250.0,2,1,False,True,37.17948717948718,99.14529914529915
REG100632,03-07-2020,2020,Karnataka,Varanasi (UP-65),4W,Sedan,MG,Petrol,BS6,1968.0,5,4,False,True,37.5,83.33333333333334
REG100633,03-12-2023,2023,Karnataka,Surat (GJ-05),2W,Motorcycle,Hero,Petrol,BS6,250.0,2,1,False,True,37.17948717948718,99.14529914529915
REG100634,16-11-2022,2022,Karnataka,Chennai Central (TN-01),2W,Scooter,KTM,CNG,BS6,125.0,2,2,True,True,43.333333333333336,96.66666666666667
REG100635,05-11-2020,2020,Karnataka,Asansol (WB-39),2W,Scooter,Suzuki,Petrol,BS6,100.0,2,4,False,True,37.5,83.33333333333334
REG100636,23-10-2021,2021,Karnataka,Jalandhar (PB-08),LCV,Mini Truck,Eicher,Diesel,BS6,3298.0,9,3,False,True,32.88590604026846,94.63087248322147
REG100637,10-02-2022,2022,Karnataka,Aurangabad (MH-20),3W,E-Rickshaw,Bajaj,EV,BS6,0.0,3,2,True,True,43.333333333333336,96.66666666666667
REG100638,15-02-2019,2019,Karnataka,Kollam (KL-02),OTH,Crane,Sonalika,Diesel,BS4,4998.0,1,5,False,False,31.32530120481928,9.63855421686747
REG100639,06-01-2024,2024,Karnataka,Bhopal (MP-04),4W,SUV,Skoda,Petrol,BS6,2179.0,8,0,False,True,41.29032258064516,100.0
REG100640,28-05-2024,2024,Karnataka,Karimnagar (TS-01),4W,SUV,Honda,Diesel,BS6,1197.0,5,0,False,True,41.29032258064516,100.0
REG100641,21-10-2022,2022,Karnataka,Kollam (KL-02),4W,SUV,Maruti Suzuki,EV,BS6,0.0,7,2,True,True,43.333333333333336,96.66666666666667
REG100642,10-05-2022,2022,Karnataka,Kollam (KL-02),2W,Scooter,Honda,Petrol,BS6,125.0,2,2,False,True,43.333333333333336,96.66666666666667
REG100643,30-10-2019,2019,Karnataka,Amritsar (PB-02),2W,Scooter,Hero,CNG,BS4,125.0,2,5,True,False,31.32530120481928,9.63855421686747
REG100644,27-09-2020,2020,Karnataka,Jabalpur (MP-20),2W,Motorcycle,Royal Enfield,CNG,BS6,100.0,2,4,True,True,37.5,83.33333333333334
REG100645,15-07-2024,2024,Karnataka,Jaipur (RJ-14),HCV,Bus,BharatBenz,EV,BS6,0.0,45,0,True,True,41.29032258064516,100.0
REG100646,01-03-2023,2023,Karnataka,Kochi (KL-07),2W,Moped,Yamaha,Petrol,BS6,100.0,2,1,False,True,37.17948717948718,99.14529914529915
REG100647,29-04-2024,2024,Karnataka,Salem (TN-30),2W,Scooter,KTM,Hybrid,BS6,250.0,2,0,True,True,41.29032258064516,100.0
REG100648,15-07-2018,2018,Karnataka,Jabalpur (MP-20),3W,Auto Rickshaw,Atul Auto,Diesel,BS4,250.0,7,6,False,False,40.74074074074074,0.0
REG100649,20-05-2022,2022,Karnataka,Bhopal (MP-04),2W,Moped,Yamaha,EV,BS6,0.0,2,2,True,True,43.333333333333336,96.66666666666667
REG100650,04-05-2022,2022,Karnataka,Vadodara (GJ-06),4W,SUV,Skoda,Diesel,BS6,1462.0,7,2,False,True,43.333333333333336,96.66666666666667
REG100651,26-09-2018,2018,Karnataka,Indore (MP-09),2W,Motorcycle,Hero,Petrol,BS4,110.0,2,6,False,False,40.74074074074074,0.0
REG100652,13-11-2020,2020,Karnataka,Jabalpur (MP-20),2W,Moped,Royal Enfield,Petrol,BS6,110.0,2,4,False,True,37.5,83.33333333333334
REG100653,14-02-2019,2019,Karnataka,Aurangabad (MH-20),4W,Sedan,Skoda,EV,BS4,0.0,5,5,True,False,31.32530120481928,9.63855421686747
REG100654,27-08-2020,2020,Karnataka,Ujjain (MP-13),4W,Sedan,Hyundai,EV,BS6,0.0,5,4,True,True,37.5,83.33333333333334
REG100655,01-02-2023,2023,Karnataka,Rajkot (GJ-03),4W,SUV,Kia,Petrol,BS6,1968.0,8,1,False,True,37.17948717948718,99.14529914529915
REG100656,09-11-2019,2019,Karnataka,Jaipur (RJ-14),2W,Scooter,TVS,EV,BS4,0.0,2,5,True,False,31.32530120481928,9.63855421686747
REG100657,15-08-2022,2022,Karnataka,Salem (TN-30),2W,Moped,Suzuki,Petrol,BS6,160.0,2,2,False,True,43.333333333333336,96.66666666666667
REG100658,18-03-2022,2022,Karnataka,Bangalore Central (KA-01),2W,Moped,Royal Enfield,Hybrid,BS6,100.0,2,2,True,True,43.333333333333336,96.66666666666667
REG100659,29-12-2022,2022,Karnataka,Nashik (MH-15),2W,Moped,Yamaha,Petrol,BS6,350.0,2,2,False,True,43.333333333333336,96.66666666666667
REG100660,18-12-2020,2020,Karnataka,Siliguri (WB-73),2W,Moped,Honda,EV,BS6,0.0,2,4,True,True,37.5,83.33333333333334
REG100661,20-11-2021,2021,Karnataka,Belgaum (KA-22),4W,SUV,Toyota,EV,BS6,0.0,7,3,True,True,32.88590604026846,94.63087248322147
REG100662,21-01-2020,2020,Karnataka,Nizamabad (TS-05),2W,Scooter,Royal Enfield,EV,BS6,0.0,2,4,True,True,37.5,83.33333333333334
REG100663,13-02-2023,2023,Karnataka,Indore (MP-09),2W,Scooter,Honda,EV,BS6,0.0,2,1,True,True,37.17948717948718,99.14529914529915
REG100664,07-09-2024,2024,Karnataka,Kochi (KL-07),2W,Motorcycle,Hero,CNG,BS6,250.0,2,0,True,True,41.29032258064516,100.0
REG100665,19-01-2024,2024,Karnataka,Belgaum (KA-22),4W,MUV,Renault,Diesel,BS6,1598.0,5,0,False,True,41.29032258064516,100.0
REG100666,17-03-2024,2024,Karnataka,Jaipur (RJ-14),2W,Motorcycle,Ather,EV,BS6,0.0,2,0,True,True,41.29032258064516,100.0
REG100667,24-01-2018,2018,Karnataka,Delhi Central (DL-01),2W,Motorcycle,KTM,EV,BS4,0.0,2,6,True,False,40.74074074074074,0.0
REG100668,22-08-2023,2023,Karnataka,Kochi (KL-07),2W,Moped,Hero,Petrol,BS6,160.0,2,1,False,True,37.17948717948718,99.14529914529915
REG100669,23-04-2022,2022,Karnataka,Trichy (TN-45),2W,Motorcycle,Honda,EV,BS6,0.0,2,2,True,True,43.333333333333336,96.66666666666667
REG100670,22-10-2019,2019,Karnataka,Delhi North (DL-04),2W,Moped,Suzuki,Petrol,BS4,400.0,2,5,False,False,31.32530120481928,9.63855421686747
REG100671,02-03-2020,2020,Karnataka,Madurai (TN-58),LCV,Mini Truck,Tata Motors,CNG,BS6,3298.0,9,4,True,True,37.5,83.33333333333334
REG100672,09-03-2024,2024,Karnataka,Kanpur (UP-78),4W,Sedan,MG,Petrol,BS6,1000.0,5,0,False,True,41.29032258064516,100.0
REG100673,27-12-2020,2020,Karnataka,Chennai Central (TN-01),LCV,Mini Truck,Tata Motors,Diesel,BS6,3298.0,9,4,False,True,37.5,83.33333333333334
REG100674,30-07-2021,2021,Karnataka,Thrissur (KL-08),4W,Sedan,Tata Motors,EV,BS6,0.0,5,3,True,True,32.88590604026846,94.63087248322147
REG100675,28-06-2023,2023,Karnataka,Chandigarh (CH-01),4W,MUV,Skoda,Petrol,BS6,1968.0,5,1,False,True,37.17948717948718,99.14529914529915
REG100676,04-10-2021,2021,Karnataka,Warangal (TS-03),2W,Moped,Honda,EV,BS4,0.0,2,3,True,False,32.88590604026846,94.63087248322147
REG100677,16-12-2020,2020,Karnataka,Delhi North (DL-04),4W,Sedan,Kia,Petrol,BS6,2179.0,5,4,False,True,37.5,83.33333333333334
REG100678,11-08-2021,2021,Karnataka,Coimbatore (TN-37),4W,Hatchback,Maruti Suzuki,EV,BS6,0.0,5,3,True,True,32.88590604026846,94.63087248322147
REG100679,05-09-2020,2020,Karnataka,Jalandhar (PB-08),2W,Moped,Hero,EV,BS6,0.0,2,4,True,True,37.5,83.33333333333334
REG100680,12-04-2022,2022,Karnataka,Bangalore Central (KA-01),LCV,Light Bus,Force Motors,CNG,BS6,3298.0,9,2,True,True,43.333333333333336,96.66666666666667
REG100681,07-02-2021,2021,Karnataka,Hubli (KA-25),2W,Motorcycle,Suzuki,Petrol,BS6,350.0,2,3,False,True,32.88590604026846,94.63087248322147
REG100682,01-04-2024,2024,Karnataka,Jalandhar (PB-08),2W,Scooter,TVS,Petrol,BS6,250.0,2,0,False,True,41.29032258064516,100.0
REG100683,20-06-2024,2024,Karnataka,Jodhpur (RJ-19),3W,Auto Rickshaw,Kinetic Green,Diesel,BS6,225.0,3,0,False,True,41.29032258064516,100.0
REG100684,25-06-2022,2022,Karnataka,Kollam (KL-02),2W,Motorcycle,Honda,EV,BS6,0.0,2,2,True,True,43.333333333333336,96.66666666666667
REG100685,28-04-2022,2022,Karnataka,Gandhinagar (GJ-18),2W,Moped,Ola Electric,Petrol,BS6,110.0,2,2,False,True,43.333333333333336,96.66666666666667
REG100686,08-01-2023,2023,Karnataka,Allahabad (UP-70),3W,Auto Rickshaw,Atul Auto,Diesel,BS6,225.0,7,1,False,True,37.17948717948718,99.14529914529915
REG100687,03-01-2024,2024,Karnataka,Delhi East (DL-02),2W,Moped,Bajaj,EV,BS6,0.0,2,0,True,True,41.29032258064516,100.0
REG100688,03-09-2022,2022,Karnataka,Mumbai Central (MH-01),OTH,Road Roller,Escorts,Diesel,BS6,3760.0,2,2,False,True,43.333333333333336,96.66666666666667
REG100689,03-05-2019,2019,Karnataka,Howrah (WB-13),2W,Motorcycle,Suzuki,Petrol,BS4,110.0,2,5,False,False,31.32530120481928,9.63855421686747
REG100690,21-08-2023,2023,Karnataka,Nashik (MH-15),4W,Sedan,MG,CNG,BS6,2179.0,5,1,True,True,37.17948717948718,99.14529914529915
REG100691,06-02-2023,2023,Karnataka,Thrissur (KL-08),2W,Scooter,KTM,CNG,BS6,250.0,2,1,True,True,37.17948717948718,99.14529914529915
REG100692,05-10-2021,2021,Karnataka,Kozhikode (KL-11),4W,SUV,Honda,Hybrid,BS6,1462.0,5,3,True,True,32.88590604026846,94.63087248322147
REG100693,26-02-2021,2021,Karnataka,Amritsar (PB-02),4W,Hatchback,Renault,EV,BS6,0.0,5,3,True,True,32.88590604026846,94.63087248322147
REG100694,15-10-2022,2022,Karnataka,Asansol (WB-39),2W,Scooter,TVS,EV,BS6,0.0,2,2,True,True,43.333333333333336,96.66666666666667
REG100695,25-12-2024,2024,Karnataka,Madurai (TN-58),2W,Motorcycle,KTM,CNG,BS6,150.0,2,0,True,True,41.29032258064516,100.0
REG100696,02-02-2022,2022,Karnataka,Kochi (KL-07),2W,Scooter,Ather,CNG,BS6,200.0,2,2,True,True,43.333333333333336,96.66666666666667
REG100697,30-09-2023,2023,Karnataka,Udaipur (RJ-27),3W,Tempo,Bajaj,Diesel,BS6,250.0,6,1,False,True,37.17948717948718,99.14529914529915
REG100698,02-04-2019,2019,Karnataka,Amritsar (PB-02),4W,Hatchback,Mahindra,Diesel,BS4,1498.0,5,5,False,False,31.32530120481928,9.63855421686747
REG100699,23-09-2020,2020,Karnataka,Mysore (KA-09),2W,Moped,TVS,EV,BS6,0.0,2,4,True,True,37.5,83.33333333333334
REG100700,27-11-2022,2022,Gujarat,Rajkot (GJ-03),HCV,Bus,BharatBenz,Diesel,BS6,3760.0,32,2,False,True,50.0,95.65217391304348
REG100701,25-06-2021,2021,Delhi,Delhi Central (DL-01),2W,Motorcycle,Ather,EV,BS6,0.0,2,3,True,True,44.11764705882353,94.11764705882352
REG100702,29-03-2022,2022,West Bengal,Asansol (WB-39),4W,MUV,MG,Petrol,BS6,1498.0,6,2,False,True,35.714285714285715,98.21428571428571
REG100703,13-11-2021,2021,West Bengal,Durgapur (WB-40),OTH,Tractor,TAFE,Diesel,BS6,4998.0,1,3,False,True,39.130434782608695,95.65217391304348
REG100704,11-06-2020,2020,Gujarat,Surat (GJ-05),OTH,Road Roller,TAFE,Diesel,BS6,5329.0,2,4,False,True,33.33333333333333,81.81818181818183
REG100705,26-06-2018,2018,West Bengal,Durgapur (WB-40),2W,Motorcycle,Ather,CNG,BS4,125.0,2,6,True,False,50.0,0.0
REG100706,27-07-2019,2019,Rajasthan,Udaipur (RJ-27),4W,Sedan,Renault,Petrol,BS4,2179.0,5,5,False,False,23.809523809523807,14.285714285714285
REG100707,01-06-2021,2021,West Bengal,Durgapur (WB-40),2W,Moped,Ather,EV,BS6,0.0,2,3,True,True,39.130434782608695,95.65217391304348
REG100708,21-01-2019,2019,Gujarat,Gandhinagar (GJ-18),4W,MUV,Toyota,EV,BS4,0.0,5,5,True,False,55.00000000000001,0.0
REG100709,08-11-2019,2019,Gujarat,Ahmedabad (GJ-01),2W,Motorcycle,KTM,Petrol,BS4,150.0,2,5,False,False,55.00000000000001,0.0
REG100710,13-12-2019,2019,Punjab,Patiala (PB-11),2W,Scooter,Bajaj,Petrol,BS4,110.0,2,5,False,False,52.63157894736842,15.789473684210526
REG100711,08-12-2022,2022,Telangana,Karimnagar (TS-01),2W,Scooter,Ola Electric,EV,BS6,0.0,2,2,True,True,37.5,97.91666666666666
REG100712,26-06-2021,2021,Uttar Pradesh,Kanpur (UP-78),4W,MUV,Toyota,Diesel,BS6,1598.0,7,3,False,True,30.76923076923077,94.87179487179486
REG100713,27-05-2024,2024,West Bengal,Asansol (WB-39),2W,Moped,KTM,CNG,BS6,125.0,2,0,True,True,27.027027027027028,100.0
REG100714,17-04-2022,2022,Kerala,Thrissur (KL-08),4W,MUV,Tata Motors,CNG,BS6,1498.0,8,2,True,True,32.608695652173914,100.0
REG100715,20-05-2018,2018,Telangana,Nizamabad (TS-05),2W,Moped,Suzuki,Petrol,BS4,250.0,2,6,False,False,41.66666666666667,0.0
REG100716,28-05-2020,2020,Tamil Nadu,Trichy (TN-45),3W,Tempo,Piaggio,CNG,BS6,225.0,3,4,True,True,34.285714285714285,85.71428571428571
REG100717,20-03-2018,2018,Gujarat,Gandhinagar (GJ-18),2W,Moped,KTM,Petrol,BS4,160.0,2,6,False,False,41.66666666666667,0.0
REG100718,26-11-2020,2020,Gujarat,Rajkot (GJ-03),2W,Moped,Royal Enfield,Petrol,BS4,150.0,2,4,False,False,33.33333333333333,81.81818181818183
REG100719,04-09-2023,2023,Maharashtra,Mumbai Central (MH-01),4W,MUV,Hyundai,CNG,BS6,1968.0,7,1,True,True,32.72727272727273,98.18181818181819
REG100720,13-05-2023,2023,Madhya Pradesh,Jabalpur (MP-20),OTH,Tractor,John Deere,Diesel,BS6,4998.0,1,1,False,True,36.36363636363637,96.36363636363636
REG100721,03-07-2020,2020,Maharashtra,Pune (MH-12),2W,Moped,TVS,Petrol,BS6,250.0,2,4,False,True,34.61538461538461,84.61538461538461
REG100722,09-04-2024,2024,Madhya Pradesh,Gwalior (MP-07),2W,Scooter,Ather,EV,BS6,0.0,2,0,True,True,48.837209302325576,100.0
REG100723,17-12-2023,2023,Karnataka,Belgaum (KA-22),4W,SUV,Toyota,EV,BS6,0.0,5,1,True,True,37.17948717948718,99.14529914529915
REG100724,06-09-2022,2022,Telangana,Khammam (TS-07),2W,Motorcycle,Hero,Petrol,BS6,250.0,2,2,False,True,37.5,97.91666666666666
REG100725,11-11-2023,2023,Rajasthan,Jodhpur (RJ-19),2W,Motorcycle,Ather,Petrol,BS6,400.0,2,1,False,True,32.83582089552239,100.0
REG100726,08-03-2024,2024,Telangana,Khammam (TS-07),4W,Hatchback,Honda,Diesel,BS6,800.0,5,0,False,True,25.71428571428571,100.0
REG100727,30-03-2022,2022,Rajasthan,Kota (RJ-20),4W,Sedan,MG,CNG,BS6,1498.0,5,2,True,True,30.0,100.0
REG100728,17-04-2020,2020,Kerala,Thiruvananthapuram (KL-01),2W,Moped,TVS,CNG,BS6,125.0,2,4,True,True,37.5,87.5
REG100729,09-08-2023,2023,Karnataka,Mangalore (KA-19),4W,Hatchback,Hyundai,Petrol,BS6,800.0,5,1,False,True,37.17948717948718,99.14529914529915
REG100730,03-02-2024,2024,Karnataka,Bangalore Central (KA-01),4W,Hatchback,MG,Petrol,BS6,1498.0,5,0,False,True,41.29032258064516,100.0
REG100731,15-01-2020,2020,Karnataka,Bangalore Central (KA-01),HCV,Bus,Eicher,Diesel,BS6,3760.0,32,4,False,True,37.5,83.33333333333334
REG100732,09-11-2024,2024,Kerala,Kozhikode (KL-11),HCV,Trailer,Volvo,Diesel,BS6,4998.0,2,0,False,True,36.17021276595745,100.0
REG100733,24-05-2020,2020,Punjab,Chandigarh (CH-01),2W,Moped,Hero,EV,BS6,0.0,2,4,True,True,29.03225806451613,87.09677419354838
REG100734,06-07-2024,2024,Telangana,Hyderabad (TS-09),OTH,Tractor,TAFE,Diesel,BS6,4998.0,2,0,False,True,25.71428571428571,100.0
REG100735,27-07-2020,2020,West Bengal,Kolkata (WB-01),2W,Scooter,Suzuki,Petrol,BS6,110.0,2,4,False,True,30.76923076923077,88.46153846153845
REG100736,28-05-2023,2023,Rajasthan,Jaipur (RJ-14),3W,Tempo,Piaggio,Diesel,BS6,200.0,3,1,False,True,32.83582089552239,100.0
REG100737,16-08-2023,2023,Rajasthan,Udaipur (RJ-27),2W,Scooter,KTM,EV,BS6,0.0,2,1,True,True,32.83582089552239,100.0
REG100738,13-12-2024,2024,Telangana,Karimnagar (TS-01),2W,Scooter,Bajaj,Petrol,BS6,200.0,2,0,False,True,25.71428571428571,100.0
REG100739,13-12-2022,2022,Tamil Nadu,Chennai Central (TN-01),OTH,Crane,Mahindra,Diesel,BS6,3760.0,1,2,False,True,48.148148148148145,96.29629629629629
REG100740,03-02-2024,2024,Tamil Nadu,Salem (TN-30),2W,Moped,Honda,CNG,BS6,200.0,2,0,True,True,38.88888888888889,100.0
REG100741,13-09-2023,2023,Delhi,Delhi West (DL-08),2W,Scooter,Honda,Petrol,BS6,160.0,2,1,False,True,36.666666666666664,98.33333333333333
REG100742,06-09-2023,2023,Kerala,Kollam (KL-02),4W,MUV,Toyota,Diesel,BS6,1480.0,7,1,False,True,30.508474576271187,96.61016949152543
REG100743,16-01-2020,2020,Tamil Nadu,Salem (TN-30),2W,Scooter,KTM,EV,BS6,0.0,2,4,True,True,34.285714285714285,85.71428571428571
REG100744,17-06-2021,2021,Kerala,Thiruvananthapuram (KL-01),LCV,Pickup Van,Tata Motors,Diesel,BS6,2956.0,9,3,False,True,37.254901960784316,94.11764705882352
REG100745,14-04-2022,2022,Punjab,Patiala (PB-11),2W,Motorcycle,Ather,Hybrid,BS6,160.0,2,2,True,True,39.21568627450981,98.0392156862745
REG100746,07-10-2023,2023,Madhya Pradesh,Jabalpur (MP-20),3W,E-Rickshaw,Atul Auto,CNG,BS6,200.0,3,1,True,True,36.36363636363637,96.36363636363636
REG100747,01-04-2022,2022,Uttar Pradesh,Lucknow (UP-32),2W,Scooter,Suzuki,EV,BS6,0.0,2,2,True,True,42.592592592592595,96.29629629629629
REG100748,19-07-2019,2019,Madhya Pradesh,Gwalior (MP-07),LCV,Mini Truck,Force Motors,Diesel,BS6,2956.0,9,5,False,True,44.44444444444444,7.4074074074074066
REG100749,29-01-2024,2024,Punjab,Jalandhar (PB-08),4W,MUV,MG,CNG,BS6,1968.0,7,0,True,True,31.25,100.0
REG100750,01-02-2024,2024,West Bengal,Asansol (WB-39),OTH,Road Roller,John Deere,Petrol,BS6,3760.0,2,0,False,True,27.027027027027028,100.0
REG100751,24-06-2023,2023,Maharashtra,Pune (MH-12),LCV,Pickup Van,Eicher,Diesel,BS6,2956.0,9,1,False,True,32.72727272727273,98.18181818181819
REG100752,01-05-2023,2023,Uttar Pradesh,Agra (UP-80),OTH,Crane,John Deere,Diesel,BS6,5660.0,1,1,False,True,26.666666666666668,100.0
REG100753,20-01-2018,2018,Karnataka,Bangalore Central (KA-01),LCV,Mini Truck,Ashok Leyland,Diesel,BS4,2956.0,9,6,False,False,40.74074074074074,0.0
REG100754,12-01-2023,2023,Uttar Pradesh,Allahabad (UP-70),3W,E-Rickshaw,TVS,CNG,BS6,250.0,3,1,True,True,26.666666666666668,100.0
REG100755,22-06-2023,2023,Punjab,Jalandhar (PB-08),2W,Motorcycle,KTM,Petrol,BS6,350.0,2,1,False,True,33.33333333333333,100.0
REG100756,08-02-2020,2020,Telangana,Nizamabad (TS-05),2W,Scooter,Yamaha,EV,BS6,0.0,2,4,True,True,45.16129032258064,90.32258064516128
REG100757,17-02-2023,2023,Delhi,Delhi West (DL-08),2W,Scooter,Ola Electric,Petrol,BS6,160.0,2,1,False,True,36.666666666666664,98.33333333333333
REG100758,27-06-2022,2022,Karnataka,Belgaum (KA-22),2W,Motorcycle,Ola Electric,EV,BS6,0.0,2,2,True,True,43.333333333333336,96.66666666666667
REG100759,01-08-2022,2022,Madhya Pradesh,Gwalior (MP-07),3W,E-Rickshaw,Mahindra,EV,BS6,0.0,3,2,True,True,39.53488372093023,100.0
REG100760,06-04-2023,2023,Punjab,Patiala (PB-11),3W,Tempo,Piaggio,CNG,BS6,225.0,3,1,True,True,33.33333333333333,100.0
REG100761,16-10-2024,2024,Madhya Pradesh,Jabalpur (MP-20),2W,Moped,Ather,EV,BS6,0.0,2,0,True,True,48.837209302325576,100.0
REG100762,03-06-2023,2023,Telangana,Warangal (TS-03),2W,Motorcycle,Bajaj,Petrol,BS6,250.0,2,1,False,True,32.25806451612903,98.38709677419355
REG100763,27-11-2021,2021,Uttar Pradesh,Agra (UP-80),LCV,Mini Truck,Mahindra,Diesel,BS6,2956.0,9,3,False,True,30.76923076923077,94.87179487179486
REG100764,07-06-2020,2020,Madhya Pradesh,Ujjain (MP-13),2W,Motorcycle,Honda,Petrol,BS6,350.0,2,4,False,True,45.45454545454545,81.81818181818183
REG100765,15-01-2020,2020,West Bengal,Asansol (WB-39),OTH,Crane,Mahindra,Diesel,BS6,5660.0,1,4,False,True,30.76923076923077,88.46153846153845
REG100766,10-06-2018,2018,Madhya Pradesh,Ujjain (MP-13),2W,Motorcycle,KTM,Petrol,BS4,150.0,2,6,False,False,34.78260869565217,0.0
REG100767,23-07-2023,2023,Gujarat,Ahmedabad (GJ-01),LCV,Pickup Van,Ashok Leyland,CNG,BS6,2956.0,9,1,True,True,36.84210526315789,100.0
REG100768,26-09-2023,2023,Karnataka,Belgaum (KA-22),4W,Hatchback,Renault,EV,BS4,0.0,5,1,True,False,37.17948717948718,99.14529914529915
REG100769,01-05-2023,2023,Karnataka,Mysore (KA-09),4W,SUV,Toyota,CNG,BS6,1968.0,6,1,True,True,37.17948717948718,99.14529914529915
REG100770,29-01-2020,2020,Tamil Nadu,Chennai Central (TN-01),2W,Scooter,KTM,Petrol,BS6,350.0,2,4,False,True,34.285714285714285,85.71428571428571
REG100771,07-05-2022,2022,Telangana,Nizamabad (TS-05),4W,Hatchback,Toyota,Diesel,BS6,1498.0,5,2,False,True,37.5,97.91666666666666
REG100772,18-01-2024,2024,Rajasthan,Udaipur (RJ-27),4W,SUV,Maruti Suzuki,EV,BS6,0.0,6,0,True,True,41.02564102564102,100.0
REG100773,15-08-2019,2019,Gujarat,Gandhinagar (GJ-18),2W,Moped,Yamaha,CNG,BS4,250.0,2,5,True,False,55.00000000000001,0.0
REG100774,30-04-2024,2024,Maharashtra,Nashik (MH-15),HCV,Trailer,Volvo,Diesel,BS6,5660.0,2,0,False,True,45.714285714285715,100.0
REG100775,08-09-2024,2024,Tamil Nadu,Salem (TN-30),4W,MUV,Maruti Suzuki,Petrol,BS6,2179.0,8,0,False,True,38.88888888888889,100.0
REG100776,30-06-2021,2021,Rajasthan,Udaipur (RJ-27),LCV,Mini Truck,Mahindra,CNG,BS6,3298.0,9,3,True,True,42.857142857142854,95.23809523809523
REG100777,05-04-2018,2018,Kerala,Kollam (KL-02),4W,MUV,Maruti Suzuki,Hybrid,BS4,2179.0,6,6,True,False,36.36363636363637,0.0
REG100778,08-05-2019,2019,Maharashtra,Nashik (MH-15),2W,Scooter,Yamaha,EV,BS4,0.0,2,5,True,False,36.84210526315789,5.263157894736842
REG100779,10-03-2022,2022,Kerala,Kochi (KL-07),LCV,Light Bus,Force Motors,Diesel,BS6,3298.0,9,2,False,True,32.608695652173914,100.0
REG100780,21-07-2021,2021,Madhya Pradesh,Ujjain (MP-13),4W,SUV,Mahindra,Petrol,BS6,1968.0,6,3,False,True,44.89795918367347,95.91836734693877
REG100781,27-03-2020,2020,Maharashtra,Mumbai Central (MH-01),HCV,Bus,Tata Motors,Diesel,BS4,3760.0,45,4,False,False,34.61538461538461,84.61538461538461
REG100782,01-03-2020,2020,Punjab,Jalandhar (PB-08),4W,Sedan,Hyundai,Diesel,BS6,800.0,5,4,False,True,29.03225806451613,87.09677419354838
REG100783,27-05-2024,2024,West Bengal,Siliguri (WB-73),2W,Moped,Bajaj,Petrol,BS6,350.0,2,0,False,True,27.027027027027028,100.0
REG100784,12-12-2024,2024,Uttar Pradesh,Kanpur (UP-78),2W,Motorcycle,Ola Electric,Petrol,BS6,150.0,2,0,False,True,27.77777777777778,100.0
REG100785,12-11-2024,2024,Uttar Pradesh,Kanpur (UP-78),2W,Motorcycle,Hero,Petrol,BS6,350.0,2,0,False,True,27.77777777777778,100.0
REG100786,21-12-2022,2022,Delhi,Delhi West (DL-08),4W,MUV,Hyundai,Petrol,BS6,1968.0,6,2,False,True,28.57142857142857,100.0
REG100787,20-06-2022,2022,Kerala,Thrissur (KL-08),4W,SUV,Hyundai,Petrol,BS6,1462.0,8,2,False,True,32.608695652173914,100.0
REG100788,04-06-2022,2022,Rajasthan,Ajmer (RJ-01),HCV,Truck,Tata Motors,Diesel,BS6,6700.0,2,2,False,True,30.0,100.0
REG100789,28-08-2022,2022,Tamil Nadu,Trichy (TN-45),2W,Motorcycle,Royal Enfield,Petrol,BS6,125.0,2,2,False,True,48.148148148148145,96.29629629629629
REG100790,07-03-2019,2019,Karnataka,Hubli (KA-25),4W,MUV,Tata Motors,Petrol,BS4,2179.0,7,5,False,False,31.32530120481928,9.63855421686747
REG100791,22-09-2023,2023,Kerala,Kozhikode (KL-11),HCV,Trailer,Volvo,Diesel,BS6,5660.0,2,1,False,True,30.508474576271187,96.61016949152543
REG100792,21-11-2024,2024,Tamil Nadu,Madurai (TN-58),4W,MUV,Tata Motors,CNG,BS6,2179.0,5,0,True,True,38.88888888888889,100.0
REG100793,28-08-2021,2021,Delhi,Delhi East (DL-02),2W,Motorcycle,Hero,EV,BS6,0.0,2,3,True,True,44.11764705882353,94.11764705882352
REG100794,17-03-2022,2022,Karnataka,Mangalore (KA-19),2W,Scooter,Ather,EV,BS6,0.0,2,2,True,True,43.333333333333336,96.66666666666667
REG100795,16-10-2023,2023,Rajasthan,Jaipur (RJ-14),2W,Scooter,TVS,Petrol,BS6,160.0,2,1,False,True,32.83582089552239,100.0
REG100796,09-02-2022,2022,Delhi,Delhi South (DL-09),OTH,Tractor,Escorts,Petrol,BS6,4998.0,1,2,False,True,28.57142857142857,100.0
REG100797,20-07-2024,2024,Madhya Pradesh,Bhopal (MP-04),LCV,Mini Truck,Ashok Leyland,CNG,BS6,3298.0,9,0,True,True,48.837209302325576,100.0
REG100798,18-11-2023,2023,Karnataka,Hubli (KA-25),2W,Motorcycle,KTM,CNG,BS6,160.0,2,1,True,True,37.17948717948718,99.14529914529915
REG100799,19-10-2021,2021,Punjab,Chandigarh (CH-01),2W,Motorcycle,Ola Electric,EV,BS6,0.0,2,3,True,True,38.46153846153847,100.0
REG100800,05-11-2023,2023,Delhi,Delhi Central (DL-01),4W,SUV,Toyota,Petrol,BS6,1968.0,5,1,False,True,36.666666666666664,98.33333333333333
REG100801,17-07-2024,2024,Uttar Pradesh,Agra (UP-80),2W,Scooter,Honda,Petrol,BS6,250.0,2,0,False,True,27.77777777777778,100.0
REG100802,17-12-2023,2023,Gujarat,Surat (GJ-05),2W,Scooter,Suzuki,CNG,BS6,160.0,2,1,True,True,36.84210526315789,100.0
REG100803,01-09-2022,2022,Tamil Nadu,Madurai (TN-58),4W,SUV,Renault,Petrol,BS6,1498.0,8,2,False,True,48.148148148148145,96.29629629629629
REG100804,20-09-2022,2022,Karnataka,Mangalore (KA-19),4W,Sedan,Honda,EV,BS6,0.0,5,2,True,True,43.333333333333336,96.66666666666667
REG100805,12-02-2023,2023,Madhya Pradesh,Indore (MP-09),4W,Sedan,MG,Diesel,BS6,1498.0,5,1,False,True,36.36363636363637,96.36363636363636
REG100806,02-06-2024,2024,Uttar Pradesh,Lucknow (UP-32),LCV,Pickup Van,Ashok Leyland,Diesel,BS6,2956.0,9,0,False,True,27.77777777777778,100.0
REG100807,31-07-2019,2019,Uttar Pradesh,Agra (UP-80),4W,Hatchback,Maruti Suzuki,Diesel,BS4,1000.0,5,5,False,False,27.27272727272727,0.0
REG100808,09-01-2019,2019,Madhya Pradesh,Ujjain (MP-13),4W,SUV,Kia,CNG,BS4,1000.0,8,5,True,False,44.44444444444444,7.4074074074074066
REG100809,09-06-2024,2024,Tamil Nadu,Coimbatore (TN-37),LCV,Mini Truck,Tata Motors,Diesel,BS6,2956.0,9,0,False,True,38.88888888888889,100.0
REG100810,05-11-2020,2020,West Bengal,Asansol (WB-39),4W,SUV,Tata Motors,Petrol,BS4,1498.0,5,4,False,False,30.76923076923077,88.46153846153845
REG100811,23-08-2020,2020,Uttar Pradesh,Allahabad (UP-70),2W,Scooter,Honda,Petrol,BS6,250.0,2,4,False,True,35.714285714285715,78.57142857142857
REG100812,20-12-2021,2021,Madhya Pradesh,Ujjain (MP-13),4W,SUV,Skoda,CNG,BS6,1968.0,7,3,True,True,44.89795918367347,95.91836734693877
REG100813,14-01-2023,2023,Karnataka,Mysore (KA-09),2W,Motorcycle,Honda,Petrol,BS6,150.0,2,1,False,True,37.17948717948718,99.14529914529915
REG100814,26-08-2019,2019,West Bengal,Howrah (WB-13),4W,MUV,Renault,Petrol,BS6,1197.0,8,5,False,True,42.10526315789473,10.526315789473683
REG100815,27-10-2022,2022,Uttar Pradesh,Lucknow (UP-32),2W,Motorcycle,KTM,EV,BS6,0.0,2,2,True,True,42.592592592592595,96.29629629629629
REG100816,10-08-2018,2018,Delhi,Delhi West (DL-08),4W,MUV,Maruti Suzuki,Diesel,BS4,1968.0,8,6,False,False,17.647058823529413,0.0
REG100817,30-10-2021,2021,Kerala,Kollam (KL-02),4W,SUV,Maruti Suzuki,Diesel,BS6,2179.0,6,3,False,True,37.254901960784316,94.11764705882352
REG100818,28-11-2022,2022,Kerala,Thiruvananthapuram (KL-01),3W,E-Rickshaw,Atul Auto,CNG,BS6,225.0,3,2,True,True,32.608695652173914,100.0
REG100819,28-05-2022,2022,Karnataka,Mangalore (KA-19),4W,SUV,MG,EV,BS6,0.0,8,2,True,True,43.333333333333336,96.66666666666667
REG100820,03-12-2021,2021,Rajasthan,Udaipur (RJ-27),2W,Motorcycle,Ola Electric,CNG,BS6,350.0,2,3,True,True,42.857142857142854,95.23809523809523
REG100821,30-08-2023,2023,Tamil Nadu,Madurai (TN-58),4W,MUV,Honda,EV,BS6,0.0,6,1,True,True,41.509433962264154,96.22641509433963
REG100822,21-02-2020,2020,Gujarat,Ahmedabad (GJ-01),4W,Sedan,Tata Motors,Petrol,BS6,1968.0,5,4,False,True,33.33333333333333,81.81818181818183
REG100823,12-12-2024,2024,Gujarat,Surat (GJ-05),2W,Motorcycle,Hero,Petrol,BS6,125.0,2,0,False,True,35.294117647058826,100.0
REG100824,03-03-2019,2019,Tamil Nadu,Trichy (TN-45),2W,Motorcycle,Yamaha,EV,BS4,0.0,2,5,True,False,31.818181818181817,9.090909090909092
REG100825,17-05-2018,2018,Delhi,Delhi North (DL-04),2W,Scooter,Yamaha,Hybrid,BS4,125.0,2,6,True,False,17.647058823529413,0.0
REG100826,26-02-2023,2023,Kerala,Kollam (KL-02),4W,Hatchback,Maruti Suzuki,Diesel,BS6,1000.0,5,1,False,True,30.508474576271187,96.61016949152543
REG100827,21-03-2024,2024,Telangana,Hyderabad (TS-09),3W,Auto Rickshaw,Kinetic Green,CNG,BS6,250.0,7,0,True,True,25.71428571428571,100.0
REG100828,04-03-2021,2021,West Bengal,Asansol (WB-39),3W,Auto Rickshaw,Piaggio,EV,BS6,0.0,6,3,True,True,39.130434782608695,95.65217391304348
REG100829,17-05-2022,2022,Uttar Pradesh,Lucknow (UP-32),2W,Scooter,Yamaha,Petrol,BS6,200.0,2,2,False,True,42.592592592592595,96.29629629629629
REG100830,04-08-2023,2023,Kerala,Thrissur (KL-08),2W,Moped,Bajaj,Petrol,BS6,150.0,2,1,False,True,30.508474576271187,96.61016949152543
REG100831,16-01-2023,2023,Tamil Nadu,Salem (TN-30),2W,Scooter,KTM,EV,BS6,0.0,2,1,True,True,41.509433962264154,96.22641509433963
REG100832,26-03-2021,2021,Tamil Nadu,Chennai Central (TN-01),4W,Hatchback,Hyundai,Diesel,BS4,1968.0,5,3,False,False,21.62162162162162,89.1891891891892
REG100833,04-12-2024,2024,Uttar Pradesh,Lucknow (UP-32),4W,Sedan,Skoda,Petrol,BS6,1462.0,5,0,False,True,27.77777777777778,100.0
REG100834,26-06-2023,2023,Uttar Pradesh,Varanasi (UP-65),LCV,Light Bus,Eicher,Diesel,BS6,2523.0,12,1,False,True,26.666666666666668,100.0
REG100835,15-11-2020,2020,Telangana,Khammam (TS-07),HCV,Tanker,BharatBenz,Diesel,BS6,4998.0,2,4,False,True,45.16129032258064,90.32258064516128
REG100836,13-02-2020,2020,Kerala,Kozhikode (KL-11),LCV,Light Bus,Force Motors,EV,BS6,0.0,15,4,True,True,37.5,87.5
REG100837,19-09-2021,2021,Rajasthan,Udaipur (RJ-27),4W,Sedan,Renault,Diesel,BS6,1462.0,5,3,False,True,42.857142857142854,95.23809523809523
REG100838,30-10-2024,2024,Telangana,Nizamabad (TS-05),4W,Sedan,Maruti Suzuki,Petrol,BS6,1498.0,5,0,False,True,25.71428571428571,100.0
REG100839,30-06-2020,2020,Gujarat,Rajkot (GJ-03),OTH,Tractor,Mahindra,Diesel,BS6,3760.0,1,4,False,True,33.33333333333333,81.81818181818183
REG100840,25-10-2021,2021,Madhya Pradesh,Bhopal (MP-04),2W,Moped,Hero,EV,BS6,0.0,2,3,True,True,44.89795918367347,95.91836734693877
REG100841,21-10-2021,2021,Kerala,Kollam (KL-02),LCV,Mini Truck,Ashok Leyland,Diesel,BS6,2956.0,9,3,False,True,37.254901960784316,94.11764705882352
REG100842,04-07-2022,2022,Uttar Pradesh,Allahabad (UP-70),4W,Hatchback,Toyota,Diesel,BS4,2179.0,5,2,False,False,42.592592592592595,96.29629629629629
REG100843,01-09-2022,2022,Tamil Nadu,Salem (TN-30),4W,Hatchback,Hyundai,Petrol,BS6,1462.0,5,2,False,True,48.148148148148145,96.29629629629629
REG100844,16-05-2022,2022,Karnataka,Hubli (KA-25),4W,MUV,Skoda,CNG,BS6,2179.0,8,2,True,True,43.333333333333336,96.66666666666667
REG100845,31-12-2022,2022,West Bengal,Siliguri (WB-73),4W,MUV,Tata Motors,Petrol,BS6,2179.0,6,2,False,True,35.714285714285715,98.21428571428571
REG100846,22-03-2022,2022,Kerala,Kollam (KL-02),LCV,Mini Truck,Mahindra,Diesel,BS6,3298.0,9,2,False,True,32.608695652173914,100.0
REG100847,02-03-2018,2018,Punjab,Jalandhar (PB-08),2W,Scooter,Ola Electric,Petrol,BS4,200.0,2,6,False,False,18.181818181818183,0.0
REG100848,03-08-2020,2020,Gujarat,Vadodara (GJ-06),2W,Scooter,Hero,Petrol,BS6,100.0,2,4,False,True,33.33333333333333,81.81818181818183
REG100849,04-02-2019,2019,Gujarat,Vadodara (GJ-06),2W,Moped,KTM,Petrol,BS4,100.0,2,5,False,False,55.00000000000001,0.0
REG100850,07-11-2022,2022,Uttar Pradesh,Varanasi (UP-65),4W,MUV,Toyota,Diesel,BS6,1197.0,6,2,False,True,42.592592592592595,96.29629629629629
REG100851,07-12-2021,2021,Telangana,Karimnagar (TS-01),4W,MUV,Tata Motors,Hybrid,BS6,1968.0,8,3,True,True,38.70967741935484,93.54838709677419
REG100852,26-03-2021,2021,Delhi,Delhi North (DL-04),2W,Motorcycle,KTM,CNG,BS6,100.0,2,3,True,True,44.11764705882353,94.11764705882352
REG100853,04-10-2020,2020,Punjab,Amritsar (PB-02),4W,Hatchback,Renault,Petrol,BS6,800.0,5,4,False,True,29.03225806451613,87.09677419354838
REG100854,15-04-2024,2024,West Bengal,Asansol (WB-39),LCV,Mini Truck,Eicher,Diesel,BS6,2956.0,9,0,False,True,27.027027027027028,100.0
REG100855,09-09-2021,2021,Punjab,Jalandhar (PB-08),2W,Moped,Ola Electric,Petrol,BS6,100.0,2,3,False,True,38.46153846153847,100.0
REG100856,28-02-2021,2021,Rajasthan,Udaipur (RJ-27),2W,Motorcycle,Ather,Petrol,BS6,110.0,2,3,False,True,42.857142857142854,95.23809523809523
REG100857,28-07-2019,2019,Telangana,Warangal (TS-03),2W,Motorcycle,Royal Enfield,Hybrid,BS4,125.0,2,5,True,False,26.666666666666668,6.666666666666667
REG100858,20-02-2018,2018,Maharashtra,Aurangabad (MH-20),HCV,Bus,Tata Motors,CNG,BS4,5660.0,32,6,True,False,44.44444444444444,0.0
REG100859,27-10-2020,2020,Uttar Pradesh,Agra (UP-80),2W,Motorcycle,Hero,Petrol,BS6,150.0,2,4,False,True,35.714285714285715,78.57142857142857
REG100860,11-10-2019,2019,West Bengal,Asansol (WB-39),4W,MUV,Hyundai,Petrol,BS4,1968.0,5,5,False,False,42.10526315789473,10.526315789473683
REG100861,12-12-2022,2022,West Bengal,Kolkata (WB-01),2W,Motorcycle,Hero,Petrol,BS6,110.0,2,2,False,True,35.714285714285715,98.21428571428571
REG100862,22-11-2021,2021,Delhi,Delhi South (DL-09),4W,Sedan,Kia,CNG,BS6,1498.0,5,3,True,True,44.11764705882353,94.11764705882352
REG100863,19-08-2024,2024,Tamil Nadu,Madurai (TN-58),4W,Sedan,Mahindra,Diesel,BS6,800.0,5,0,False,True,38.88888888888889,100.0
REG100864,19-05-2024,2024,West Bengal,Asansol (WB-39),2W,Motorcycle,Hero,Petrol,BS6,150.0,2,0,False,True,27.027027027027028,100.0
REG100865,24-01-2024,2024,Gujarat,Rajkot (GJ-03),OTH,Road Roller,TAFE,Diesel,BS6,4998.0,2,0,False,True,35.294117647058826,100.0
REG100866,10-08-2023,2023,Punjab,Chandigarh (CH-01),2W,Scooter,Honda,Petrol,BS6,150.0,2,1,False,True,33.33333333333333,100.0
REG100867,29-12-2023,2023,Punjab,Patiala (PB-11),HCV,Trailer,MAN,Diesel,BS6,6700.0,2,1,False,True,33.33333333333333,100.0
REG100868,10-03-2018,2018,Delhi,Delhi West (DL-08),2W,Scooter,Ola Electric,Petrol,BS4,100.0,2,6,False,False,17.647058823529413,0.0
REG100869,27-12-2022,2022,Punjab,Jalandhar (PB-08),2W,Motorcycle,TVS,Petrol,BS6,350.0,2,2,False,True,39.21568627450981,98.0392156862745
REG100870,16-08-2018,2018,Uttar Pradesh,Allahabad (UP-70),2W,Moped,Honda,EV,BS4,0.0,2,6,True,False,37.5,0.0
REG100871,05-01-2023,2023,Rajasthan,Udaipur (RJ-27),4W,SUV,Honda,Petrol,BS6,1000.0,8,1,False,True,32.83582089552239,100.0
REG100872,03-07-2021,2021,Rajasthan,Jodhpur (RJ-19),2W,Motorcycle,Hero,Hybrid,BS6,150.0,2,3,True,True,42.857142857142854,95.23809523809523
REG100873,23-05-2024,2024,Karnataka,Belgaum (KA-22),4W,Sedan,Mahindra,Diesel,BS6,2179.0,5,0,False,True,41.29032258064516,100.0
REG100874,13-09-2024,2024,Maharashtra,Pune (MH-12),OTH,Road Roller,Sonalika,Diesel,BS6,6700.0,2,0,False,True,45.714285714285715,100.0
REG100875,07-03-2019,2019,Telangana,Warangal (TS-03),4W,Sedan,Hyundai,CNG,BS4,1498.0,5,5,True,False,26.666666666666668,6.666666666666667
REG100876,10-05-2023,2023,Telangana,Nizamabad (TS-05),2W,Moped,Hero,CNG,BS6,400.0,2,1,True,True,32.25806451612903,98.38709677419355
REG100877,20-05-2024,2024,West Bengal,Kolkata (WB-01),HCV,Truck,Volvo,Diesel,BS6,3760.0,2,0,False,True,27.027027027027028,100.0
REG100878,30-09-2021,2021,West Bengal,Siliguri (WB-73),2W,Motorcycle,Bajaj,Petrol,BS6,350.0,2,3,False,True,39.130434782608695,95.65217391304348
REG100879,26-04-2023,2023,Rajasthan,Jaipur (RJ-14),2W,Scooter,Honda,EV,BS6,0.0,2,1,True,True,32.83582089552239,100.0
REG100880,15-01-2023,2023,Karnataka,Mysore (KA-09),2W,Scooter,Royal Enfield,Petrol,BS6,350.0,2,1,False,True,37.17948717948718,99.14529914529915
REG100881,24-06-2019,2019,Uttar Pradesh,Lucknow (UP-32),4W,SUV,Kia,Petrol,BS4,800.0,7,5,False,False,27.27272727272727,0.0
REG100882,13-02-2022,2022,Telangana,Warangal (TS-03),HCV,Tanker,Tata Motors,Diesel,BS6,3760.0,2,2,False,True,37.5,97.91666666666666
REG100883,29-01-2019,2019,Uttar Pradesh,Agra (UP-80),LCV,Light Bus,Tata Motors,Diesel,BS4,3298.0,15,5,False,False,27.27272727272727,0.0
REG100884,25-07-2018,2018,Madhya Pradesh,Jabalpur (MP-20),2W,Moped,Hero,EV,BS4,0.0,2,6,True,False,34.78260869565217,0.0
REG100885,08-08-2022,2022,Punjab,Jalandhar (PB-08),2W,Moped,Ola Electric,Petrol,BS6,160.0,2,2,False,True,39.21568627450981,98.0392156862745
REG100886,09-04-2022,2022,Punjab,Chandigarh (CH-01),2W,Moped,Hero,EV,BS6,0.0,2,2,True,True,39.21568627450981,98.0392156862745
REG100887,22-11-2024,2024,Karnataka,Bangalore Central (KA-01),4W,Hatchback,Skoda,Petrol,BS6,1498.0,5,0,False,True,41.29032258064516,100.0
REG100888,31-01-2020,2020,Rajasthan,Udaipur (RJ-27),3W,Tempo,Mahindra,CNG,BS6,225.0,6,4,True,True,52.0,84.0
REG100889,16-03-2022,2022,Punjab,Jalandhar (PB-08),3W,Tempo,TVS,CNG,BS6,225.0,6,2,True,True,39.21568627450981,98.0392156862745
REG100890,16-03-2022,2022,Gujarat,Gandhinagar (GJ-18),2W,Scooter,Hero,EV,BS6,0.0,2,2,True,True,50.0,95.65217391304348
REG100891,23-11-2020,2020,Delhi,Delhi South (DL-09),4W,Hatchback,Honda,Diesel,BS6,1462.0,5,4,False,True,38.23529411764706,85.29411764705883
REG100892,17-10-2021,2021,Rajasthan,Jodhpur (RJ-19),4W,MUV,Skoda,EV,BS6,0.0,7,3,True,True,42.857142857142854,95.23809523809523
REG100893,23-11-2020,2020,Uttar Pradesh,Agra (UP-80),2W,Scooter,Hero,EV,BS6,0.0,2,4,True,True,35.714285714285715,78.57142857142857
REG100894,12-07-2023,2023,Kerala,Kochi (KL-07),3W,Auto Rickshaw,Piaggio,Diesel,BS6,225.0,6,1,False,True,30.508474576271187,96.61016949152543
REG100895,29-05-2022,2022,Tamil Nadu,Chennai Central (TN-01),2W,Motorcycle,Yamaha,Petrol,BS6,350.0,2,2,False,True,48.148148148148145,96.29629629629629
REG100896,30-03-2020,2020,Delhi,Delhi South (DL-09),HCV,Trailer,Tata Motors,Diesel,BS6,4998.0,2,4,False,True,38.23529411764706,85.29411764705883
REG100897,14-05-2020,2020,Kerala,Kochi (KL-07),2W,Moped,Bajaj,Petrol,BS6,110.0,2,4,False,True,37.5,87.5
REG100898,09-07-2021,2021,Maharashtra,Pune (MH-12),2W,Motorcycle,Yamaha,Petrol,BS6,200.0,2,3,False,True,44.73684210526316,100.0
REG100899,08-04-2019,2019,Madhya Pradesh,Indore (MP-09),HCV,Tanker,MAN,Diesel,BS4,4998.0,2,5,False,False,44.44444444444444,7.4074074074074066
REG100900,07-04-2023,2023,Uttar Pradesh,Agra (UP-80),2W,Scooter,Bajaj,Petrol,BS6,400.0,2,1,False,True,26.666666666666668,100.0
REG100901,07-09-2024,2024,Gujarat,Surat (GJ-05),2W,Motorcycle,Royal Enfield,Petrol,BS6,150.0,2,0,False,True,35.294117647058826,100.0
REG100902,18-09-2021,2021,Kerala,Thiruvananthapuram (KL-01),4W,Hatchback,Tata Motors,Diesel,BS6,1598.0,5,3,False,True,37.254901960784316,94.11764705882352
REG100903,11-09-2023,2023,Telangana,Karimnagar (TS-01),2W,Moped,Yamaha,EV,BS6,0.0,2,1,True,True,32.25806451612903,98.38709677419355
REG100904,19-08-2020,2020,Gujarat,Gandhinagar (GJ-18),2W,Moped,Hero,Petrol,BS6,150.0,2,4,False,True,33.33333333333333,81.81818181818183
REG100905,10-05-2024,2024,Uttar Pradesh,Kanpur (UP-78),2W,Scooter,Ola Electric,Petrol,BS6,400.0,2,0,False,True,27.77777777777778,100.0
REG100906,22-01-2021,2021,Karnataka,Mysore (KA-09),4W,SUV,MG,Diesel,BS6,2179.0,7,3,False,True,32.88590604026846,94.63087248322147
REG100907,13-01-2021,2021,Uttar Pradesh,Varanasi (UP-65),3W,E-Rickshaw,TVS,Diesel,BS6,225.0,3,3,False,True,30.76923076923077,94.87179487179486
REG100908,06-10-2024,2024,Delhi,Delhi West (DL-08),4W,SUV,Hyundai,Petrol,BS6,1000.0,7,0,False,True,41.02564102564102,100.0
REG100909,11-12-2020,2020,Delhi,Delhi Central (DL-01),2W,Scooter,Hero,EV,BS6,0.0,2,4,True,True,38.23529411764706,85.29411764705883
REG100910,06-10-2022,2022,Gujarat,Vadodara (GJ-06),4W,SUV,Mahindra,EV,BS6,0.0,5,2,True,True,50.0,95.65217391304348
REG100911,30-08-2023,2023,Gujarat,Vadodara (GJ-06),4W,MUV,Honda,CNG,BS6,1498.0,6,1,True,True,36.84210526315789,100.0
REG100912,09-10-2020,2020,Uttar Pradesh,Kanpur (UP-78),2W,Moped,Bajaj,EV,BS6,0.0,2,4,True,True,35.714285714285715,78.57142857142857
REG100913,02-08-2022,2022,Kerala,Thrissur (KL-08),2W,Motorcycle,Yamaha,Petrol,BS6,150.0,2,2,False,True,32.608695652173914,100.0
REG100914,06-06-2022,2022,West Bengal,Siliguri (WB-73),LCV,Mini Truck,Ashok Leyland,Diesel,BS6,2523.0,9,2,False,True,35.714285714285715,98.21428571428571
REG100915,20-12-2023,2023,Madhya Pradesh,Gwalior (MP-07),2W,Scooter,Suzuki,CNG,BS6,400.0,2,1,True,True,36.36363636363637,96.36363636363636
REG100916,17-10-2024,2024,Gujarat,Vadodara (GJ-06),4W,Hatchback,Tata Motors,Petrol,BS6,1968.0,5,0,False,True,35.294117647058826,100.0
REG100917,20-08-2019,2019,Delhi,Delhi North (DL-04),2W,Scooter,Bajaj,EV,BS4,0.0,2,5,True,False,17.647058823529413,11.76470588235294
REG100918,08-09-2023,2023,Karnataka,Mysore (KA-09),2W,Moped,TVS,Petrol,BS6,100.0,2,1,False,True,37.17948717948718,99.14529914529915
REG100919,25-09-2020,2020,Tamil Nadu,Coimbatore (TN-37),2W,Scooter,Royal Enfield,Petrol,BS6,110.0,2,4,False,True,34.285714285714285,85.71428571428571
REG100920,19-07-2024,2024,West Bengal,Kolkata (WB-01),2W,Motorcycle,TVS,Petrol,BS6,125.0,2,0,False,True,27.027027027027028,100.0
REG100921,07-03-2024,2024,Karnataka,Mysore (KA-09),4W,MUV,Hyundai,Diesel,BS6,1462.0,7,0,False,True,41.29032258064516,100.0
REG100922,16-12-2020,2020,Uttar Pradesh,Varanasi (UP-65),2W,Moped,Royal Enfield,EV,BS4,0.0,2,4,True,False,35.714285714285715,78.57142857142857
REG100923,07-05-2023,2023,Gujarat,Surat (GJ-05),2W,Motorcycle,KTM,Petrol,BS6,400.0,2,1,False,True,36.84210526315789,100.0
REG100924,28-05-2018,2018,Rajasthan,Ajmer (RJ-01),LCV,Pickup Van,Force Motors,CNG,BS4,3298.0,9,6,True,False,54.54545454545454,0.0
REG100925,09-08-2020,2020,Kerala,Kozhikode (KL-11),2W,Motorcycle,Suzuki,Petrol,BS6,350.0,2,4,False,True,37.5,87.5
REG100926,21-03-2024,2024,Uttar Pradesh,Kanpur (UP-78),4W,Hatchback,Honda,EV,BS6,0.0,5,0,True,True,27.77777777777778,100.0
REG100927,03-03-2024,2024,Madhya Pradesh,Bhopal (MP-04),4W,Sedan,MG,Diesel,BS6,1598.0,5,0,False,True,48.837209302325576,100.0
REG100928,16-09-2020,2020,Karnataka,Belgaum (KA-22),4W,SUV,Honda,Diesel,BS6,800.0,8,4,False,True,37.5,83.33333333333334
REG100929,23-07-2023,2023,Maharashtra,Mumbai Central (MH-01),4W,MUV,Honda,Diesel,BS6,800.0,5,1,False,True,32.72727272727273,98.18181818181819
REG100930,25-08-2023,2023,Gujarat,Ahmedabad (GJ-01),4W,Sedan,Toyota,EV,BS6,0.0,5,1,True,True,36.84210526315789,100.0
REG100931,29-03-2023,2023,Telangana,Warangal (TS-03),4W,MUV,Tata Motors,Diesel,BS6,800.0,5,1,False,True,32.25806451612903,98.38709677419355
REG100932,06-01-2019,2019,Tamil Nadu,Madurai (TN-58),2W,Moped,Suzuki,Petrol,BS6,160.0,2,5,False,True,31.818181818181817,9.090909090909092
REG100933,23-12-2022,2022,Tamil Nadu,Salem (TN-30),2W,Motorcycle,Hero,CNG,BS6,100.0,2,2,True,True,48.148148148148145,96.29629629629629
REG100934,03-11-2021,2021,Madhya Pradesh,Ujjain (MP-13),4W,Hatchback,Honda,EV,BS6,0.0,5,3,True,True,44.89795918367347,95.91836734693877
REG100935,15-01-2019,2019,Uttar Pradesh,Kanpur (UP-78),HCV,Trailer,Ashok Leyland,Diesel,BS4,3760.0,2,5,False,False,27.27272727272727,0.0
REG100936,19-09-2020,2020,Delhi,Delhi Central (DL-01),2W,Motorcycle,TVS,CNG,BS6,110.0,2,4,True,True,38.23529411764706,85.29411764705883
REG100937,07-08-2024,2024,Rajasthan,Kota (RJ-20),4W,Sedan,Skoda,Petrol,BS6,1000.0,5,0,False,True,41.02564102564102,100.0
REG100938,19-07-2023,2023,Delhi,Delhi Central (DL-01),2W,Motorcycle,Hero,Petrol,BS6,150.0,2,1,False,True,36.666666666666664,98.33333333333333
REG100939,30-07-2018,2018,West Bengal,Howrah (WB-13),2W,Scooter,Ola Electric,Petrol,BS4,160.0,2,6,False,False,50.0,0.0
REG100940,03-11-2020,2020,Punjab,Jalandhar (PB-08),OTH,Tractor,Escorts,Diesel,BS6,5660.0,1,4,False,True,29.03225806451613,87.09677419354838
REG100941,10-01-2022,2022,Madhya Pradesh,Indore (MP-09),2W,Moped,Yamaha,CNG,BS6,160.0,2,2,True,True,39.53488372093023,100.0
REG100942,30-04-2022,2022,Punjab,Jalandhar (PB-08),2W,Moped,Bajaj,EV,BS6,0.0,2,2,True,True,39.21568627450981,98.0392156862745
REG100943,31-01-2020,2020,Punjab,Chandigarh (CH-01),2W,Moped,Suzuki,Hybrid,BS6,125.0,2,4,True,True,29.03225806451613,87.09677419354838
REG100944,03-11-2023,2023,Rajasthan,Udaipur (RJ-27),2W,Motorcycle,Suzuki,Petrol,BS6,350.0,2,1,False,True,32.83582089552239,100.0
REG100945,28-11-2023,2023,Kerala,Kozhikode (KL-11),2W,Scooter,Hero,EV,BS6,0.0,2,1,True,True,30.508474576271187,96.61016949152543
REG100946,06-12-2020,2020,Maharashtra,Pune (MH-12),LCV,Pickup Van,Ashok Leyland,Diesel,BS6,2956.0,9,4,False,True,34.61538461538461,84.61538461538461
REG100947,04-01-2020,2020,Kerala,Kochi (KL-07),4W,MUV,Renault,Diesel,BS6,1000.0,8,4,False,True,37.5,87.5
REG100948,09-10-2019,2019,Karnataka,Mysore (KA-09),2W,Motorcycle,Bajaj,Petrol,BS4,150.0,2,5,False,False,31.32530120481928,9.63855421686747
REG100949,05-05-2020,2020,Delhi,Delhi South (DL-09),2W,Moped,KTM,Petrol,BS6,250.0,2,4,False,True,38.23529411764706,85.29411764705883
REG100950,19-05-2024,2024,Tamil Nadu,Trichy (TN-45),2W,Scooter,Ola Electric,EV,BS6,0.0,2,0,True,True,38.88888888888889,100.0
REG100951,10-08-2022,2022,Karnataka,Hubli (KA-25),2W,Motorcycle,KTM,EV,BS6,0.0,2,2,True,True,43.333333333333336,96.66666666666667
REG100952,31-10-2024,2024,West Bengal,Kolkata (WB-01),4W,MUV,Hyundai,Hybrid,BS6,1462.0,6,0,True,True,27.027027027027028,100.0
REG100953,07-11-2021,2021,Telangana,Warangal (TS-03),2W,Scooter,Royal Enfield,EV,BS6,0.0,2,3,True,True,38.70967741935484,93.54838709677419
REG100954,07-01-2024,2024,Karnataka,Hubli (KA-25),2W,Scooter,Bajaj,Petrol,BS6,400.0,2,0,False,True,41.29032258064516,100.0
REG100955,07-06-2021,2021,Kerala,Kozhikode (KL-11),3W,E-Rickshaw,Mahindra,Petrol,BS6,200.0,3,3,False,True,37.254901960784316,94.11764705882352
REG100956,28-06-2023,2023,Maharashtra,Mumbai Central (MH-01),2W,Moped,TVS,Petrol,BS6,400.0,2,1,False,True,32.72727272727273,98.18181818181819
REG100957,07-05-2021,2021,Kerala,Thrissur (KL-08),4W,SUV,Maruti Suzuki,EV,BS6,0.0,8,3,True,True,37.254901960784316,94.11764705882352
REG100958,17-03-2022,2022,Maharashtra,Nagpur (MH-31),4W,Hatchback,Tata Motors,Petrol,BS6,1498.0,5,2,False,True,41.86046511627907,97.67441860465115
REG100959,31-12-2023,2023,Punjab,Patiala (PB-11),HCV,Bus,Tata Motors,Diesel,BS6,6700.0,45,1,False,True,33.33333333333333,100.0
REG100960,06-08-2024,2024,Kerala,Kollam (KL-02),OTH,Tractor,Escorts,Diesel,BS6,5660.0,1,0,False,True,36.17021276595745,100.0
REG100961,15-02-2023,2023,Telangana,Khammam (TS-07),4W,MUV,Skoda,Petrol,BS6,1000.0,7,1,False,True,32.25806451612903,98.38709677419355
REG100962,01-01-2024,2024,Tamil Nadu,Madurai (TN-58),4W,MUV,Kia,Petrol,BS6,1000.0,5,0,False,True,38.88888888888889,100.0
REG100963,11-07-2022,2022,Kerala,Thrissur (KL-08),3W,Tempo,TVS,Petrol,BS6,225.0,7,2,False,True,32.608695652173914,100.0
REG100964,06-04-2022,2022,Tamil Nadu,Coimbatore (TN-37),3W,Tempo,Bajaj,Diesel,BS6,225.0,3,2,False,True,48.148148148148145,96.29629629629629
REG100965,25-02-2022,2022,Kerala,Kochi (KL-07),4W,Sedan,Kia,Diesel,BS6,1197.0,5,2,False,True,32.608695652173914,100.0
REG100966,02-09-2018,2018,Gujarat,Ahmedabad (GJ-01),2W,Scooter,Honda,Petrol,BS4,350.0,2,6,False,False,41.66666666666667,0.0
REG100967,19-02-2022,2022,Madhya Pradesh,Bhopal (MP-04),2W,Scooter,Hero,CNG,BS6,150.0,2,2,True,True,39.53488372093023,100.0
REG100968,06-11-2022,2022,Telangana,Hyderabad (TS-09),2W,Moped,Royal Enfield,EV,BS6,0.0,2,2,True,True,37.5,97.91666666666666
REG100969,23-07-2024,2024,Rajasthan,Kota (RJ-20),4W,SUV,Toyota,Petrol,BS6,1968.0,5,0,False,True,41.02564102564102,100.0
REG100970,14-01-2021,2021,Rajasthan,Kota (RJ-20),4W,Hatchback,MG,EV,BS6,0.0,5,3,True,True,42.857142857142854,95.23809523809523
REG100971,02-01-2021,2021,Kerala,Kochi (KL-07),2W,Moped,KTM,EV,BS6,0.0,2,3,True,True,37.254901960784316,94.11764705882352
REG100972,06-09-2022,2022,Maharashtra,Nagpur (MH-31),LCV,Light Bus,Ashok Leyland,CNG,BS6,2956.0,15,2,True,True,41.86046511627907,97.67441860465115
REG100973,10-04-2021,2021,Punjab,Chandigarh (CH-01),2W,Scooter,Honda,CNG,BS6,125.0,2,3,True,True,38.46153846153847,100.0
REG100974,11-12-2023,2023,Telangana,Khammam (TS-07),4W,Hatchback,Tata Motors,Diesel,BS6,1498.0,5,1,False,True,32.25806451612903,98.38709677419355
REG100975,28-03-2020,2020,Tamil Nadu,Salem (TN-30),HCV,Tanker,MAN,Diesel,BS6,3760.0,2,4,False,True,34.285714285714285,85.71428571428571
REG100976,12-05-2021,2021,Uttar Pradesh,Lucknow (UP-32),2W,Scooter,Suzuki,Hybrid,BS6,350.0,2,3,True,True,30.76923076923077,94.87179487179486
REG100977,22-10-2021,2021,Madhya Pradesh,Bhopal (MP-04),4W,MUV,Hyundai,EV,BS6,0.0,7,3,True,True,44.89795918367347,95.91836734693877
REG100978,14-02-2020,2020,Uttar Pradesh,Varanasi (UP-65),4W,MUV,Mahindra,Petrol,BS6,1000.0,5,4,False,True,35.714285714285715,78.57142857142857
REG100979,14-07-2019,2019,Rajasthan,Ajmer (RJ-01),HCV,Truck,Eicher,Diesel,BS4,5660.0,2,5,False,False,23.809523809523807,14.285714285714285
REG100980,14-12-2021,2021,Gujarat,Ahmedabad (GJ-01),4W,Sedan,Honda,Diesel,BS6,1197.0,5,3,False,True,50.0,95.0
REG100981,23-04-2023,2023,Karnataka,Mangalore (KA-19),2W,Scooter,Yamaha,Petrol,BS6,350.0,2,1,False,True,37.17948717948718,99.14529914529915
REG100982,18-01-2023,2023,Madhya Pradesh,Jabalpur (MP-20),2W,Scooter,TVS,Hybrid,BS6,150.0,2,1,True,True,36.36363636363637,96.36363636363636
REG100983,20-10-2024,2024,Rajasthan,Kota (RJ-20),3W,Tempo,Bajaj,CNG,BS6,225.0,7,0,True,True,41.02564102564102,100.0
REG100984,17-04-2020,2020,Delhi,Delhi North (DL-04),2W,Scooter,Hero,Petrol,BS4,150.0,2,4,False,False,38.23529411764706,85.29411764705883
REG100985,23-03-2021,2021,Kerala,Thiruvananthapuram (KL-01),HCV,Bus,BharatBenz,CNG,BS6,3760.0,52,3,True,True,37.254901960784316,94.11764705882352
REG100986,28-09-2021,2021,Uttar Pradesh,Agra (UP-80),2W,Scooter,Yamaha,Hybrid,BS6,160.0,2,3,True,True,30.76923076923077,94.87179487179486
REG100987,28-01-2021,2021,Gujarat,Surat (GJ-05),4W,MUV,Hyundai,Petrol,BS6,1498.0,8,3,False,True,50.0,95.0
REG100988,21-04-2024,2024,Madhya Pradesh,Indore (MP-09),4W,MUV,MG,Petrol,BS6,1462.0,5,0,False,True,48.837209302325576,100.0
REG100989,29-01-2023,2023,Rajasthan,Ajmer (RJ-01),2W,Motorcycle,Suzuki,Petrol,BS6,110.0,2,1,False,True,32.83582089552239,100.0
REG100990,11-08-2023,2023,Rajasthan,Udaipur (RJ-27),2W,Motorcycle,Honda,EV,BS6,0.0,2,1,True,True,32.83582089552239,100.0
REG100991,02-11-2022,2022,Madhya Pradesh,Jabalpur (MP-20),2W,Motorcycle,Bajaj,Petrol,BS6,125.0,2,2,False,True,39.53488372093023,100.0
REG100992,01-12-2021,2021,Madhya Pradesh,Jabalpur (MP-20),4W,Hatchback,MG,EV,BS6,0.0,5,3,True,True,44.89795918367347,95.91836734693877
REG100993,26-04-2023,2023,Maharashtra,Mumbai Central (MH-01),2W,Motorcycle,KTM,EV,BS6,0.0,2,1,True,True,32.72727272727273,98.18181818181819
REG100994,03-04-2023,2023,Punjab,Patiala (PB-11),OTH,Crane,John Deere,Diesel,BS6,6700.0,1,1,False,True,33.33333333333333,100.0
REG100995,05-04-2019,2019,Madhya Pradesh,Jabalpur (MP-20),2W,Motorcycle,Honda,Petrol,BS4,250.0,2,5,False,False,44.44444444444444,7.4074074074074066
REG100996,03-10-2019,2019,Kerala,Thiruvananthapuram (KL-01),2W,Moped,Ather,EV,BS4,0.0,2,5,True,False,39.130434782608695,4.3478260869565215
REG100997,04-03-2022,2022,Delhi,Delhi Central (DL-01),2W,Moped,TVS,Petrol,BS6,100.0,2,2,False,True,28.57142857142857,100.0
REG100998,18-01-2020,2020,Tamil Nadu,Trichy (TN-45),2W,Motorcycle,Honda,EV,BS4,0.0,2,4,True,False,34.285714285714285,85.71428571428571
REG100999,01-01-2024,2024,Karnataka,Belgaum (KA-22),2W,Moped,TVS,Petrol,BS6,150.0,2,0,False,True,41.29032258064516,100.0
REG101000,09-09-2022,2022,Gujarat,Ahmedabad (GJ-01),HCV,Trailer,MAN,Diesel,BS6,5660.0,2,2,False,True,50.0,95.65217391304348
REG101001,19-01-2023,2023,Rajasthan,Ajmer (RJ-01),4W,Sedan,Hyundai,EV,BS6,0.0,5,1,True,True,32.83582089552239,100.0
REG101002,15-11-2021,2021,Gujarat,Surat (GJ-05),HCV,Bus,Eicher,Diesel,BS6,6700.0,32,3,False,True,50.0,95.0
REG101003,13-12-2022,2022,Telangana,Nizamabad (TS-05),2W,Moped,TVS,Petrol,BS6,250.0,2,2,False,True,37.5,97.91666666666666
REG101004,10-07-2023,2023,Kerala,Kochi (KL-07),4W,Hatchback,Kia,EV,BS6,0.0,5,1,True,True,30.508474576271187,96.61016949152543
REG101005,09-02-2024,2024,Uttar Pradesh,Kanpur (UP-78),2W,Scooter,Suzuki,Petrol,BS6,160.0,2,0,False,True,27.77777777777778,100.0
REG101006,05-07-2021,2021,Karnataka,Belgaum (KA-22),2W,Moped,Suzuki,Petrol,BS6,200.0,2,3,False,True,32.88590604026846,94.63087248322147
REG101007,13-07-2019,2019,Gujarat,Surat (GJ-05),LCV,Mini Truck,Ashok Leyland,Diesel,BS4,2523.0,9,5,False,False,55.00000000000001,0.0
REG101008,25-12-2019,2019,Tamil Nadu,Trichy (TN-45),4W,SUV,Skoda,Diesel,BS4,1498.0,7,5,False,False,31.818181818181817,9.090909090909092
REG101009,14-12-2021,2021,Punjab,Chandigarh (CH-01),LCV,Mini Truck,Ashok Leyland,EV,BS6,0.0,9,3,True,True,38.46153846153847,100.0
REG101010,14-03-2020,2020,Punjab,Ludhiana (PB-10),2W,Moped,Ather,CNG,BS6,250.0,2,4,True,True,29.03225806451613,87.09677419354838
REG101011,08-11-2023,2023,Punjab,Amritsar (PB-02),2W,Moped,Yamaha,CNG,BS6,250.0,2,1,True,True,33.33333333333333,100.0
REG101012,24-09-2021,2021,Kerala,Thrissur (KL-08),2W,Scooter,KTM,EV,BS6,0.0,2,3,True,True,37.254901960784316,94.11764705882352
REG101013,03-05-2023,2023,Gujarat,Ahmedabad (GJ-01),HCV,Tanker,Volvo,Diesel,BS6,3760.0,2,1,False,True,36.84210526315789,100.0
REG101014,06-08-2023,2023,Punjab,Chandigarh (CH-01),2W,Scooter,Ather,EV,BS6,0.0,2,1,True,True,33.33333333333333,100.0
REG101015,04-03-2024,2024,Kerala,Kochi (KL-07),3W,Tempo,Kinetic Green,EV,BS6,0.0,3,0,True,True,36.17021276595745,100.0
REG101016,26-06-2023,2023,Punjab,Ludhiana (PB-10),HCV,Truck,MAN,Diesel,BS6,4998.0,2,1,False,True,33.33333333333333,100.0
REG101017,25-09-2024,2024,Madhya Pradesh,Ujjain (MP-13),2W,Scooter,TVS,CNG,BS6,150.0,2,0,True,True,48.837209302325576,100.0
REG101018,10-09-2024,2024,Tamil Nadu,Chennai Central (TN-01),2W,Motorcycle,Ather,Petrol,BS6,250.0,2,0,False,True,38.88888888888889,100.0
REG101019,02-03-2023,2023,Tamil Nadu,Madurai (TN-58),HCV,Trailer,MAN,Diesel,BS6,5660.0,2,1,False,True,41.509433962264154,96.22641509433963
REG101020,25-11-2020,2020,West Bengal,Durgapur (WB-40),2W,Motorcycle,Ola Electric,Petrol,BS6,400.0,2,4,False,True,30.76923076923077,88.46153846153845
REG101021,18-06-2018,2018,Maharashtra,Nashik (MH-15),LCV,Pickup Van,Tata Motors,Diesel,BS4,3298.0,9,6,False,False,44.44444444444444,0.0
REG101022,09-08-2021,2021,Karnataka,Bangalore Central (KA-01),2W,Moped,TVS,Petrol,BS6,350.0,2,3,False,True,32.88590604026846,94.63087248322147
REG101023,20-03-2024,2024,Delhi,Delhi Central (DL-01),3W,Auto Rickshaw,Mahindra,CNG,BS6,250.0,3,0,True,True,41.02564102564102,100.0
REG101024,25-02-2022,2022,West Bengal,Siliguri (WB-73),2W,Scooter,Suzuki,Petrol,BS6,350.0,2,2,False,True,35.714285714285715,98.21428571428571
REG101025,12-04-2021,2021,Madhya Pradesh,Jabalpur (MP-20),2W,Scooter,Suzuki,Petrol,BS6,110.0,2,3,False,True,44.89795918367347,95.91836734693877
REG101026,24-03-2021,2021,Delhi,Delhi West (DL-08),2W,Scooter,Suzuki,Hybrid,BS6,150.0,2,3,True,True,44.11764705882353,94.11764705882352
REG101027,07-03-2023,2023,West Bengal,Durgapur (WB-40),2W,Scooter,Ather,EV,BS6,0.0,2,1,True,True,45.0,97.5
REG101028,05-03-2024,2024,Uttar Pradesh,Allahabad (UP-70),4W,MUV,Tata Motors,Petrol,BS6,1197.0,7,0,False,True,27.77777777777778,100.0
REG101029,02-11-2023,2023,Telangana,Hyderabad (TS-09),4W,Sedan,Maruti Suzuki,EV,BS6,0.0,5,1,True,True,32.25806451612903,98.38709677419355
REG101030,19-09-2022,2022,West Bengal,Durgapur (WB-40),2W,Motorcycle,Suzuki,Petrol,BS6,125.0,2,2,False,True,35.714285714285715,98.21428571428571
REG101031,31-08-2023,2023,Delhi,Delhi West (DL-08),4W,SUV,Mahindra,EV,BS6,0.0,6,1,True,True,36.666666666666664,98.33333333333333
REG101032,21-05-2019,2019,Delhi,Delhi South (DL-09),4W,Sedan,Mahindra,Petrol,BS4,1462.0,5,5,False,False,17.647058823529413,11.76470588235294
REG101033,25-12-2021,2021,Uttar Pradesh,Lucknow (UP-32),4W,Hatchback,Maruti Suzuki,Diesel,BS6,1462.0,5,3,False,True,30.76923076923077,94.87179487179486
REG101034,18-05-2018,2018,Rajasthan,Udaipur (RJ-27),3W,Tempo,Mahindra,EV,BS4,0.0,6,6,True,False,54.54545454545454,0.0
REG101035,14-06-2018,2018,Rajasthan,Udaipur (RJ-27),2W,Motorcycle,TVS,Petrol,BS4,150.0,2,6,False,False,54.54545454545454,0.0
REG101036,05-07-2020,2020,Gujarat,Rajkot (GJ-03),2W,Moped,Honda,EV,BS6,0.0,2,4,True,True,33.33333333333333,81.81818181818183
REG101037,03-07-2024,2024,Gujarat,Ahmedabad (GJ-01),2W,Motorcycle,Ather,Hybrid,BS6,200.0,2,0,True,True,35.294117647058826,100.0
REG101038,16-07-2021,2021,Kerala,Kollam (KL-02),3W,E-Rickshaw,Piaggio,EV,BS6,0.0,3,3,True,True,37.254901960784316,94.11764705882352
REG101039,08-02-2023,2023,Tamil Nadu,Trichy (TN-45),2W,Moped,Bajaj,Petrol,BS6,400.0,2,1,False,True,41.509433962264154,96.22641509433963
REG101040,07-03-2023,2023,Punjab,Amritsar (PB-02),2W,Scooter,Bajaj,EV,BS6,0.0,2,1,True,True,33.33333333333333,100.0
REG101041,12-08-2023,2023,Uttar Pradesh,Allahabad (UP-70),4W,SUV,Toyota,Diesel,BS6,1000.0,8,1,False,True,26.666666666666668,100.0
REG101042,29-05-2021,2021,Uttar Pradesh,Allahabad (UP-70),HCV,Truck,Ashok Leyland,Diesel,BS6,3760.0,2,3,False,True,30.76923076923077,94.87179487179486
REG101043,08-02-2022,2022,Maharashtra,Pune (MH-12),4W,MUV,MG,EV,BS6,0.0,8,2,True,True,41.86046511627907,97.67441860465115
REG101044,02-01-2021,2021,Telangana,Karimnagar (TS-01),4W,MUV,Honda,CNG,BS6,1197.0,6,3,True,True,38.70967741935484,93.54838709677419
REG101045,13-05-2023,2023,Punjab,Chandigarh (CH-01),LCV,Light Bus,Force Motors,Diesel,BS6,3298.0,9,1,False,True,33.33333333333333,100.0
REG101046,21-01-2022,2022,Gujarat,Vadodara (GJ-06),4W,Sedan,Mahindra,Petrol,BS6,1197.0,5,2,False,True,50.0,95.65217391304348
REG101047,29-11-2022,2022,Tamil Nadu,Madurai (TN-58),LCV,Mini Truck,Mahindra,Diesel,BS6,3298.0,9,2,False,True,48.148148148148145,96.29629629629629
REG101048,10-11-2023,2023,Punjab,Amritsar (PB-02),2W,Moped,Ather,Petrol,BS6,160.0,2,1,False,True,33.33333333333333,100.0
REG101049,01-04-2023,2023,Rajasthan,Jaipur (RJ-14),4W,Hatchback,Toyota,Petrol,BS6,1498.0,5,1,False,True,32.83582089552239,100.0
REG101050,20-11-2020,2020,Telangana,Khammam (TS-07),2W,Moped,Suzuki,EV,BS6,0.0,2,4,True,True,45.16129032258064,90.32258064516128
REG101051,21-07-2020,2020,Telangana,Warangal (TS-03),4W,Sedan,Toyota,Petrol,BS6,1197.0,5,4,False,True,45.16129032258064,90.32258064516128
REG101052,31-03-2020,2020,Delhi,Delhi North (DL-04),2W,Scooter,Honda,EV,BS6,0.0,2,4,True,True,38.23529411764706,85.29411764705883
REG101053,01-04-2018,2018,Punjab,Jalandhar (PB-08),HCV,Bus,MAN,Diesel,BS4,6700.0,52,6,False,False,18.181818181818183,0.0
REG101054,21-02-2024,2024,Delhi,Delhi Central (DL-01),2W,Scooter,Bajaj,EV,BS6,0.0,2,0,True,True,41.02564102564102,100.0
REG101055,26-11-2019,2019,Tamil Nadu,Chennai Central (TN-01),4W,MUV,Honda,Petrol,BS4,800.0,6,5,False,False,31.818181818181817,9.090909090909092
REG101056,24-02-2023,2023,Delhi,Delhi Central (DL-01),2W,Moped,Ola Electric,Petrol,BS6,400.0,2,1,False,True,36.666666666666664,98.33333333333333
REG101057,16-08-2022,2022,Kerala,Kozhikode (KL-11),LCV,Mini Truck,Mahindra,Diesel,BS6,2956.0,9,2,False,True,32.608695652173914,100.0
REG101058,05-03-2021,2021,Rajasthan,Udaipur (RJ-27),2W,Motorcycle,Ather,CNG,BS6,100.0,2,3,True,True,42.857142857142854,95.23809523809523
REG101059,13-01-2020,2020,Maharashtra,Mumbai Central (MH-01),4W,Hatchback,Renault,Diesel,BS6,1462.0,5,4,False,True,34.61538461538461,84.61538461538461
REG101060,27-02-2021,2021,Uttar Pradesh,Kanpur (UP-78),2W,Scooter,Bajaj,CNG,BS6,350.0,2,3,True,True,30.76923076923077,94.87179487179486
REG101061,04-07-2022,2022,Tamil Nadu,Chennai Central (TN-01),2W,Scooter,Yamaha,Petrol,BS6,110.0,2,2,False,True,48.148148148148145,96.29629629629629
REG101062,06-08-2022,2022,Maharashtra,Aurangabad (MH-20),2W,Scooter,Ather,Petrol,BS6,125.0,2,2,False,True,41.86046511627907,97.67441860465115
REG101063,05-12-2021,2021,Madhya Pradesh,Gwalior (MP-07),4W,SUV,Toyota,Petrol,BS6,1598.0,7,3,False,True,44.89795918367347,95.91836734693877
REG101064,01-09-2020,2020,Kerala,Thiruvananthapuram (KL-01),4W,Sedan,Tata Motors,Diesel,BS6,1000.0,5,4,False,True,37.5,87.5
REG101065,04-04-2021,2021,Punjab,Jalandhar (PB-08),HCV,Trailer,Ashok Leyland,Diesel,BS6,6700.0,2,3,False,True,38.46153846153847,100.0
REG101066,12-03-2023,2023,Rajasthan,Udaipur (RJ-27),2W,Moped,Suzuki,EV,BS6,0.0,2,1,True,True,32.83582089552239,100.0
REG101067,12-02-2023,2023,Uttar Pradesh,Varanasi (UP-65),4W,MUV,Renault,Diesel,BS6,1968.0,6,1,False,True,26.666666666666668,100.0
REG101068,10-03-2021,2021,Kerala,Thiruvananthapuram (KL-01),2W,Motorcycle,Bajaj,Petrol,BS6,110.0,2,3,False,True,37.254901960784316,94.11764705882352
REG101069,03-08-2020,2020,Maharashtra,Nagpur (MH-31),2W,Motorcycle,Royal Enfield,EV,BS6,0.0,2,4,True,True,34.61538461538461,84.61538461538461
REG101070,14-01-2023,2023,Delhi,Delhi East (DL-02),2W,Motorcycle,Honda,CNG,BS6,250.0,2,1,True,True,36.666666666666664,98.33333333333333
REG101071,16-03-2024,2024,Rajasthan,Jaipur (RJ-14),4W,Hatchback,MG,CNG,BS6,1598.0,5,0,True,True,41.02564102564102,100.0
REG101072,13-03-2023,2023,Karnataka,Mysore (KA-09),2W,Moped,Suzuki,Petrol,BS6,400.0,2,1,False,True,37.17948717948718,99.14529914529915
REG101073,07-01-2023,2023,Kerala,Kozhikode (KL-11),3W,Tempo,TVS,Diesel,BS6,250.0,3,1,False,True,30.508474576271187,96.61016949152543
REG101074,06-01-2020,2020,Tamil Nadu,Chennai Central (TN-01),LCV,Mini Truck,Eicher,EV,BS6,0.0,9,4,True,True,34.285714285714285,85.71428571428571
REG101075,05-08-2021,2021,Madhya Pradesh,Jabalpur (MP-20),4W,SUV,Skoda,Diesel,BS6,1197.0,7,3,False,True,44.89795918367347,95.91836734693877
REG101076,20-07-2022,2022,Karnataka,Belgaum (KA-22),2W,Motorcycle,Bajaj,Petrol,BS6,125.0,2,2,False,True,43.333333333333336,96.66666666666667
REG101077,27-07-2021,2021,Kerala,Kollam (KL-02),4W,Hatchback,MG,Diesel,BS6,1968.0,5,3,False,True,37.254901960784316,94.11764705882352
REG101078,05-11-2019,2019,Maharashtra,Nagpur (MH-31),4W,Sedan,Kia,Petrol,BS4,1598.0,5,5,False,False,36.84210526315789,5.263157894736842
REG101079,08-06-2022,2022,Delhi,Delhi West (DL-08),2W,Motorcycle,Honda,Petrol,BS6,150.0,2,2,False,True,28.57142857142857,100.0
REG101080,17-10-2019,2019,Telangana,Warangal (TS-03),4W,Hatchback,Mahindra,Petrol,BS4,800.0,5,5,False,False,26.666666666666668,6.666666666666667
REG101081,14-09-2023,2023,Maharashtra,Mumbai Central (MH-01),2W,Scooter,Hero,Petrol,BS6,150.0,2,1,False,True,32.72727272727273,98.18181818181819
REG101082,15-09-2021,2021,Rajasthan,Udaipur (RJ-27),4W,Sedan,Hyundai,Diesel,BS6,1000.0,5,3,False,True,42.857142857142854,95.23809523809523
REG101083,16-12-2021,2021,Maharashtra,Aurangabad (MH-20),4W,MUV,Skoda,Petrol,BS6,2179.0,5,3,False,True,44.73684210526316,100.0
REG101084,24-03-2023,2023,Madhya Pradesh,Bhopal (MP-04),HCV,Bus,Ashok Leyland,CNG,BS6,4998.0,52,1,True,True,36.36363636363637,96.36363636363636
REG101085,16-11-2021,2021,Kerala,Kollam (KL-02),4W,SUV,MG,Petrol,BS6,1968.0,5,3,False,True,37.254901960784316,94.11764705882352
REG101086,17-11-2024,2024,Kerala,Thrissur (KL-08),2W,Moped,Ola Electric,Petrol,BS6,350.0,2,0,False,True,36.17021276595745,100.0
REG101087,10-06-2022,2022,Karnataka,Bangalore Central (KA-01),2W,Scooter,Ather,Petrol,BS6,125.0,2,2,False,True,43.333333333333336,96.66666666666667
REG101088,30-12-2019,2019,Gujarat,Surat (GJ-05),2W,Moped,Yamaha,Petrol,BS4,350.0,2,5,False,False,55.00000000000001,0.0
REG101089,21-01-2024,2024,Gujarat,Rajkot (GJ-03),OTH,Crane,TAFE,Diesel,BS6,5660.0,1,0,False,True,35.294117647058826,100.0
REG101090,10-06-2021,2021,Uttar Pradesh,Varanasi (UP-65),LCV,Light Bus,Mahindra,Diesel,BS6,3298.0,9,3,False,True,30.76923076923077,94.87179487179486
REG101091,30-01-2023,2023,Madhya Pradesh,Jabalpur (MP-20),3W,E-Rickshaw,Kinetic Green,CNG,BS6,225.0,3,1,True,True,36.36363636363637,96.36363636363636
REG101092,07-02-2020,2020,Telangana,Hyderabad (TS-09),2W,Motorcycle,Royal Enfield,Petrol,BS6,150.0,2,4,False,True,45.16129032258064,90.32258064516128
REG101093,25-02-2023,2023,Uttar Pradesh,Varanasi (UP-65),4W,SUV,MG,Diesel,BS6,1000.0,6,1,False,True,26.666666666666668,100.0
REG101094,12-06-2021,2021,Kerala,Thiruvananthapuram (KL-01),HCV,Tanker,BharatBenz,Diesel,BS6,5660.0,2,3,False,True,37.254901960784316,94.11764705882352
REG101095,21-03-2022,2022,West Bengal,Howrah (WB-13),4W,MUV,Hyundai,Petrol,BS6,2179.0,6,2,False,True,35.714285714285715,98.21428571428571
REG101096,09-08-2021,2021,Madhya Pradesh,Indore (MP-09),2W,Motorcycle,Ola Electric,Hybrid,BS6,350.0,2,3,True,True,44.89795918367347,95.91836734693877
REG101097,12-02-2020,2020,Delhi,Delhi Central (DL-01),2W,Motorcycle,Suzuki,Petrol,BS6,125.0,2,4,False,True,38.23529411764706,85.29411764705883
REG101098,13-05-2022,2022,Karnataka,Hubli (KA-25),2W,Scooter,KTM,Petrol,BS6,125.0,2,2,False,True,43.333333333333336,96.66666666666667
REG101099,28-06-2021,2021,Maharashtra,Mumbai Central (MH-01),LCV,Pickup Van,Ashok Leyland,EV,BS6,0.0,9,3,True,True,44.73684210526316,100.0
REG101100,18-07-2024,2024,West Bengal,Asansol (WB-39),4W,Sedan,Honda,Diesel,BS6,800.0,5,0,False,True,27.027027027027028,100.0
REG101101,16-03-2020,2020,Karnataka,Belgaum (KA-22),4W,SUV,Toyota,Petrol,BS6,2179.0,7,4,False,True,37.5,83.33333333333334
REG101102,20-11-2024,2024,Karnataka,Mangalore (KA-19),2W,Moped,Hero,EV,BS6,0.0,2,0,True,True,41.29032258064516,100.0
REG101103,27-03-2023,2023,Madhya Pradesh,Ujjain (MP-13),2W,Motorcycle,Bajaj,Petrol,BS4,150.0,2,1,False,False,36.36363636363637,96.36363636363636
REG101104,09-01-2021,2021,Uttar Pradesh,Kanpur (UP-78),2W,Motorcycle,Ola Electric,Petrol,BS6,160.0,2,3,False,True,30.76923076923077,94.87179487179486
REG101105,29-07-2024,2024,Gujarat,Gandhinagar (GJ-18),4W,Hatchback,MG,EV,BS6,0.0,5,0,True,True,35.294117647058826,100.0
REG101106,01-04-2022,2022,Telangana,Karimnagar (TS-01),3W,E-Rickshaw,Bajaj,CNG,BS6,225.0,3,2,True,True,37.5,97.91666666666666
REG101107,20-02-2021,2021,Uttar Pradesh,Varanasi (UP-65),2W,Moped,Suzuki,EV,BS6,0.0,2,3,True,True,30.76923076923077,94.87179487179486
REG101108,06-10-2023,2023,Karnataka,Bangalore Central (KA-01),4W,MUV,Hyundai,Diesel,BS6,1000.0,8,1,False,True,37.17948717948718,99.14529914529915
REG101109,09-10-2020,2020,Telangana,Khammam (TS-07),4W,SUV,Honda,Petrol,BS6,1968.0,5,4,False,True,45.16129032258064,90.32258064516128
REG101110,26-12-2024,2024,Delhi,Delhi North (DL-04),HCV,Trailer,BharatBenz,Diesel,BS6,6700.0,2,0,False,True,41.02564102564102,100.0
REG101111,11-12-2021,2021,Rajasthan,Jodhpur (RJ-19),3W,E-Rickshaw,Kinetic Green,CNG,BS6,225.0,3,3,True,True,42.857142857142854,95.23809523809523
REG101112,12-06-2023,2023,Uttar Pradesh,Lucknow (UP-32),2W,Motorcycle,Yamaha,EV,BS6,0.0,2,1,True,True,26.666666666666668,100.0
REG101113,20-07-2020,2020,Tamil Nadu,Trichy (TN-45),OTH,Tractor,Escorts,Diesel,BS6,3760.0,1,4,False,True,34.285714285714285,85.71428571428571
REG101114,22-09-2021,2021,Uttar Pradesh,Kanpur (UP-78),HCV,Tanker,MAN,Diesel,BS6,4998.0,2,3,False,True,30.76923076923077,94.87179487179486
REG101115,18-11-2023,2023,Delhi,Delhi Central (DL-01),4W,Sedan,Renault,Petrol,BS6,1498.0,5,1,False,True,36.666666666666664,98.33333333333333
REG101116,20-03-2023,2023,Rajasthan,Jodhpur (RJ-19),2W,Motorcycle,Suzuki,Petrol,BS6,100.0,2,1,False,True,32.83582089552239,100.0
REG101117,08-03-2018,2018,Punjab,Patiala (PB-11),HCV,Truck,Eicher,Diesel,BS4,6700.0,2,6,False,False,18.181818181818183,0.0
REG101118,13-07-2022,2022,Tamil Nadu,Coimbatore (TN-37),4W,Sedan,Kia,Petrol,BS6,1498.0,5,2,False,True,48.148148148148145,96.29629629629629
REG101119,23-08-2024,2024,Gujarat,Ahmedabad (GJ-01),HCV,Truck,MAN,Diesel,BS6,5660.0,2,0,False,True,35.294117647058826,100.0
REG101120,17-04-2022,2022,Karnataka,Mysore (KA-09),2W,Motorcycle,Honda,Petrol,BS6,250.0,2,2,False,True,43.333333333333336,96.66666666666667
REG101121,17-04-2024,2024,Karnataka,Mangalore (KA-19),4W,MUV,Hyundai,Diesel,BS6,1968.0,8,0,False,True,41.29032258064516,100.0
REG101122,17-10-2024,2024,Rajasthan,Udaipur (RJ-27),4W,Sedan,Kia,Petrol,BS6,800.0,5,0,False,True,41.02564102564102,100.0
REG101123,11-05-2018,2018,Rajasthan,Kota (RJ-20),3W,Tempo,Atul Auto,EV,BS4,0.0,3,6,True,False,54.54545454545454,0.0
REG101124,16-01-2019,2019,Punjab,Chandigarh (CH-01),4W,Sedan,Mahindra,Diesel,BS4,1598.0,5,5,False,False,52.63157894736842,15.789473684210526
REG101125,28-06-2022,2022,Delhi,Delhi Central (DL-01),4W,Sedan,Kia,Petrol,BS6,1462.0,5,2,False,True,28.57142857142857,100.0
REG101126,23-05-2020,2020,West Bengal,Siliguri (WB-73),2W,Scooter,Bajaj,Petrol,BS4,250.0,2,4,False,False,30.76923076923077,88.46153846153845
REG101127,09-08-2024,2024,Karnataka,Belgaum (KA-22),4W,SUV,Tata Motors,Petrol,BS6,2179.0,8,0,False,True,41.29032258064516,100.0
REG101128,30-06-2022,2022,Punjab,Amritsar (PB-02),4W,Hatchback,Skoda,Diesel,BS6,1598.0,5,2,False,True,39.21568627450981,98.0392156862745
REG101129,27-11-2021,2021,West Bengal,Howrah (WB-13),LCV,Light Bus,Ashok Leyland,CNG,BS6,3298.0,12,3,True,True,39.130434782608695,95.65217391304348
REG101130,21-04-2021,2021,Maharashtra,Mumbai Central (MH-01),2W,Scooter,Suzuki,Petrol,BS6,200.0,2,3,False,True,44.73684210526316,100.0
REG101131,18-06-2023,2023,Rajasthan,Jodhpur (RJ-19),4W,Hatchback,Maruti Suzuki,Diesel,BS6,1462.0,5,1,False,True,32.83582089552239,100.0
REG101132,27-09-2021,2021,Punjab,Amritsar (PB-02),LCV,Light Bus,Tata Motors,Diesel,BS6,2956.0,9,3,False,True,38.46153846153847,100.0
REG101133,11-08-2022,2022,Telangana,Nizamabad (TS-05),4W,Hatchback,Skoda,EV,BS6,0.0,5,2,True,True,37.5,97.91666666666666
REG101134,02-03-2024,2024,Delhi,Delhi East (DL-02),2W,Scooter,KTM,Petrol,BS6,110.0,2,0,False,True,41.02564102564102,100.0
REG101135,26-11-2018,2018,West Bengal,Howrah (WB-13),4W,MUV,Mahindra,CNG,BS4,800.0,8,6,True,False,50.0,0.0
REG101136,21-06-2024,2024,Gujarat,Surat (GJ-05),LCV,Pickup Van,Tata Motors,Diesel,BS6,2523.0,9,0,False,True,35.294117647058826,100.0
REG101137,24-07-2021,2021,West Bengal,Kolkata (WB-01),4W,MUV,Kia,Petrol,BS6,1000.0,7,3,False,True,39.130434782608695,95.65217391304348
REG101138,10-07-2024,2024,West Bengal,Asansol (WB-39),2W,Scooter,KTM,EV,BS6,0.0,2,0,True,True,27.027027027027028,100.0
REG101139,11-08-2024,2024,Karnataka,Bangalore Central (KA-01),2W,Motorcycle,TVS,Petrol,BS6,150.0,2,0,False,True,41.29032258064516,100.0
REG101140,12-05-2024,2024,Tamil Nadu,Chennai Central (TN-01),2W,Scooter,Ather,Petrol,BS6,100.0,2,0,False,True,38.88888888888889,100.0
REG101141,19-05-2023,2023,Karnataka,Bangalore Central (KA-01),HCV,Truck,Volvo,Diesel,BS6,4998.0,2,1,False,True,37.17948717948718,99.14529914529915
REG101142,23-11-2022,2022,Punjab,Jalandhar (PB-08),2W,Scooter,TVS,Hybrid,BS6,350.0,2,2,True,True,39.21568627450981,98.0392156862745
REG101143,14-06-2023,2023,Madhya Pradesh,Bhopal (MP-04),3W,Auto Rickshaw,Atul Auto,Diesel,BS6,225.0,3,1,False,True,36.36363636363637,96.36363636363636
REG101144,04-12-2023,2023,Karnataka,Hubli (KA-25),4W,Hatchback,Toyota,CNG,BS6,1462.0,5,1,True,True,37.17948717948718,99.14529914529915
REG101145,07-09-2023,2023,Karnataka,Mangalore (KA-19),2W,Motorcycle,Bajaj,EV,BS6,0.0,2,1,True,True,37.17948717948718,99.14529914529915
REG101146,16-09-2022,2022,Rajasthan,Jodhpur (RJ-19),4W,SUV,Kia,EV,BS6,0.0,6,2,True,True,30.0,100.0
REG101147,06-04-2020,2020,Delhi,Delhi West (DL-08),2W,Scooter,Ola Electric,EV,BS6,0.0,2,4,True,True,38.23529411764706,85.29411764705883
REG101148,24-02-2019,2019,Gujarat,Rajkot (GJ-03),2W,Scooter,Ola Electric,EV,BS4,0.0,2,5,True,False,55.00000000000001,0.0
REG101149,20-08-2022,2022,Delhi,Delhi Central (DL-01),LCV,Mini Truck,Ashok Leyland,Diesel,BS6,3298.0,9,2,False,True,28.57142857142857,100.0
REG101150,18-09-2021,2021,Karnataka,Belgaum (KA-22),2W,Scooter,Bajaj,Petrol,BS6,200.0,2,3,False,True,32.88590604026846,94.63087248322147
REG101151,10-04-2021,2021,Maharashtra,Nashik (MH-15),2W,Motorcycle,Hero,EV,BS6,0.0,2,3,True,True,44.73684210526316,100.0
REG101152,25-02-2022,2022,Delhi,Delhi North (DL-04),2W,Scooter,Ather,EV,BS6,0.0,2,2,True,True,28.57142857142857,100.0
REG101153,16-05-2024,2024,Madhya Pradesh,Indore (MP-09),HCV,Bus,Tata Motors,Diesel,BS6,4998.0,32,0,False,True,48.837209302325576,100.0
REG101154,21-12-2021,2021,Telangana,Hyderabad (TS-09),2W,Moped,Suzuki,Petrol,BS6,160.0,2,3,False,True,38.70967741935484,93.54838709677419
REG101155,28-05-2021,2021,West Bengal,Howrah (WB-13),2W,Motorcycle,Yamaha,EV,BS6,0.0,2,3,True,True,39.130434782608695,95.65217391304348
REG101156,03-05-2023,2023,Karnataka,Mysore (KA-09),3W,Tempo,Atul Auto,Diesel,BS6,225.0,6,1,False,True,37.17948717948718,99.14529914529915
REG101157,30-08-2024,2024,Madhya Pradesh,Bhopal (MP-04),2W,Scooter,KTM,Petrol,BS6,250.0,2,0,False,True,48.837209302325576,100.0
REG101158,01-11-2023,2023,Rajasthan,Jaipur (RJ-14),2W,Scooter,Honda,Petrol,BS6,200.0,2,1,False,True,32.83582089552239,100.0
REG101159,18-10-2018,2018,West Bengal,Asansol (WB-39),2W,Motorcycle,KTM,Petrol,BS4,160.0,2,6,False,False,50.0,0.0
REG101160,21-06-2021,2021,Delhi,Delhi South (DL-09),3W,Auto Rickshaw,Bajaj,CNG,BS6,225.0,6,3,True,True,44.11764705882353,94.11764705882352
REG101161,30-06-2021,2021,Kerala,Kozhikode (KL-11),OTH,Crane,Sonalika,Diesel,BS6,5660.0,1,3,False,True,37.254901960784316,94.11764705882352
REG101162,17-03-2023,2023,Telangana,Khammam (TS-07),3W,E-Rickshaw,Kinetic Green,EV,BS6,0.0,3,1,True,True,32.25806451612903,98.38709677419355
REG101163,04-07-2023,2023,Madhya Pradesh,Indore (MP-09),2W,Motorcycle,Bajaj,EV,BS6,0.0,2,1,True,True,36.36363636363637,96.36363636363636
REG101164,05-10-2024,2024,Kerala,Thiruvananthapuram (KL-01),2W,Scooter,Honda,Petrol,BS6,350.0,2,0,False,True,36.17021276595745,100.0
REG101165,22-05-2021,2021,Telangana,Warangal (TS-03),2W,Moped,Yamaha,Petrol,BS6,160.0,2,3,False,True,38.70967741935484,93.54838709677419
REG101166,18-10-2022,2022,Delhi,Delhi Central (DL-01),4W,SUV,Skoda,Petrol,BS6,1598.0,7,2,False,True,28.57142857142857,100.0
REG101167,29-05-2023,2023,Karnataka,Bangalore Central (KA-01),3W,Tempo,Piaggio,Diesel,BS6,225.0,6,1,False,True,37.17948717948718,99.14529914529915
REG101168,31-10-2018,2018,West Bengal,Durgapur (WB-40),2W,Scooter,Hero,EV,BS4,0.0,2,6,True,False,50.0,0.0
REG101169,09-05-2023,2023,Maharashtra,Nashik (MH-15),2W,Scooter,Yamaha,EV,BS6,0.0,2,1,True,True,32.72727272727273,98.18181818181819
REG101170,11-04-2021,2021,Rajasthan,Kota (RJ-20),4W,Sedan,Hyundai,EV,BS6,0.0,5,3,True,True,42.857142857142854,95.23809523809523
REG101171,24-07-2023,2023,Gujarat,Surat (GJ-05),2W,Scooter,Bajaj,CNG,BS6,110.0,2,1,True,True,36.84210526315789,100.0
REG101172,24-10-2023,2023,Gujarat,Vadodara (GJ-06),4W,Sedan,Skoda,Diesel,BS6,1197.0,5,1,False,True,36.84210526315789,100.0
REG101173,18-11-2019,2019,Gujarat,Surat (GJ-05),2W,Motorcycle,Royal Enfield,Petrol,BS4,350.0,2,5,False,False,55.00000000000001,0.0
REG101174,10-06-2022,2022,Telangana,Warangal (TS-03),2W,Scooter,Honda,Petrol,BS6,400.0,2,2,False,True,37.5,97.91666666666666
REG101175,15-01-2024,2024,Madhya Pradesh,Gwalior (MP-07),3W,E-Rickshaw,Mahindra,Diesel,BS6,200.0,3,0,False,True,48.837209302325576,100.0
REG101176,14-11-2022,2022,Karnataka,Mysore (KA-09),4W,SUV,Mahindra,CNG,BS6,1462.0,7,2,True,True,43.333333333333336,96.66666666666667
REG101177,24-08-2023,2023,Maharashtra,Nashik (MH-15),2W,Moped,Hero,EV,BS6,0.0,2,1,True,True,32.72727272727273,98.18181818181819
REG101178,17-10-2022,2022,Karnataka,Bangalore Central (KA-01),2W,Moped,Honda,Petrol,BS6,350.0,2,2,False,True,43.333333333333336,96.66666666666667
REG101179,28-01-2022,2022,Kerala,Kozhikode (KL-11),LCV,Mini Truck,Eicher,CNG,BS6,2956.0,9,2,True,True,32.608695652173914,100.0
REG101180,20-03-2024,2024,Tamil Nadu,Trichy (TN-45),4W,MUV,Tata Motors,Petrol,BS6,1498.0,7,0,False,True,38.88888888888889,100.0
REG101181,03-03-2018,2018,Kerala,Thiruvananthapuram (KL-01),4W,Sedan,Hyundai,Petrol,BS4,1462.0,5,6,False,False,36.36363636363637,0.0
REG101182,03-06-2021,2021,Delhi,Delhi East (DL-02),2W,Motorcycle,Ather,EV,BS6,0.0,2,3,True,True,44.11764705882353,94.11764705882352
REG101183,12-11-2022,2022,West Bengal,Howrah (WB-13),4W,SUV,Skoda,EV,BS6,0.0,8,2,True,True,35.714285714285715,98.21428571428571
REG101184,07-10-2022,2022,Tamil Nadu,Chennai Central (TN-01),2W,Moped,Bajaj,Petrol,BS6,150.0,2,2,False,True,48.148148148148145,96.29629629629629
REG101185,21-05-2022,2022,West Bengal,Siliguri (WB-73),2W,Moped,Honda,EV,BS6,0.0,2,2,True,True,35.714285714285715,98.21428571428571
REG101186,16-10-2021,2021,Uttar Pradesh,Lucknow (UP-32),3W,E-Rickshaw,Piaggio,CNG,BS6,225.0,3,3,True,True,30.76923076923077,94.87179487179486
REG101187,13-03-2018,2018,Punjab,Amritsar (PB-02),2W,Moped,Ola Electric,EV,BS4,0.0,2,6,True,False,18.181818181818183,0.0
REG101188,17-04-2024,2024,Kerala,Thrissur (KL-08),2W,Motorcycle,Yamaha,EV,BS6,0.0,2,0,True,True,36.17021276595745,100.0
REG101189,15-10-2020,2020,Kerala,Kollam (KL-02),2W,Motorcycle,TVS,EV,BS6,0.0,2,4,True,True,37.5,87.5
REG101190,05-09-2019,2019,West Bengal,Howrah (WB-13),2W,Moped,Royal Enfield,Petrol,BS4,250.0,2,5,False,False,42.10526315789473,10.526315789473683
REG101191,28-06-2021,2021,West Bengal,Asansol (WB-39),4W,SUV,Tata Motors,EV,BS6,0.0,5,3,True,True,39.130434782608695,95.65217391304348
REG101192,14-12-2023,2023,Maharashtra,Mumbai Central (MH-01),LCV,Mini Truck,Mahindra,Diesel,BS6,2956.0,9,1,False,True,32.72727272727273,98.18181818181819
REG101193,01-02-2024,2024,Delhi,Delhi East (DL-02),2W,Motorcycle,Suzuki,Hybrid,BS6,160.0,2,0,True,True,41.02564102564102,100.0
REG101194,20-11-2023,2023,Gujarat,Ahmedabad (GJ-01),2W,Moped,Honda,EV,BS6,0.0,2,1,True,True,36.84210526315789,100.0
REG101195,11-10-2024,2024,Tamil Nadu,Madurai (TN-58),2W,Scooter,Suzuki,Petrol,BS6,150.0,2,0,False,True,38.88888888888889,100.0
REG101196,10-08-2020,2020,Delhi,Delhi West (DL-08),3W,Tempo,TVS,CNG,BS6,225.0,3,4,True,True,38.23529411764706,85.29411764705883
REG101197,04-07-2023,2023,Punjab,Chandigarh (CH-01),4W,Hatchback,Mahindra,Petrol,BS6,1968.0,5,1,False,True,33.33333333333333,100.0
REG101198,14-09-2022,2022,Rajasthan,Jodhpur (RJ-19),4W,MUV,Mahindra,Petrol,BS6,1598.0,7,2,False,True,30.0,100.0
REG101199,19-10-2023,2023,Punjab,Patiala (PB-11),LCV,Mini Truck,Force Motors,Diesel,BS6,2523.0,9,1,False,True,33.33333333333333,100.0
REG101200,12-01-2022,2022,Telangana,Nizamabad (TS-05),2W,Scooter,Bajaj,Petrol,BS6,150.0,2,2,False,True,37.5,97.91666666666666
REG101201,30-09-2024,2024,Gujarat,Vadodara (GJ-06),2W,Scooter,Honda,Petrol,BS6,160.0,2,0,False,True,35.294117647058826,100.0
REG101202,26-02-2018,2018,Delhi,Delhi South (DL-09),HCV,Trailer,BharatBenz,Diesel,BS4,5660.0,2,6,False,False,17.647058823529413,0.0
REG101203,31-01-2021,2021,Gujarat,Ahmedabad (GJ-01),2W,Scooter,Royal Enfield,Petrol,BS4,125.0,2,3,False,False,50.0,95.0
REG101204,09-11-2022,2022,Delhi,Delhi South (DL-09),4W,SUV,Maruti Suzuki,Petrol,BS6,800.0,7,2,False,True,28.57142857142857,100.0
REG101205,22-01-2024,2024,Karnataka,Mangalore (KA-19),4W,Hatchback,Renault,Diesel,BS6,1000.0,5,0,False,True,41.29032258064516,100.0
REG101206,11-01-2021,2021,West Bengal,Asansol (WB-39),2W,Scooter,Suzuki,EV,BS6,0.0,2,3,True,True,39.130434782608695,95.65217391304348
REG101207,13-07-2022,2022,Maharashtra,Pune (MH-12),4W,MUV,Maruti Suzuki,CNG,BS6,1197.0,8,2,True,True,41.86046511627907,97.67441860465115
REG101208,29-06-2024,2024,Kerala,Thrissur (KL-08),4W,Hatchback,MG,Petrol,BS6,1462.0,5,0,False,True,36.17021276595745,100.0
REG101209,01-10-2020,2020,Uttar Pradesh,Lucknow (UP-32),2W,Motorcycle,Ola Electric,Petrol,BS4,150.0,2,4,False,False,35.714285714285715,78.57142857142857
REG101210,03-04-2018,2018,Maharashtra,Mumbai Central (MH-01),LCV,Mini Truck,Tata Motors,Diesel,BS4,3298.0,9,6,False,False,44.44444444444444,0.0
REG101211,03-12-2022,2022,Rajasthan,Kota (RJ-20),4W,Sedan,Kia,Petrol,BS6,1000.0,5,2,False,True,30.0,100.0
REG101212,23-04-2023,2023,Karnataka,Hubli (KA-25),HCV,Bus,BharatBenz,CNG,BS6,6700.0,32,1,True,True,37.17948717948718,99.14529914529915
REG101213,23-12-2024,2024,Rajasthan,Ajmer (RJ-01),2W,Moped,Bajaj,EV,BS6,0.0,2,0,True,True,41.02564102564102,100.0
REG101214,12-03-2021,2021,Telangana,Hyderabad (TS-09),2W,Scooter,Ola Electric,EV,BS6,0.0,2,3,True,True,38.70967741935484,93.54838709677419
REG101215,19-01-2023,2023,Delhi,Delhi West (DL-08),4W,Sedan,Hyundai,Diesel,BS6,1462.0,5,1,False,True,36.666666666666664,98.33333333333333
REG101216,16-07-2021,2021,Madhya Pradesh,Jabalpur (MP-20),HCV,Truck,BharatBenz,Diesel,BS6,5660.0,2,3,False,True,44.89795918367347,95.91836734693877
REG101217,15-08-2024,2024,Maharashtra,Nagpur (MH-31),LCV,Pickup Van,Force Motors,Diesel,BS6,2523.0,9,0,False,True,45.714285714285715,100.0
REG101218,05-10-2023,2023,Delhi,Delhi North (DL-04),2W,Scooter,Ather,Petrol,BS6,200.0,2,1,False,True,36.666666666666664,98.33333333333333
REG101219,15-01-2022,2022,Maharashtra,Aurangabad (MH-20),4W,SUV,Kia,Hybrid,BS6,1598.0,8,2,True,True,41.86046511627907,97.67441860465115
REG101220,18-10-2022,2022,Uttar Pradesh,Lucknow (UP-32),4W,MUV,Kia,Diesel,BS6,1480.0,7,2,False,True,42.592592592592595,96.29629629629629
REG101221,21-05-2021,2021,Tamil Nadu,Salem (TN-30),3W,Auto Rickshaw,Piaggio,CNG,BS6,200.0,3,3,True,True,21.62162162162162,89.1891891891892
REG101222,04-12-2021,2021,Telangana,Nizamabad (TS-05),2W,Scooter,Hero,EV,BS6,0.0,2,3,True,True,38.70967741935484,93.54838709677419
REG101223,02-04-2021,2021,Madhya Pradesh,Ujjain (MP-13),2W,Scooter,Ola Electric,EV,BS6,0.0,2,3,True,True,44.89795918367347,95.91836734693877
REG101224,22-04-2022,2022,West Bengal,Kolkata (WB-01),2W,Scooter,Hero,Petrol,BS6,250.0,2,2,False,True,35.714285714285715,98.21428571428571
REG101225,14-08-2021,2021,Maharashtra,Aurangabad (MH-20),HCV,Trailer,Eicher,Diesel,BS6,4998.0,2,3,False,True,44.73684210526316,100.0
REG101226,01-12-2020,2020,Gujarat,Vadodara (GJ-06),LCV,Mini Truck,Mahindra,CNG,BS6,2523.0,9,4,True,True,33.33333333333333,81.81818181818183
REG101227,27-04-2021,2021,Karnataka,Bangalore Central (KA-01),2W,Moped,KTM,EV,BS6,0.0,2,3,True,True,32.88590604026846,94.63087248322147
REG101228,01-05-2023,2023,Kerala,Kozhikode (KL-11),OTH,Tractor,John Deere,Diesel,BS6,5660.0,1,1,False,True,30.508474576271187,96.61016949152543
REG101229,09-07-2020,2020,Karnataka,Belgaum (KA-22),2W,Moped,Honda,Petrol,BS6,250.0,2,4,False,True,37.5,83.33333333333334
REG101230,21-06-2022,2022,Karnataka,Mangalore (KA-19),LCV,Mini Truck,Tata Motors,Diesel,BS6,2956.0,9,2,False,True,43.333333333333336,96.66666666666667
REG101231,28-05-2020,2020,Rajasthan,Udaipur (RJ-27),HCV,Trailer,Eicher,Diesel,BS6,4998.0,2,4,False,True,52.0,84.0
REG101232,25-10-2023,2023,Maharashtra,Mumbai Central (MH-01),4W,SUV,Renault,EV,BS6,0.0,6,1,True,True,32.72727272727273,98.18181818181819
REG101233,10-02-2023,2023,Uttar Pradesh,Allahabad (UP-70),2W,Moped,TVS,Petrol,BS6,110.0,2,1,False,True,26.666666666666668,100.0
REG101234,04-03-2023,2023,Delhi,Delhi South (DL-09),3W,Tempo,Kinetic Green,EV,BS6,0.0,7,1,True,True,36.666666666666664,98.33333333333333
REG101235,05-05-2023,2023,West Bengal,Asansol (WB-39),3W,E-Rickshaw,TVS,CNG,BS6,250.0,3,1,True,True,45.0,97.5
REG101236,28-07-2020,2020,Rajasthan,Jodhpur (RJ-19),3W,Tempo,Bajaj,EV,BS4,0.0,3,4,True,False,52.0,84.0
REG101237,03-08-2022,2022,Rajasthan,Ajmer (RJ-01),3W,E-Rickshaw,Kinetic Green,Diesel,BS6,225.0,3,2,False,True,30.0,100.0
REG101238,27-05-2019,2019,Tamil Nadu,Trichy (TN-45),2W,Scooter,Ola Electric,CNG,BS4,200.0,2,5,True,False,31.818181818181817,9.090909090909092
REG101239,12-04-2022,2022,Rajasthan,Jaipur (RJ-14),2W,Scooter,Ather,Petrol,BS6,125.0,2,2,False,True,30.0,100.0
REG101240,21-02-2022,2022,West Bengal,Kolkata (WB-01),2W,Scooter,Royal Enfield,Hybrid,BS6,125.0,2,2,True,True,35.714285714285715,98.21428571428571
REG101241,18-07-2022,2022,Maharashtra,Nashik (MH-15),2W,Motorcycle,Honda,Petrol,BS6,250.0,2,2,False,True,41.86046511627907,97.67441860465115
REG101242,22-06-2021,2021,Rajasthan,Jodhpur (RJ-19),2W,Moped,Bajaj,CNG,BS6,160.0,2,3,True,True,42.857142857142854,95.23809523809523
REG101243,18-08-2023,2023,Punjab,Patiala (PB-11),2W,Moped,Hero,Petrol,BS6,250.0,2,1,False,True,33.33333333333333,100.0
REG101244,04-04-2022,2022,Madhya Pradesh,Jabalpur (MP-20),4W,MUV,Kia,Hybrid,BS6,1462.0,5,2,True,True,39.53488372093023,100.0
REG101245,18-09-2021,2021,Tamil Nadu,Chennai Central (TN-01),4W,SUV,MG,Diesel,BS6,1498.0,5,3,False,True,21.62162162162162,89.1891891891892
REG101246,17-09-2024,2024,Delhi,Delhi West (DL-08),3W,Auto Rickshaw,Atul Auto,EV,BS6,0.0,6,0,True,True,41.02564102564102,100.0
REG101247,18-04-2023,2023,Rajasthan,Udaipur (RJ-27),2W,Motorcycle,TVS,Petrol,BS6,250.0,2,1,False,True,32.83582089552239,100.0
REG101248,28-05-2021,2021,Telangana,Nizamabad (TS-05),4W,SUV,Hyundai,Diesel,BS6,1498.0,8,3,False,True,38.70967741935484,93.54838709677419
REG101249,08-12-2023,2023,West Bengal,Howrah (WB-13),LCV,Pickup Van,Ashok Leyland,CNG,BS6,3298.0,9,1,True,True,45.0,97.5
REG101250,02-10-2024,2024,Karnataka,Mysore (KA-09),4W,Sedan,Maruti Suzuki,CNG,BS6,1462.0,5,0,True,True,41.29032258064516,100.0
REG101251,06-03-2023,2023,West Bengal,Kolkata (WB-01),2W,Scooter,Ola Electric,Petrol,BS6,350.0,2,1,False,True,45.0,97.5
REG101252,12-03-2022,2022,Gujarat,Ahmedabad (GJ-01),4W,Hatchback,MG,Diesel,BS6,1498.0,5,2,False,True,50.0,95.65217391304348
REG101253,21-05-2020,2020,Rajasthan,Jaipur (RJ-14),4W,Sedan,Hyundai,Diesel,BS6,2179.0,5,4,False,True,52.0,84.0
REG101254,11-06-2024,2024,Kerala,Kozhikode (KL-11),LCV,Mini Truck,Force Motors,Diesel,BS6,2956.0,9,0,False,True,36.17021276595745,100.0
REG101255,11-12-2022,2022,Madhya Pradesh,Bhopal (MP-04),HCV,Truck,Ashok Leyland,Diesel,BS6,4998.0,2,2,False,True,39.53488372093023,100.0
REG101256,22-11-2021,2021,West Bengal,Howrah (WB-13),3W,Auto Rickshaw,Kinetic Green,Diesel,BS6,200.0,7,3,False,True,39.130434782608695,95.65217391304348
REG101257,02-04-2022,2022,Kerala,Kochi (KL-07),2W,Motorcycle,KTM,EV,BS6,0.0,2,2,True,True,32.608695652173914,100.0
REG101258,03-06-2022,2022,Uttar Pradesh,Agra (UP-80),4W,Sedan,Toyota,Diesel,BS6,1462.0,5,2,False,True,42.592592592592595,96.29629629629629
REG101259,01-06-2021,2021,Madhya Pradesh,Jabalpur (MP-20),3W,Tempo,Mahindra,EV,BS6,0.0,3,3,True,True,44.89795918367347,95.91836734693877
REG101260,01-04-2023,2023,Karnataka,Hubli (KA-25),2W,Scooter,Yamaha,Petrol,BS6,350.0,2,1,False,True,37.17948717948718,99.14529914529915
REG101261,03-11-2024,2024,Rajasthan,Jaipur (RJ-14),2W,Scooter,TVS,Hybrid,BS6,250.0,2,0,True,True,41.02564102564102,100.0
REG101262,01-02-2024,2024,Madhya Pradesh,Indore (MP-09),2W,Scooter,Ather,Petrol,BS6,400.0,2,0,False,True,48.837209302325576,100.0
REG101263,28-01-2022,2022,Rajasthan,Kota (RJ-20),4W,MUV,Honda,Diesel,BS6,1498.0,8,2,False,True,30.0,100.0
REG101264,27-03-2021,2021,Kerala,Kochi (KL-07),2W,Motorcycle,Royal Enfield,EV,BS6,0.0,2,3,True,True,37.254901960784316,94.11764705882352
REG101265,11-01-2022,2022,Delhi,Delhi Central (DL-01),HCV,Trailer,Ashok Leyland,Diesel,BS6,6700.0,2,2,False,True,28.57142857142857,100.0
REG101266,02-10-2022,2022,Kerala,Kozhikode (KL-11),HCV,Truck,MAN,Diesel,BS6,4998.0,2,2,False,True,32.608695652173914,100.0
REG101267,30-07-2024,2024,Telangana,Karimnagar (TS-01),LCV,Mini Truck,Ashok Leyland,Diesel,BS6,2956.0,9,0,False,True,25.71428571428571,100.0
REG101268,13-09-2024,2024,Kerala,Kochi (KL-07),HCV,Truck,Tata Motors,EV,BS6,0.0,2,0,True,True,36.17021276595745,100.0
REG101269,18-01-2023,2023,Maharashtra,Pune (MH-12),2W,Motorcycle,Bajaj,EV,BS6,0.0,2,1,True,True,32.72727272727273,98.18181818181819
REG101270,13-02-2023,2023,Kerala,Thiruvananthapuram (KL-01),4W,MUV,Honda,Petrol,BS6,1000.0,5,1,False,True,30.508474576271187,96.61016949152543
REG101271,28-10-2024,2024,Telangana,Karimnagar (TS-01),2W,Moped,Ather,EV,BS6,0.0,2,0,True,True,25.71428571428571,100.0
REG101272,21-05-2023,2023,Delhi,Delhi South (DL-09),LCV,Pickup Van,Force Motors,Diesel,BS6,2956.0,9,1,False,True,36.666666666666664,98.33333333333333
REG101273,28-07-2022,2022,Karnataka,Hubli (KA-25),HCV,Tanker,BharatBenz,Diesel,BS6,4998.0,2,2,False,True,43.333333333333336,96.66666666666667
REG101274,21-07-2021,2021,West Bengal,Durgapur (WB-40),LCV,Light Bus,Eicher,Diesel,BS6,3298.0,15,3,False,True,39.130434782608695,95.65217391304348
REG101275,09-07-2023,2023,Kerala,Thiruvananthapuram (KL-01),3W,Tempo,Bajaj,Diesel,BS6,225.0,7,1,False,True,30.508474576271187,96.61016949152543
REG101276,08-09-2022,2022,Karnataka,Hubli (KA-25),2W,Moped,Honda,Petrol,BS6,160.0,2,2,False,True,43.333333333333336,96.66666666666667
REG101277,30-04-2023,2023,Delhi,Delhi Central (DL-01),2W,Moped,KTM,EV,BS6,0.0,2,1,True,True,36.666666666666664,98.33333333333333
REG101278,17-10-2018,2018,West Bengal,Durgapur (WB-40),2W,Moped,Yamaha,Petrol,BS4,160.0,2,6,False,False,50.0,0.0
REG101279,30-11-2022,2022,Uttar Pradesh,Lucknow (UP-32),2W,Motorcycle,Ather,EV,BS6,0.0,2,2,True,True,42.592592592592595,96.29629629629629
REG101280,07-03-2023,2023,Rajasthan,Udaipur (RJ-27),4W,Hatchback,Hyundai,Diesel,BS6,800.0,5,1,False,True,32.83582089552239,100.0
REG101281,28-03-2024,2024,Telangana,Hyderabad (TS-09),2W,Scooter,Honda,Petrol,BS6,400.0,2,0,False,True,25.71428571428571,100.0
REG101282,31-05-2021,2021,West Bengal,Howrah (WB-13),4W,MUV,Honda,Petrol,BS6,1498.0,7,3,False,True,39.130434782608695,95.65217391304348
REG101283,11-11-2022,2022,Punjab,Amritsar (PB-02),4W,Sedan,Tata Motors,Petrol,BS6,1598.0,5,2,False,True,39.21568627450981,98.0392156862745
REG101284,06-01-2022,2022,West Bengal,Siliguri (WB-73),2W,Scooter,TVS,Petrol,BS6,200.0,2,2,False,True,35.714285714285715,98.21428571428571
REG101285,22-12-2023,2023,Uttar Pradesh,Kanpur (UP-78),2W,Motorcycle,Hero,Petrol,BS6,110.0,2,1,False,True,26.666666666666668,100.0
REG101286,29-06-2022,2022,Telangana,Karimnagar (TS-01),2W,Motorcycle,Ola Electric,EV,BS6,0.0,2,2,True,True,37.5,97.91666666666666
REG101287,27-10-2023,2023,Delhi,Delhi West (DL-08),4W,Sedan,Kia,Petrol,BS6,1498.0,5,1,False,True,36.666666666666664,98.33333333333333
REG101288,20-04-2020,2020,Punjab,Jalandhar (PB-08),HCV,Bus,Tata Motors,Diesel,BS4,5660.0,32,4,False,False,29.03225806451613,87.09677419354838
REG101289,22-10-2023,2023,Gujarat,Gandhinagar (GJ-18),2W,Moped,Ola Electric,EV,BS6,0.0,2,1,True,True,36.84210526315789,100.0
REG101290,21-04-2018,2018,Punjab,Amritsar (PB-02),HCV,Tanker,Ashok Leyland,Diesel,BS4,3760.0,2,6,False,False,18.181818181818183,0.0
REG101291,11-03-2024,2024,Tamil Nadu,Coimbatore (TN-37),2W,Motorcycle,Yamaha,Petrol,BS6,400.0,2,0,False,True,38.88888888888889,100.0
REG101292,14-10-2023,2023,West Bengal,Siliguri (WB-73),4W,SUV,Kia,Diesel,BS6,1968.0,8,1,False,True,45.0,97.5
REG101293,20-04-2019,2019,Uttar Pradesh,Varanasi (UP-65),2W,Moped,Yamaha,EV,BS4,0.0,2,5,True,False,27.27272727272727,0.0
REG101294,17-12-2022,2022,Madhya Pradesh,Gwalior (MP-07),4W,MUV,Renault,Diesel,BS6,1000.0,8,2,False,True,39.53488372093023,100.0
REG101295,06-08-2023,2023,Madhya Pradesh,Gwalior (MP-07),2W,Scooter,KTM,Hybrid,BS6,150.0,2,1,True,True,36.36363636363637,96.36363636363636
REG101296,06-01-2020,2020,Punjab,Patiala (PB-11),LCV,Mini Truck,Force Motors,Diesel,BS4,2956.0,9,4,False,False,29.03225806451613,87.09677419354838
REG101297,10-05-2019,2019,Rajasthan,Ajmer (RJ-01),2W,Moped,Royal Enfield,Petrol,BS4,400.0,2,5,False,False,23.809523809523807,14.285714285714285
REG101298,23-12-2022,2022,Maharashtra,Aurangabad (MH-20),2W,Moped,Royal Enfield,EV,BS6,0.0,2,2,True,True,41.86046511627907,97.67441860465115
REG101299,30-03-2023,2023,Gujarat,Ahmedabad (GJ-01),OTH,Tractor,Sonalika,Diesel,BS6,6700.0,1,1,False,True,36.84210526315789,100.0
REG101300,12-02-2023,2023,Karnataka,Bangalore Central (KA-01),2W,Moped,TVS,CNG,BS6,250.0,2,1,True,True,37.17948717948718,99.14529914529915
REG101301,23-05-2019,2019,Karnataka,Bangalore Central (KA-01),2W,Moped,Hero,Petrol,BS4,150.0,2,5,False,False,31.32530120481928,9.63855421686747
REG101302,06-07-2020,2020,Madhya Pradesh,Ujjain (MP-13),4W,SUV,Toyota,EV,BS6,0.0,5,4,True,True,45.45454545454545,81.81818181818183
REG101303,13-09-2020,2020,Madhya Pradesh,Jabalpur (MP-20),2W,Moped,Hero,Petrol,BS4,125.0,2,4,False,False,45.45454545454545,81.81818181818183
REG101304,16-09-2022,2022,Kerala,Kozhikode (KL-11),2W,Scooter,Hero,Petrol,BS6,250.0,2,2,False,True,32.608695652173914,100.0
REG101305,23-12-2021,2021,Tamil Nadu,Chennai Central (TN-01),2W,Moped,Yamaha,Petrol,BS6,110.0,2,3,False,True,21.62162162162162,89.1891891891892
REG101306,30-10-2019,2019,Punjab,Jalandhar (PB-08),2W,Motorcycle,TVS,CNG,BS4,100.0,2,5,True,False,52.63157894736842,15.789473684210526
REG101307,06-06-2024,2024,Tamil Nadu,Chennai Central (TN-01),2W,Scooter,KTM,Petrol,BS6,150.0,2,0,False,True,38.88888888888889,100.0
REG101308,11-06-2021,2021,Kerala,Kochi (KL-07),2W,Scooter,Royal Enfield,Petrol,BS6,250.0,2,3,False,True,37.254901960784316,94.11764705882352
REG101309,15-05-2020,2020,Delhi,Delhi East (DL-02),2W,Motorcycle,TVS,Petrol,BS6,110.0,2,4,False,True,38.23529411764706,85.29411764705883
REG101310,29-03-2023,2023,West Bengal,Durgapur (WB-40),4W,SUV,Renault,Diesel,BS6,800.0,8,1,False,True,45.0,97.5
REG101311,17-04-2023,2023,Tamil Nadu,Trichy (TN-45),4W,MUV,Toyota,EV,BS6,0.0,7,1,True,True,41.509433962264154,96.22641509433963
REG101312,22-09-2021,2021,Karnataka,Belgaum (KA-22),4W,SUV,Mahindra,Diesel,BS6,1197.0,8,3,False,True,32.88590604026846,94.63087248322147
REG101313,15-06-2023,2023,Tamil Nadu,Salem (TN-30),4W,SUV,Skoda,Diesel,BS6,1000.0,7,1,False,True,41.509433962264154,96.22641509433963
REG101314,02-07-2024,2024,Maharashtra,Pune (MH-12),2W,Scooter,Yamaha,EV,BS6,0.0,2,0,True,True,45.714285714285715,100.0
REG101315,22-12-2022,2022,Tamil Nadu,Salem (TN-30),4W,Hatchback,MG,CNG,BS6,1968.0,5,2,True,True,48.148148148148145,96.29629629629629
REG101316,03-06-2022,2022,West Bengal,Howrah (WB-13),2W,Scooter,Ola Electric,Petrol,BS6,100.0,2,2,False,True,35.714285714285715,98.21428571428571
REG101317,25-03-2021,2021,Delhi,Delhi South (DL-09),2W,Scooter,Royal Enfield,EV,BS6,0.0,2,3,True,True,44.11764705882353,94.11764705882352
REG101318,12-03-2024,2024,Tamil Nadu,Madurai (TN-58),LCV,Light Bus,Eicher,Diesel,BS6,2956.0,15,0,False,True,38.88888888888889,100.0
REG101319,24-08-2022,2022,Rajasthan,Jaipur (RJ-14),OTH,Crane,TAFE,Diesel,BS6,3760.0,2,2,False,True,30.0,100.0
REG101320,16-02-2024,2024,Delhi,Delhi East (DL-02),2W,Motorcycle,TVS,Petrol,BS6,150.0,2,0,False,True,41.02564102564102,100.0
REG101321,29-08-2020,2020,Tamil Nadu,Trichy (TN-45),LCV,Pickup Van,Tata Motors,Diesel,BS6,2956.0,9,4,False,True,34.285714285714285,85.71428571428571
REG101322,06-03-2024,2024,Delhi,Delhi North (DL-04),4W,MUV,Mahindra,Hybrid,BS6,1598.0,6,0,True,True,41.02564102564102,100.0
REG101323,27-06-2021,2021,Uttar Pradesh,Agra (UP-80),LCV,Light Bus,Force Motors,CNG,BS6,2956.0,15,3,True,True,30.76923076923077,94.87179487179486
REG101324,23-06-2020,2020,Kerala,Kollam (KL-02),2W,Moped,TVS,Hybrid,BS6,400.0,2,4,True,True,37.5,87.5
REG101325,06-04-2020,2020,Maharashtra,Aurangabad (MH-20),4W,MUV,Hyundai,EV,BS6,0.0,6,4,True,True,34.61538461538461,84.61538461538461
REG101326,17-07-2020,2020,Gujarat,Rajkot (GJ-03),2W,Scooter,TVS,Petrol,BS6,350.0,2,4,False,True,33.33333333333333,81.81818181818183
REG101327,24-02-2021,2021,Maharashtra,Nagpur (MH-31),HCV,Tanker,Ashok Leyland,Diesel,BS6,6700.0,2,3,False,True,44.73684210526316,100.0
REG101328,17-09-2021,2021,Rajasthan,Jaipur (RJ-14),4W,MUV,Maruti Suzuki,Petrol,BS6,1968.0,8,3,False,True,42.857142857142854,95.23809523809523
REG101329,13-05-2018,2018,Maharashtra,Nashik (MH-15),4W,MUV,Honda,Hybrid,BS4,1000.0,8,6,True,False,44.44444444444444,0.0
REG101330,06-08-2019,2019,Telangana,Nizamabad (TS-05),4W,SUV,Renault,Diesel,BS4,1498.0,8,5,False,False,26.666666666666668,6.666666666666667
REG101331,20-08-2020,2020,Madhya Pradesh,Bhopal (MP-04),2W,Scooter,Ola Electric,Petrol,BS6,250.0,2,4,False,True,45.45454545454545,81.81818181818183
REG101332,18-12-2021,2021,Maharashtra,Nashik (MH-15),2W,Motorcycle,KTM,EV,BS6,0.0,2,3,True,True,44.73684210526316,100.0
REG101333,02-07-2021,2021,Gujarat,Rajkot (GJ-03),2W,Scooter,Hero,EV,BS6,0.0,2,3,True,True,50.0,95.0
REG101334,19-01-2019,2019,Maharashtra,Nashik (MH-15),2W,Moped,Hero,EV,BS6,0.0,2,5,True,True,36.84210526315789,5.263157894736842
REG101335,21-11-2019,2019,Kerala,Thrissur (KL-08),2W,Motorcycle,Ather,Petrol,BS4,350.0,2,5,False,False,39.130434782608695,4.3478260869565215
REG101336,25-09-2024,2024,Uttar Pradesh,Agra (UP-80),2W,Scooter,Ola Electric,Petrol,BS6,160.0,2,0,False,True,27.77777777777778,100.0
REG101337,23-11-2022,2022,West Bengal,Kolkata (WB-01),2W,Scooter,Hero,Petrol,BS6,110.0,2,2,False,True,35.714285714285715,98.21428571428571
REG101338,25-07-2023,2023,Uttar Pradesh,Allahabad (UP-70),OTH,Tractor,John Deere,Diesel,BS6,3760.0,2,1,False,True,26.666666666666668,100.0
REG101339,14-05-2023,2023,Kerala,Kozhikode (KL-11),4W,Hatchback,Honda,Petrol,BS6,1498.0,5,1,False,True,30.508474576271187,96.61016949152543
REG101340,18-12-2024,2024,Kerala,Thiruvananthapuram (KL-01),2W,Scooter,Bajaj,Hybrid,BS6,125.0,2,0,True,True,36.17021276595745,100.0
REG101341,28-07-2021,2021,Gujarat,Gandhinagar (GJ-18),4W,MUV,Tata Motors,EV,BS6,0.0,5,3,True,True,50.0,95.0
REG101342,26-04-2021,2021,Uttar Pradesh,Kanpur (UP-78),2W,Scooter,Ola Electric,EV,BS6,0.0,2,3,True,True,30.76923076923077,94.87179487179486
REG101343,29-10-2023,2023,Kerala,Kozhikode (KL-11),2W,Moped,Royal Enfield,CNG,BS6,250.0,2,1,True,True,30.508474576271187,96.61016949152543
REG101344,13-06-2018,2018,Madhya Pradesh,Ujjain (MP-13),2W,Scooter,KTM,EV,BS4,0.0,2,6,True,False,34.78260869565217,0.0
REG101345,11-12-2022,2022,West Bengal,Howrah (WB-13),3W,Tempo,Mahindra,CNG,BS6,225.0,6,2,True,True,35.714285714285715,98.21428571428571
REG101346,16-04-2024,2024,Uttar Pradesh,Lucknow (UP-32),4W,Hatchback,MG,CNG,BS6,1498.0,5,0,True,True,27.77777777777778,100.0
REG101347,26-03-2020,2020,Gujarat,Vadodara (GJ-06),4W,MUV,MG,Petrol,BS6,1598.0,8,4,False,True,33.33333333333333,81.81818181818183
REG101348,12-07-2022,2022,Uttar Pradesh,Lucknow (UP-32),4W,SUV,Renault,Hybrid,BS6,1480.0,6,2,True,True,42.592592592592595,96.29629629629629
REG101349,19-10-2020,2020,Uttar Pradesh,Allahabad (UP-70),HCV,Truck,Tata Motors,Diesel,BS6,5660.0,2,4,False,True,35.714285714285715,78.57142857142857
REG101350,12-06-2024,2024,Tamil Nadu,Salem (TN-30),4W,SUV,Mahindra,Diesel,BS6,1598.0,5,0,False,True,38.88888888888889,100.0
REG101351,25-08-2024,2024,Madhya Pradesh,Gwalior (MP-07),3W,Tempo,Mahindra,CNG,BS6,250.0,6,0,True,True,48.837209302325576,100.0
REG101352,30-03-2023,2023,Tamil Nadu,Coimbatore (TN-37),2W,Motorcycle,Ather,Petrol,BS6,110.0,2,1,False,True,41.509433962264154,96.22641509433963
REG101353,25-04-2023,2023,Uttar Pradesh,Allahabad (UP-70),4W,MUV,Honda,Petrol,BS6,1197.0,5,1,False,True,26.666666666666668,100.0
REG101354,16-11-2020,2020,Punjab,Patiala (PB-11),4W,Hatchback,Toyota,CNG,BS6,2179.0,5,4,True,True,29.03225806451613,87.09677419354838
REG101355,22-08-2024,2024,Rajasthan,Jaipur (RJ-14),4W,MUV,Renault,Diesel,BS6,1598.0,6,0,False,True,41.02564102564102,100.0
REG101356,16-04-2021,2021,Tamil Nadu,Salem (TN-30),HCV,Bus,Volvo,Diesel,BS6,5660.0,45,3,False,True,21.62162162162162,89.1891891891892
REG101357,24-11-2024,2024,West Bengal,Howrah (WB-13),4W,MUV,Mahindra,Petrol,BS6,1000.0,7,0,False,True,27.027027027027028,100.0
REG101358,28-07-2018,2018,Tamil Nadu,Coimbatore (TN-37),3W,Auto Rickshaw,Bajaj,Petrol,BS4,225.0,6,6,False,False,20.0,0.0
REG101359,13-01-2022,2022,Karnataka,Mangalore (KA-19),HCV,Truck,MAN,EV,BS6,0.0,2,2,True,True,43.333333333333336,96.66666666666667
REG101360,19-11-2021,2021,Kerala,Thiruvananthapuram (KL-01),2W,Scooter,Hero,Petrol,BS6,350.0,2,3,False,True,37.254901960784316,94.11764705882352
REG101361,28-03-2023,2023,Uttar Pradesh,Lucknow (UP-32),2W,Scooter,Ola Electric,Hybrid,BS6,200.0,2,1,True,True,26.666666666666668,100.0
REG101362,25-11-2021,2021,Uttar Pradesh,Agra (UP-80),2W,Motorcycle,KTM,Petrol,BS6,110.0,2,3,False,True,30.76923076923077,94.87179487179486
REG101363,19-08-2023,2023,West Bengal,Siliguri (WB-73),4W,SUV,Toyota,Petrol,BS6,1498.0,7,1,False,True,45.0,97.5
REG101364,16-10-2018,2018,Punjab,Chandigarh (CH-01),4W,Sedan,Renault,Petrol,BS4,1598.0,5,6,False,False,18.181818181818183,0.0
REG101365,21-03-2022,2022,Gujarat,Surat (GJ-05),4W,SUV,MG,EV,BS6,0.0,6,2,True,True,50.0,95.65217391304348
REG101366,04-06-2024,2024,Punjab,Amritsar (PB-02),LCV,Pickup Van,Mahindra,Diesel,BS6,2956.0,9,0,False,True,31.25,100.0
REG101367,26-06-2022,2022,Maharashtra,Nagpur (MH-31),2W,Moped,Ather,Petrol,BS6,125.0,2,2,False,True,41.86046511627907,97.67441860465115
REG101368,04-09-2023,2023,Punjab,Patiala (PB-11),2W,Scooter,Suzuki,EV,BS6,0.0,2,1,True,True,33.33333333333333,100.0
REG101369,18-03-2021,2021,West Bengal,Siliguri (WB-73),2W,Motorcycle,Yamaha,Petrol,BS6,160.0,2,3,False,True,39.130434782608695,95.65217391304348
REG101370,07-01-2022,2022,Punjab,Chandigarh (CH-01),4W,SUV,MG,Diesel,BS6,1498.0,6,2,False,True,39.21568627450981,98.0392156862745
REG101371,17-09-2019,2019,Kerala,Kochi (KL-07),2W,Motorcycle,Suzuki,EV,BS4,0.0,2,5,True,False,39.130434782608695,4.3478260869565215
REG101372,06-05-2022,2022,Gujarat,Gandhinagar (GJ-18),HCV,Truck,Tata Motors,Diesel,BS6,5660.0,2,2,False,True,50.0,95.65217391304348
REG101373,17-05-2018,2018,Kerala,Kochi (KL-07),2W,Moped,KTM,Petrol,BS4,400.0,2,6,False,False,36.36363636363637,0.0
REG101374,27-04-2021,2021,Gujarat,Ahmedabad (GJ-01),4W,Hatchback,Tata Motors,Diesel,BS6,1462.0,5,3,False,True,50.0,95.0
REG101375,01-03-2019,2019,West Bengal,Kolkata (WB-01),4W,Hatchback,Toyota,EV,BS4,0.0,5,5,True,False,42.10526315789473,10.526315789473683
REG101376,05-01-2022,2022,West Bengal,Howrah (WB-13),2W,Moped,Bajaj,EV,BS6,0.0,2,2,True,True,35.714285714285715,98.21428571428571
REG101377,22-08-2023,2023,Uttar Pradesh,Lucknow (UP-32),4W,MUV,Mahindra,CNG,BS6,800.0,7,1,True,True,26.666666666666668,100.0
REG101378,26-05-2022,2022,Uttar Pradesh,Allahabad (UP-70),2W,Moped,TVS,Petrol,BS6,160.0,2,2,False,True,42.592592592592595,96.29629629629629
REG101379,27-02-2021,2021,Gujarat,Gandhinagar (GJ-18),2W,Scooter,Ather,EV,BS6,0.0,2,3,True,True,50.0,95.0
REG101380,09-08-2020,2020,West Bengal,Kolkata (WB-01),2W,Moped,KTM,EV,BS6,0.0,2,4,True,True,30.76923076923077,88.46153846153845
REG101381,28-04-2020,2020,Karnataka,Mangalore (KA-19),2W,Moped,Ather,Petrol,BS6,150.0,2,4,False,True,37.5,83.33333333333334
REG101382,18-04-2023,2023,Gujarat,Gandhinagar (GJ-18),2W,Moped,KTM,Petrol,BS6,160.0,2,1,False,True,36.84210526315789,100.0
REG101383,05-12-2024,2024,Madhya Pradesh,Indore (MP-09),2W,Motorcycle,Suzuki,Petrol,BS6,125.0,2,0,False,True,48.837209302325576,100.0
REG101384,28-04-2023,2023,Rajasthan,Ajmer (RJ-01),OTH,Road Roller,Escorts,Diesel,BS6,5660.0,2,1,False,True,32.83582089552239,100.0
REG101385,06-08-2021,2021,Gujarat,Vadodara (GJ-06),2W,Scooter,Yamaha,Hybrid,BS6,150.0,2,3,True,True,50.0,95.0
REG101386,22-08-2021,2021,Uttar Pradesh,Varanasi (UP-65),2W,Scooter,Hero,Petrol,BS6,160.0,2,3,False,True,30.76923076923077,94.87179487179486
REG101387,14-06-2023,2023,Maharashtra,Pune (MH-12),2W,Moped,Royal Enfield,Petrol,BS6,250.0,2,1,False,True,32.72727272727273,98.18181818181819
REG101388,24-02-2022,2022,Uttar Pradesh,Agra (UP-80),4W,Sedan,Mahindra,CNG,BS6,1000.0,5,2,True,True,42.592592592592595,96.29629629629629
REG101389,28-12-2023,2023,Tamil Nadu,Madurai (TN-58),4W,MUV,Maruti Suzuki,Hybrid,BS6,2179.0,6,1,True,True,41.509433962264154,96.22641509433963
REG101390,03-10-2023,2023,Gujarat,Gandhinagar (GJ-18),4W,Hatchback,Hyundai,Petrol,BS6,1598.0,5,1,False,True,36.84210526315789,100.0
REG101391,30-07-2024,2024,Gujarat,Ahmedabad (GJ-01),3W,Tempo,Bajaj,CNG,BS6,225.0,3,0,True,True,35.294117647058826,100.0
REG101392,05-12-2021,2021,Punjab,Amritsar (PB-02),4W,Hatchback,MG,Petrol,BS6,1498.0,5,3,False,True,38.46153846153847,100.0
REG101393,19-04-2024,2024,Kerala,Thiruvananthapuram (KL-01),2W,Motorcycle,Yamaha,Petrol,BS6,125.0,2,0,False,True,36.17021276595745,100.0
REG101394,13-05-2023,2023,Rajasthan,Udaipur (RJ-27),2W,Scooter,Yamaha,Petrol,BS6,160.0,2,1,False,True,32.83582089552239,100.0
REG101395,25-01-2021,2021,Punjab,Chandigarh (CH-01),2W,Moped,Suzuki,Petrol,BS6,400.0,2,3,False,True,38.46153846153847,100.0
REG101396,02-10-2024,2024,Maharashtra,Aurangabad (MH-20),2W,Moped,Suzuki,Petrol,BS6,350.0,2,0,False,True,45.714285714285715,100.0
REG101397,27-02-2019,2019,Gujarat,Gandhinagar (GJ-18),2W,Motorcycle,Honda,EV,BS4,0.0,2,5,True,False,55.00000000000001,0.0
REG101398,07-02-2022,2022,Tamil Nadu,Trichy (TN-45),LCV,Mini Truck,Eicher,Diesel,BS6,2956.0,9,2,False,True,48.148148148148145,96.29629629629629
REG101399,28-11-2021,2021,West Bengal,Siliguri (WB-73),LCV,Light Bus,Mahindra,CNG,BS6,3298.0,12,3,True,True,39.130434782608695,95.65217391304348
REG101400,10-01-2018,2018,Telangana,Karimnagar (TS-01),LCV,Pickup Van,Eicher,Diesel,BS4,2523.0,9,6,False,False,41.66666666666667,0.0
REG101401,23-08-2023,2023,Rajasthan,Udaipur (RJ-27),2W,Motorcycle,Ola Electric,CNG,BS6,150.0,2,1,True,True,32.83582089552239,100.0
REG101402,15-04-2020,2020,Punjab,Amritsar (PB-02),LCV,Light Bus,Eicher,Diesel,BS6,3298.0,9,4,False,True,29.03225806451613,87.09677419354838
REG101403,17-06-2021,2021,Karnataka,Bangalore Central (KA-01),4W,Hatchback,Tata Motors,Diesel,BS6,1598.0,5,3,False,True,32.88590604026846,94.63087248322147
REG101404,30-06-2020,2020,Madhya Pradesh,Indore (MP-09),2W,Motorcycle,Suzuki,Petrol,BS6,100.0,2,4,False,True,45.45454545454545,81.81818181818183
REG101405,16-04-2024,2024,Tamil Nadu,Salem (TN-30),2W,Scooter,Hero,EV,BS6,0.0,2,0,True,True,38.88888888888889,100.0
REG101406,17-02-2021,2021,Maharashtra,Nashik (MH-15),2W,Motorcycle,Bajaj,Hybrid,BS6,125.0,2,3,True,True,44.73684210526316,100.0
REG101407,05-11-2020,2020,Telangana,Khammam (TS-07),4W,Hatchback,Tata Motors,Hybrid,BS6,1598.0,5,4,True,True,45.16129032258064,90.32258064516128
REG101408,27-02-2022,2022,Uttar Pradesh,Kanpur (UP-78),2W,Motorcycle,Ather,Petrol,BS6,350.0,2,2,False,True,42.592592592592595,96.29629629629629
REG101409,03-02-2021,2021,Maharashtra,Mumbai Central (MH-01),2W,Scooter,Suzuki,Petrol,BS6,250.0,2,3,False,True,44.73684210526316,100.0
REG101410,30-08-2023,2023,Madhya Pradesh,Gwalior (MP-07),2W,Moped,Honda,EV,BS6,0.0,2,1,True,True,36.36363636363637,96.36363636363636
REG101411,21-03-2018,2018,Gujarat,Vadodara (GJ-06),2W,Motorcycle,TVS,EV,BS4,0.0,2,6,True,False,41.66666666666667,0.0
REG101412,30-05-2024,2024,Kerala,Thrissur (KL-08),4W,Hatchback,Skoda,Petrol,BS6,1598.0,5,0,False,True,36.17021276595745,100.0
REG101413,03-04-2023,2023,Tamil Nadu,Salem (TN-30),2W,Moped,TVS,CNG,BS6,200.0,2,1,True,True,41.509433962264154,96.22641509433963
REG101414,15-11-2023,2023,Karnataka,Mysore (KA-09),2W,Motorcycle,Royal Enfield,Petrol,BS6,200.0,2,1,False,True,37.17948717948718,99.14529914529915
REG101415,24-01-2024,2024,Maharashtra,Mumbai Central (MH-01),2W,Scooter,Hero,CNG,BS6,400.0,2,0,True,True,45.714285714285715,100.0
REG101416,17-02-2018,2018,Uttar Pradesh,Allahabad (UP-70),4W,Sedan,Tata Motors,Petrol,BS4,1968.0,5,6,False,False,37.5,0.0
REG101417,23-11-2019,2019,Karnataka,Mangalore (KA-19),3W,E-Rickshaw,Atul Auto,Diesel,BS4,200.0,3,5,False,False,31.32530120481928,9.63855421686747
REG101418,11-11-2023,2023,West Bengal,Siliguri (WB-73),LCV,Pickup Van,Mahindra,Diesel,BS6,2523.0,9,1,False,True,45.0,97.5
REG101419,26-04-2023,2023,West Bengal,Asansol (WB-39),2W,Motorcycle,Ather,Petrol,BS6,110.0,2,1,False,True,45.0,97.5
REG101420,04-04-2020,2020,Kerala,Thiruvananthapuram (KL-01),4W,SUV,Skoda,Petrol,BS6,1498.0,7,4,False,True,37.5,87.5
REG101421,16-03-2022,2022,Kerala,Thrissur (KL-08),4W,SUV,Tata Motors,Diesel,BS6,800.0,8,2,False,True,32.608695652173914,100.0
REG101422,24-03-2023,2023,Madhya Pradesh,Bhopal (MP-04),4W,Sedan,Maruti Suzuki,Petrol,BS6,1968.0,5,1,False,True,36.36363636363637,96.36363636363636
REG101423,26-07-2024,2024,Maharashtra,Aurangabad (MH-20),3W,E-Rickshaw,Piaggio,EV,BS6,0.0,3,0,True,True,45.714285714285715,100.0
REG101424,21-09-2021,2021,West Bengal,Asansol (WB-39),2W,Scooter,Honda,Hybrid,BS4,200.0,2,3,True,False,39.130434782608695,95.65217391304348
REG101425,25-06-2023,2023,Rajasthan,Jodhpur (RJ-19),2W,Scooter,Ather,EV,BS6,0.0,2,1,True,True,32.83582089552239,100.0
REG101426,23-08-2019,2019,Gujarat,Ahmedabad (GJ-01),4W,MUV,Maruti Suzuki,Diesel,BS4,1000.0,5,5,False,False,55.00000000000001,0.0
REG101427,16-09-2022,2022,Telangana,Nizamabad (TS-05),2W,Scooter,Royal Enfield,EV,BS6,0.0,2,2,True,True,37.5,97.91666666666666
REG101428,01-07-2018,2018,Uttar Pradesh,Allahabad (UP-70),2W,Moped,Bajaj,Hybrid,BS4,400.0,2,6,True,False,37.5,0.0
REG101429,29-09-2022,2022,Punjab,Ludhiana (PB-10),4W,Hatchback,Renault,Diesel,BS6,1197.0,5,2,False,True,39.21568627450981,98.0392156862745
REG101430,05-08-2024,2024,Tamil Nadu,Chennai Central (TN-01),4W,Sedan,Tata Motors,Diesel,BS6,1462.0,5,0,False,True,38.88888888888889,100.0
REG101431,03-06-2022,2022,Maharashtra,Nashik (MH-15),2W,Moped,Suzuki,EV,BS6,0.0,2,2,True,True,41.86046511627907,97.67441860465115
REG101432,31-01-2022,2022,Karnataka,Hubli (KA-25),4W,SUV,Mahindra,Hybrid,BS6,1968.0,6,2,True,True,43.333333333333336,96.66666666666667
REG101433,30-10-2023,2023,Tamil Nadu,Salem (TN-30),4W,Sedan,Honda,Petrol,BS6,1462.0,5,1,False,True,41.509433962264154,96.22641509433963
REG101434,27-10-2019,2019,Rajasthan,Jaipur (RJ-14),2W,Scooter,TVS,Petrol,BS6,125.0,2,5,False,True,23.809523809523807,14.285714285714285
REG101435,09-06-2023,2023,Delhi,Delhi North (DL-04),2W,Scooter,Yamaha,Petrol,BS6,400.0,2,1,False,True,36.666666666666664,98.33333333333333
REG101436,09-11-2023,2023,Karnataka,Belgaum (KA-22),3W,Tempo,Mahindra,CNG,BS6,225.0,3,1,True,True,37.17948717948718,99.14529914529915
REG101437,07-08-2019,2019,Karnataka,Hubli (KA-25),LCV,Mini Truck,Force Motors,Diesel,BS4,2956.0,9,5,False,False,31.32530120481928,9.63855421686747
REG101438,05-11-2019,2019,Kerala,Thrissur (KL-08),4W,Sedan,Renault,Petrol,BS6,1598.0,5,5,False,True,39.130434782608695,4.3478260869565215
REG101439,24-05-2023,2023,Madhya Pradesh,Jabalpur (MP-20),LCV,Pickup Van,Force Motors,Diesel,BS6,3298.0,9,1,False,True,36.36363636363637,96.36363636363636
REG101440,06-09-2019,2019,Madhya Pradesh,Ujjain (MP-13),2W,Moped,Royal Enfield,Petrol,BS4,150.0,2,5,False,False,44.44444444444444,7.4074074074074066
REG101441,06-09-2024,2024,Punjab,Jalandhar (PB-08),2W,Scooter,Royal Enfield,Petrol,BS6,400.0,2,0,False,True,31.25,100.0
REG101442,26-11-2022,2022,Punjab,Patiala (PB-11),2W,Moped,Suzuki,Petrol,BS6,110.0,2,2,False,True,39.21568627450981,98.0392156862745
REG101443,04-08-2023,2023,Punjab,Chandigarh (CH-01),2W,Motorcycle,Yamaha,EV,BS6,0.0,2,1,True,True,33.33333333333333,100.0
REG101444,23-07-2024,2024,Kerala,Thiruvananthapuram (KL-01),2W,Scooter,KTM,EV,BS6,0.0,2,0,True,True,36.17021276595745,100.0
REG101445,29-05-2024,2024,Madhya Pradesh,Bhopal (MP-04),2W,Motorcycle,Hero,EV,BS6,0.0,2,0,True,True,48.837209302325576,100.0
REG101446,22-05-2021,2021,Maharashtra,Nashik (MH-15),LCV,Pickup Van,Ashok Leyland,CNG,BS6,3298.0,9,3,True,True,44.73684210526316,100.0
REG101447,28-11-2022,2022,Rajasthan,Udaipur (RJ-27),4W,SUV,Tata Motors,Petrol,BS6,1598.0,8,2,False,True,30.0,100.0
REG101448,27-04-2022,2022,Rajasthan,Jodhpur (RJ-19),LCV,Mini Truck,Ashok Leyland,Diesel,BS6,3298.0,9,2,False,True,30.0,100.0
REG101449,15-07-2023,2023,Karnataka,Bangalore Central (KA-01),4W,SUV,Skoda,Diesel,BS6,1462.0,7,1,False,True,37.17948717948718,99.14529914529915
REG101450,14-06-2020,2020,Kerala,Thrissur (KL-08),2W,Scooter,Yamaha,Hybrid,BS6,100.0,2,4,True,True,37.5,87.5
REG101451,22-12-2020,2020,Karnataka,Mysore (KA-09),4W,SUV,Renault,Diesel,BS6,1000.0,6,4,False,True,37.5,83.33333333333334
REG101452,01-07-2023,2023,Karnataka,Bangalore Central (KA-01),4W,MUV,Kia,Petrol,BS6,1968.0,6,1,False,True,37.17948717948718,99.14529914529915
REG101453,15-06-2022,2022,Uttar Pradesh,Lucknow (UP-32),LCV,Light Bus,Ashok Leyland,CNG,BS6,2956.0,12,2,True,True,42.592592592592595,96.29629629629629
REG101454,22-04-2020,2020,Maharashtra,Pune (MH-12),4W,SUV,Maruti Suzuki,Diesel,BS4,1462.0,6,4,False,False,34.61538461538461,84.61538461538461
REG101455,12-08-2024,2024,West Bengal,Howrah (WB-13),2W,Scooter,Bajaj,Petrol,BS6,250.0,2,0,False,True,27.027027027027028,100.0
REG101456,23-07-2024,2024,Telangana,Khammam (TS-07),OTH,Tractor,Sonalika,Diesel,BS6,4998.0,1,0,False,True,25.71428571428571,100.0
REG101457,13-06-2021,2021,Kerala,Kozhikode (KL-11),4W,SUV,Kia,Diesel,BS6,1498.0,7,3,False,True,37.254901960784316,94.11764705882352
REG101458,17-09-2022,2022,Karnataka,Mysore (KA-09),2W,Moped,Bajaj,EV,BS6,0.0,2,2,True,True,43.333333333333336,96.66666666666667
REG101459,27-11-2021,2021,Telangana,Nizamabad (TS-05),2W,Moped,Bajaj,CNG,BS6,400.0,2,3,True,True,38.70967741935484,93.54838709677419
REG101460,12-08-2022,2022,Delhi,Delhi North (DL-04),2W,Motorcycle,KTM,EV,BS6,0.0,2,2,True,True,28.57142857142857,100.0
REG101461,02-02-2024,2024,Tamil Nadu,Chennai Central (TN-01),4W,Hatchback,Toyota,Diesel,BS6,1598.0,5,0,False,True,38.88888888888889,100.0
REG101462,10-03-2022,2022,Kerala,Kozhikode (KL-11),4W,Hatchback,Skoda,Diesel,BS6,1968.0,5,2,False,True,32.608695652173914,100.0
REG101463,27-07-2020,2020,Madhya Pradesh,Jabalpur (MP-20),2W,Moped,Royal Enfield,Petrol,BS6,125.0,2,4,False,True,45.45454545454545,81.81818181818183
REG101464,28-10-2023,2023,Telangana,Khammam (TS-07),2W,Motorcycle,Ola Electric,Petrol,BS6,110.0,2,1,False,True,32.25806451612903,98.38709677419355
REG101465,01-04-2020,2020,Karnataka,Belgaum (KA-22),2W,Scooter,TVS,CNG,BS6,125.0,2,4,True,True,37.5,83.33333333333334
REG101466,24-12-2024,2024,Maharashtra,Nashik (MH-15),4W,SUV,Hyundai,Petrol,BS6,1968.0,8,0,False,True,45.714285714285715,100.0
REG101467,29-12-2021,2021,Uttar Pradesh,Varanasi (UP-65),2W,Scooter,TVS,Petrol,BS6,250.0,2,3,False,True,30.76923076923077,94.87179487179486
REG101468,20-11-2020,2020,Gujarat,Rajkot (GJ-03),2W,Scooter,Suzuki,Petrol,BS6,110.0,2,4,False,True,33.33333333333333,81.81818181818183
REG101469,31-01-2019,2019,Rajasthan,Udaipur (RJ-27),4W,SUV,Maruti Suzuki,CNG,BS4,1598.0,5,5,True,False,23.809523809523807,14.285714285714285
REG101470,18-10-2021,2021,Tamil Nadu,Chennai Central (TN-01),HCV,Truck,Tata Motors,Diesel,BS6,5660.0,2,3,False,True,21.62162162162162,89.1891891891892
REG101471,19-02-2022,2022,Karnataka,Mysore (KA-09),2W,Moped,KTM,Petrol,BS6,125.0,2,2,False,True,43.333333333333336,96.66666666666667
REG101472,16-01-2020,2020,Punjab,Amritsar (PB-02),4W,MUV,Tata Motors,Diesel,BS6,800.0,5,4,False,True,29.03225806451613,87.09677419354838
REG101473,12-09-2022,2022,Gujarat,Vadodara (GJ-06),2W,Moped,TVS,EV,BS6,0.0,2,2,True,True,50.0,95.65217391304348
REG101474,18-08-2022,2022,Punjab,Ludhiana (PB-10),OTH,Crane,Sonalika,Diesel,BS6,3760.0,1,2,False,True,39.21568627450981,98.0392156862745
REG101475,22-01-2020,2020,Karnataka,Hubli (KA-25),2W,Motorcycle,Bajaj,EV,BS6,0.0,2,4,True,True,37.5,83.33333333333334
REG101476,27-09-2023,2023,Maharashtra,Nashik (MH-15),4W,Hatchback,Renault,Petrol,BS6,1498.0,5,1,False,True,32.72727272727273,98.18181818181819
REG101477,06-08-2020,2020,Telangana,Warangal (TS-03),2W,Motorcycle,KTM,Hybrid,BS6,250.0,2,4,True,True,45.16129032258064,90.32258064516128
REG101478,09-11-2021,2021,Uttar Pradesh,Varanasi (UP-65),2W,Motorcycle,KTM,Petrol,BS6,250.0,2,3,False,True,30.76923076923077,94.87179487179486
REG101479,15-02-2023,2023,Gujarat,Rajkot (GJ-03),OTH,Crane,Mahindra,Diesel,BS6,5660.0,1,1,False,True,36.84210526315789,100.0
REG101480,17-07-2018,2018,Kerala,Kollam (KL-02),4W,SUV,Maruti Suzuki,Diesel,BS4,1462.0,7,6,False,False,36.36363636363637,0.0
REG101481,08-07-2024,2024,Telangana,Hyderabad (TS-09),4W,MUV,Renault,Diesel,BS6,800.0,6,0,False,True,25.71428571428571,100.0
REG101482,11-09-2019,2019,Karnataka,Mangalore (KA-19),HCV,Bus,MAN,Diesel,BS4,4998.0,52,5,False,False,31.32530120481928,9.63855421686747
REG101483,03-01-2019,2019,Madhya Pradesh,Ujjain (MP-13),2W,Scooter,Bajaj,CNG,BS4,150.0,2,5,True,False,44.44444444444444,7.4074074074074066
REG101484,23-01-2024,2024,Madhya Pradesh,Gwalior (MP-07),OTH,Crane,TAFE,Diesel,BS6,4998.0,2,0,False,True,48.837209302325576,100.0
REG101485,08-06-2022,2022,Punjab,Ludhiana (PB-10),4W,SUV,Honda,EV,BS6,0.0,7,2,True,True,39.21568627450981,98.0392156862745
REG101486,06-09-2024,2024,Uttar Pradesh,Lucknow (UP-32),2W,Scooter,Suzuki,Petrol,BS6,160.0,2,0,False,True,27.77777777777778,100.0
REG101487,06-12-2023,2023,Punjab,Chandigarh (CH-01),4W,MUV,Maruti Suzuki,EV,BS6,0.0,5,1,True,True,33.33333333333333,100.0
REG101488,12-05-2022,2022,Madhya Pradesh,Bhopal (MP-04),2W,Scooter,Honda,Petrol,BS6,250.0,2,2,False,True,39.53488372093023,100.0
REG101489,14-04-2023,2023,Gujarat,Gandhinagar (GJ-18),2W,Moped,Royal Enfield,Petrol,BS6,110.0,2,1,False,True,36.84210526315789,100.0
REG101490,28-04-2022,2022,Telangana,Karimnagar (TS-01),2W,Moped,Hero,EV,BS6,0.0,2,2,True,True,37.5,97.91666666666666
REG101491,13-08-2022,2022,Uttar Pradesh,Kanpur (UP-78),2W,Moped,Honda,Petrol,BS6,125.0,2,2,False,True,42.592592592592595,96.29629629629629
REG101492,08-01-2021,2021,West Bengal,Asansol (WB-39),4W,Sedan,Mahindra,Hybrid,BS6,1197.0,5,3,True,True,39.130434782608695,95.65217391304348
REG101493,16-09-2021,2021,Gujarat,Surat (GJ-05),2W,Motorcycle,Hero,Petrol,BS6,110.0,2,3,False,True,50.0,95.0
REG101494,05-05-2024,2024,Delhi,Delhi East (DL-02),4W,SUV,MG,Petrol,BS6,1498.0,7,0,False,True,41.02564102564102,100.0
REG101495,23-09-2023,2023,Telangana,Warangal (TS-03),2W,Scooter,Hero,Petrol,BS6,400.0,2,1,False,True,32.25806451612903,98.38709677419355
REG101496,16-12-2020,2020,Maharashtra,Aurangabad (MH-20),4W,SUV,Toyota,Petrol,BS6,1462.0,5,4,False,True,34.61538461538461,84.61538461538461
REG101497,17-11-2024,2024,Uttar Pradesh,Lucknow (UP-32),4W,MUV,Skoda,Petrol,BS6,800.0,5,0,False,True,27.77777777777778,100.0
REG101498,02-05-2022,2022,Maharashtra,Nashik (MH-15),HCV,Tanker,Volvo,CNG,BS6,6700.0,2,2,True,True,41.86046511627907,97.67441860465115
REG101499,20-08-2024,2024,Gujarat,Vadodara (GJ-06),OTH,Road Roller,Sonalika,Diesel,BS6,5329.0,2,0,False,True,35.294117647058826,100.0
REG101500,07-07-2024,2024,Delhi,Delhi East (DL-02),2W,Moped,TVS,Petrol,BS6,100.0,2,0,False,True,41.02564102564102,100.0
REG101501,24-07-2024,2024,Uttar Pradesh,Agra (UP-80),2W,Scooter,Suzuki,CNG,BS6,125.0,2,0,True,True,27.77777777777778,100.0
REG101502,16-08-2022,2022,Madhya Pradesh,Gwalior (MP-07),2W,Scooter,Suzuki,Petrol,BS6,250.0,2,2,False,True,39.53488372093023,100.0
REG101503,06-05-2023,2023,West Bengal,Durgapur (WB-40),2W,Moped,Suzuki,Petrol,BS6,150.0,2,1,False,True,45.0,97.5
REG101504,10-07-2024,2024,Kerala,Kochi (KL-07),4W,SUV,MG,CNG,BS6,1498.0,6,0,True,True,36.17021276595745,100.0
REG101505,16-11-2021,2021,Uttar Pradesh,Kanpur (UP-78),3W,Tempo,Kinetic Green,Diesel,BS4,225.0,3,3,False,False,30.76923076923077,94.87179487179486
REG101506,13-01-2022,2022,Delhi,Delhi East (DL-02),2W,Motorcycle,Suzuki,EV,BS6,0.0,2,2,True,True,28.57142857142857,100.0
REG101507,21-10-2020,2020,Uttar Pradesh,Allahabad (UP-70),4W,SUV,Skoda,Hybrid,BS6,1462.0,6,4,True,True,35.714285714285715,78.57142857142857
REG101508,08-11-2024,2024,Uttar Pradesh,Agra (UP-80),3W,Tempo,Piaggio,Petrol,BS6,200.0,7,0,False,True,27.77777777777778,100.0
REG101509,01-07-2024,2024,Karnataka,Bangalore Central (KA-01),2W,Motorcycle,Hero,Petrol,BS6,150.0,2,0,False,True,41.29032258064516,100.0
REG101510,26-10-2023,2023,Kerala,Kochi (KL-07),HCV,Trailer,Tata Motors,Diesel,BS6,6700.0,2,1,False,True,30.508474576271187,96.61016949152543
REG101511,24-03-2024,2024,Rajasthan,Jodhpur (RJ-19),2W,Motorcycle,Ather,Petrol,BS6,250.0,2,0,False,True,41.02564102564102,100.0
REG101512,25-12-2022,2022,Karnataka,Belgaum (KA-22),HCV,Tanker,Ashok Leyland,Diesel,BS6,5660.0,2,2,False,True,43.333333333333336,96.66666666666667
REG101513,13-07-2024,2024,Karnataka,Mysore (KA-09),LCV,Mini Truck,Tata Motors,Diesel,BS6,2956.0,9,0,False,True,41.29032258064516,100.0
REG101514,11-01-2022,2022,Maharashtra,Aurangabad (MH-20),4W,SUV,MG,CNG,BS6,2179.0,7,2,True,True,41.86046511627907,97.67441860465115
REG101515,21-07-2023,2023,Rajasthan,Jaipur (RJ-14),LCV,Mini Truck,Mahindra,Diesel,BS6,2956.0,9,1,False,True,32.83582089552239,100.0
REG101516,01-07-2023,2023,Madhya Pradesh,Indore (MP-09),HCV,Trailer,Volvo,CNG,BS6,5660.0,2,1,True,True,36.36363636363637,96.36363636363636
REG101517,19-09-2024,2024,Maharashtra,Aurangabad (MH-20),LCV,Pickup Van,Mahindra,Diesel,BS6,3298.0,9,0,False,True,45.714285714285715,100.0
REG101518,14-05-2020,2020,Maharashtra,Nashik (MH-15),2W,Motorcycle,Hero,EV,BS6,0.0,2,4,True,True,34.61538461538461,84.61538461538461
REG101519,17-01-2019,2019,Uttar Pradesh,Agra (UP-80),2W,Moped,KTM,EV,BS4,0.0,2,5,True,False,27.27272727272727,0.0
REG101520,13-07-2020,2020,Punjab,Chandigarh (CH-01),4W,Hatchback,Kia,Diesel,BS6,1968.0,5,4,False,True,29.03225806451613,87.09677419354838
REG101521,27-07-2024,2024,Kerala,Kozhikode (KL-11),4W,SUV,Toyota,Diesel,BS6,1598.0,6,0,False,True,36.17021276595745,100.0
REG101522,10-12-2019,2019,Rajasthan,Kota (RJ-20),4W,MUV,Kia,Petrol,BS4,1000.0,7,5,False,False,23.809523809523807,14.285714285714285
REG101523,03-02-2019,2019,Telangana,Hyderabad (TS-09),2W,Motorcycle,Honda,Petrol,BS4,125.0,2,5,False,False,26.666666666666668,6.666666666666667
REG101524,13-11-2018,2018,Punjab,Ludhiana (PB-10),4W,Hatchback,Maruti Suzuki,Hybrid,BS4,1000.0,5,6,True,False,18.181818181818183,0.0
REG101525,13-03-2019,2019,Punjab,Jalandhar (PB-08),4W,SUV,Hyundai,CNG,BS6,1462.0,5,5,True,True,52.63157894736842,15.789473684210526
REG101526,18-04-2023,2023,Tamil Nadu,Chennai Central (TN-01),4W,Hatchback,Maruti Suzuki,Diesel,BS6,800.0,5,1,False,True,41.509433962264154,96.22641509433963
REG101527,06-11-2023,2023,Uttar Pradesh,Agra (UP-80),4W,Sedan,MG,Petrol,BS6,1197.0,5,1,False,True,26.666666666666668,100.0
REG101528,01-04-2022,2022,Gujarat,Gandhinagar (GJ-18),LCV,Mini Truck,Force Motors,Diesel,BS6,2956.0,9,2,False,True,50.0,95.65217391304348
REG101529,06-04-2023,2023,Tamil Nadu,Trichy (TN-45),4W,Sedan,Hyundai,EV,BS6,0.0,5,1,True,True,41.509433962264154,96.22641509433963
REG101530,22-04-2022,2022,Tamil Nadu,Salem (TN-30),4W,SUV,Skoda,Diesel,BS6,1968.0,7,2,False,True,48.148148148148145,96.29629629629629
REG101531,02-02-2020,2020,Rajasthan,Jodhpur (RJ-19),4W,SUV,Kia,Hybrid,BS6,2179.0,7,4,True,True,52.0,84.0
REG101532,17-08-2023,2023,Kerala,Thiruvananthapuram (KL-01),4W,MUV,Hyundai,EV,BS6,0.0,5,1,True,True,30.508474576271187,96.61016949152543
REG101533,14-05-2024,2024,Rajasthan,Ajmer (RJ-01),4W,SUV,Skoda,EV,BS6,0.0,8,0,True,True,41.02564102564102,100.0
REG101534,08-04-2022,2022,Rajasthan,Udaipur (RJ-27),2W,Scooter,KTM,Petrol,BS6,150.0,2,2,False,True,30.0,100.0
REG101535,25-07-2024,2024,Punjab,Ludhiana (PB-10),2W,Scooter,Suzuki,EV,BS6,0.0,2,0,True,True,31.25,100.0
REG101536,11-06-2024,2024,West Bengal,Siliguri (WB-73),2W,Moped,Suzuki,Petrol,BS6,250.0,2,0,False,True,27.027027027027028,100.0
REG101537,30-10-2024,2024,Madhya Pradesh,Indore (MP-09),2W,Motorcycle,Suzuki,EV,BS6,0.0,2,0,True,True,48.837209302325576,100.0
REG101538,12-09-2021,2021,Delhi,Delhi Central (DL-01),2W,Scooter,TVS,Petrol,BS6,250.0,2,3,False,True,44.11764705882353,94.11764705882352
REG101539,13-09-2022,2022,Tamil Nadu,Madurai (TN-58),4W,SUV,Mahindra,Petrol,BS6,1968.0,8,2,False,True,48.148148148148145,96.29629629629629
REG101540,28-12-2019,2019,Tamil Nadu,Salem (TN-30),HCV,Truck,Volvo,Diesel,BS4,6700.0,2,5,False,False,31.818181818181817,9.090909090909092
REG101541,20-11-2022,2022,Gujarat,Surat (GJ-05),2W,Scooter,Bajaj,Petrol,BS6,125.0,2,2,False,True,50.0,95.65217391304348
REG101542,25-05-2022,2022,Rajasthan,Kota (RJ-20),4W,MUV,Skoda,Petrol,BS6,1598.0,7,2,False,True,30.0,100.0
REG101543,07-05-2022,2022,Kerala,Kochi (KL-07),2W,Scooter,Honda,Petrol,BS6,150.0,2,2,False,True,32.608695652173914,100.0
REG101544,24-06-2023,2023,Rajasthan,Jodhpur (RJ-19),HCV,Trailer,MAN,Diesel,BS6,5660.0,2,1,False,True,32.83582089552239,100.0
REG101545,02-05-2023,2023,Kerala,Kochi (KL-07),LCV,Pickup Van,Eicher,Diesel,BS6,2956.0,9,1,False,True,30.508474576271187,96.61016949152543
REG101546,16-11-2021,2021,Punjab,Jalandhar (PB-08),LCV,Pickup Van,Eicher,Diesel,BS6,3298.0,9,3,False,True,38.46153846153847,100.0
REG101547,09-04-2022,2022,Telangana,Karimnagar (TS-01),3W,Tempo,TVS,CNG,BS4,250.0,7,2,True,False,37.5,97.91666666666666
REG101548,16-06-2020,2020,Tamil Nadu,Madurai (TN-58),LCV,Mini Truck,Force Motors,Diesel,BS6,3298.0,9,4,False,True,34.285714285714285,85.71428571428571
REG101549,01-10-2024,2024,West Bengal,Asansol (WB-39),2W,Scooter,Yamaha,EV,BS6,0.0,2,0,True,True,27.027027027027028,100.0
REG101550,26-09-2019,2019,Madhya Pradesh,Indore (MP-09),HCV,Truck,Volvo,CNG,BS4,4998.0,2,5,True,False,44.44444444444444,7.4074074074074066
REG101551,13-01-2020,2020,Delhi,Delhi North (DL-04),2W,Motorcycle,Royal Enfield,Petrol,BS6,100.0,2,4,False,True,38.23529411764706,85.29411764705883
REG101552,22-03-2023,2023,Madhya Pradesh,Jabalpur (MP-20),2W,Scooter,TVS,EV,BS6,0.0,2,1,True,True,36.36363636363637,96.36363636363636
REG101553,20-08-2020,2020,West Bengal,Durgapur (WB-40),2W,Scooter,KTM,Petrol,BS6,160.0,2,4,False,True,30.76923076923077,88.46153846153845
REG101554,01-09-2024,2024,Tamil Nadu,Trichy (TN-45),2W,Motorcycle,Honda,Petrol,BS6,200.0,2,0,False,True,38.88888888888889,100.0
REG101555,15-06-2023,2023,Tamil Nadu,Madurai (TN-58),LCV,Pickup Van,Eicher,Diesel,BS6,2956.0,9,1,False,True,41.509433962264154,96.22641509433963
REG101556,21-01-2022,2022,Rajasthan,Ajmer (RJ-01),LCV,Mini Truck,Ashok Leyland,Diesel,BS6,2523.0,9,2,False,True,30.0,100.0
REG101557,01-05-2019,2019,Kerala,Kochi (KL-07),3W,Auto Rickshaw,Piaggio,CNG,BS4,200.0,6,5,True,False,39.130434782608695,4.3478260869565215
REG101558,26-09-2021,2021,Rajasthan,Kota (RJ-20),2W,Scooter,Honda,EV,BS6,0.0,2,3,True,True,42.857142857142854,95.23809523809523
REG101559,13-05-2020,2020,Madhya Pradesh,Jabalpur (MP-20),4W,Hatchback,Mahindra,Diesel,BS4,1462.0,5,4,False,False,45.45454545454545,81.81818181818183
REG101560,30-04-2018,2018,Maharashtra,Aurangabad (MH-20),2W,Moped,Bajaj,EV,BS4,0.0,2,6,True,False,44.44444444444444,0.0
REG101561,10-09-2022,2022,Tamil Nadu,Trichy (TN-45),2W,Scooter,Suzuki,Petrol,BS6,100.0,2,2,False,True,48.148148148148145,96.29629629629629
REG101562,26-10-2018,2018,Madhya Pradesh,Jabalpur (MP-20),4W,Hatchback,Mahindra,CNG,BS4,2179.0,5,6,True,False,34.78260869565217,0.0
REG101563,02-10-2021,2021,Rajasthan,Jaipur (RJ-14),4W,SUV,Renault,Petrol,BS6,800.0,7,3,False,True,42.857142857142854,95.23809523809523
REG101564,21-06-2023,2023,Gujarat,Gandhinagar (GJ-18),2W,Scooter,TVS,Petrol,BS6,150.0,2,1,False,True,36.84210526315789,100.0
REG101565,30-11-2018,2018,Rajasthan,Kota (RJ-20),2W,Moped,Royal Enfield,EV,BS4,0.0,2,6,True,False,54.54545454545454,0.0
REG101566,13-04-2023,2023,Uttar Pradesh,Kanpur (UP-78),2W,Motorcycle,Suzuki,Petrol,BS6,150.0,2,1,False,True,26.666666666666668,100.0
REG101567,26-08-2023,2023,Kerala,Kozhikode (KL-11),LCV,Light Bus,Mahindra,CNG,BS6,2523.0,15,1,True,True,30.508474576271187,96.61016949152543
REG101568,21-04-2018,2018,Madhya Pradesh,Indore (MP-09),4W,SUV,Mahindra,Diesel,BS4,1197.0,7,6,False,False,34.78260869565217,0.0
REG101569,05-11-2022,2022,Delhi,Delhi North (DL-04),HCV,Tanker,MAN,Diesel,BS6,4998.0,2,2,False,True,28.57142857142857,100.0
REG101570,16-01-2019,2019,West Bengal,Asansol (WB-39),4W,Sedan,Hyundai,CNG,BS4,800.0,5,5,True,False,42.10526315789473,10.526315789473683
REG101571,21-04-2019,2019,Gujarat,Ahmedabad (GJ-01),2W,Scooter,Ola Electric,Petrol,BS4,150.0,2,5,False,False,55.00000000000001,0.0
REG101572,04-06-2023,2023,Uttar Pradesh,Agra (UP-80),2W,Scooter,Hero,Petrol,BS6,125.0,2,1,False,True,26.666666666666668,100.0
REG101573,16-01-2023,2023,Gujarat,Rajkot (GJ-03),HCV,Bus,Tata Motors,Diesel,BS6,6700.0,32,1,False,True,36.84210526315789,100.0
REG101574,19-05-2023,2023,Maharashtra,Mumbai Central (MH-01),2W,Motorcycle,KTM,EV,BS6,0.0,2,1,True,True,32.72727272727273,98.18181818181819
REG101575,13-12-2020,2020,Kerala,Kollam (KL-02),3W,Tempo,Kinetic Green,CNG,BS6,225.0,3,4,True,True,37.5,87.5
REG101576,23-01-2024,2024,Maharashtra,Nashik (MH-15),2W,Scooter,Suzuki,Petrol,BS6,110.0,2,0,False,True,45.714285714285715,100.0
REG101577,01-05-2023,2023,Gujarat,Vadodara (GJ-06),4W,Sedan,Kia,Petrol,BS6,2179.0,5,1,False,True,36.84210526315789,100.0
REG101578,25-01-2022,2022,Madhya Pradesh,Bhopal (MP-04),LCV,Pickup Van,Eicher,CNG,BS6,3298.0,9,2,True,True,39.53488372093023,100.0
REG101579,10-10-2021,2021,Karnataka,Belgaum (KA-22),2W,Scooter,Ather,Petrol,BS6,400.0,2,3,False,True,32.88590604026846,94.63087248322147
REG101580,28-08-2022,2022,Tamil Nadu,Madurai (TN-58),4W,SUV,Honda,Petrol,BS6,1598.0,7,2,False,True,48.148148148148145,96.29629629629629
REG101581,12-03-2019,2019,Tamil Nadu,Salem (TN-30),4W,MUV,Toyota,Diesel,BS4,1598.0,7,5,False,False,31.818181818181817,9.090909090909092
REG101582,16-09-2024,2024,Madhya Pradesh,Jabalpur (MP-20),3W,Tempo,Kinetic Green,CNG,BS6,225.0,7,0,True,True,48.837209302325576,100.0
REG101583,20-12-2024,2024,Rajasthan,Ajmer (RJ-01),4W,Sedan,Skoda,Petrol,BS6,1968.0,5,0,False,True,41.02564102564102,100.0
REG101584,11-05-2019,2019,Uttar Pradesh,Lucknow (UP-32),OTH,Road Roller,Mahindra,Diesel,BS4,5329.0,2,5,False,False,27.27272727272727,0.0
REG101585,08-10-2021,2021,Kerala,Kochi (KL-07),4W,SUV,MG,Petrol,BS6,1968.0,8,3,False,True,37.254901960784316,94.11764705882352
REG101586,21-03-2023,2023,Delhi,Delhi South (DL-09),2W,Scooter,Honda,Petrol,BS6,150.0,2,1,False,True,36.666666666666664,98.33333333333333
REG101587,21-12-2020,2020,Kerala,Thiruvananthapuram (KL-01),LCV,Light Bus,Tata Motors,Diesel,BS6,3298.0,9,4,False,True,37.5,87.5
REG101588,03-03-2018,2018,Uttar Pradesh,Agra (UP-80),4W,Hatchback,Mahindra,Petrol,BS4,1462.0,5,6,False,False,37.5,0.0
REG101589,25-07-2024,2024,Madhya Pradesh,Bhopal (MP-04),2W,Scooter,Honda,Petrol,BS6,100.0,2,0,False,True,48.837209302325576,100.0
REG101590,29-10-2021,2021,Kerala,Kollam (KL-02),2W,Scooter,Yamaha,Petrol,BS6,350.0,2,3,False,True,37.254901960784316,94.11764705882352
REG101591,11-05-2021,2021,Madhya Pradesh,Ujjain (MP-13),4W,MUV,Maruti Suzuki,Diesel,BS6,2179.0,8,3,False,True,44.89795918367347,95.91836734693877
REG101592,08-09-2024,2024,Telangana,Hyderabad (TS-09),2W,Moped,Ola Electric,Petrol,BS6,100.0,2,0,False,True,25.71428571428571,100.0
REG101593,06-05-2022,2022,Uttar Pradesh,Lucknow (UP-32),HCV,Truck,BharatBenz,Diesel,BS6,3760.0,2,2,False,True,42.592592592592595,96.29629629629629
REG101594,27-12-2021,2021,Uttar Pradesh,Agra (UP-80),2W,Scooter,Hero,Petrol,BS4,350.0,2,3,False,False,30.76923076923077,94.87179487179486
REG101595,15-01-2024,2024,Delhi,Delhi South (DL-09),2W,Motorcycle,TVS,EV,BS6,0.0,2,0,True,True,41.02564102564102,100.0
REG101596,01-12-2022,2022,West Bengal,Kolkata (WB-01),3W,E-Rickshaw,TVS,EV,BS6,0.0,3,2,True,True,35.714285714285715,98.21428571428571
REG101597,21-01-2021,2021,Punjab,Chandigarh (CH-01),4W,MUV,Tata Motors,Diesel,BS6,1498.0,7,3,False,True,38.46153846153847,100.0
REG101598,18-07-2022,2022,Uttar Pradesh,Lucknow (UP-32),4W,Hatchback,Mahindra,Diesel,BS6,1197.0,5,2,False,True,42.592592592592595,96.29629629629629
REG101599,24-12-2020,2020,Maharashtra,Nagpur (MH-31),2W,Scooter,Ola Electric,EV,BS6,0.0,2,4,True,True,34.61538461538461,84.61538461538461
REG101600,07-07-2018,2018,Karnataka,Mysore (KA-09),2W,Moped,Ola Electric,EV,BS4,0.0,2,6,True,False,40.74074074074074,0.0
REG101601,23-05-2021,2021,Maharashtra,Aurangabad (MH-20),LCV,Pickup Van,Eicher,Diesel,BS6,2956.0,9,3,False,True,44.73684210526316,100.0
REG101602,17-09-2021,2021,Kerala,Thrissur (KL-08),2W,Motorcycle,Royal Enfield,CNG,BS6,150.0,2,3,True,True,37.254901960784316,94.11764705882352
REG101603,04-12-2023,2023,Tamil Nadu,Chennai Central (TN-01),2W,Motorcycle,Ola Electric,Petrol,BS6,400.0,2,1,False,True,41.509433962264154,96.22641509433963
REG101604,21-01-2021,2021,Rajasthan,Ajmer (RJ-01),2W,Motorcycle,TVS,EV,BS6,0.0,2,3,True,True,42.857142857142854,95.23809523809523
REG101605,07-01-2021,2021,Delhi,Delhi East (DL-02),2W,Moped,Suzuki,Petrol,BS6,110.0,2,3,False,True,44.11764705882353,94.11764705882352
REG101606,03-09-2021,2021,Telangana,Nizamabad (TS-05),4W,Hatchback,Kia,Petrol,BS6,1462.0,5,3,False,True,38.70967741935484,93.54838709677419
REG101607,18-11-2021,2021,Madhya Pradesh,Jabalpur (MP-20),3W,Auto Rickshaw,Bajaj,CNG,BS6,200.0,3,3,True,True,44.89795918367347,95.91836734693877
REG101608,17-10-2022,2022,Madhya Pradesh,Indore (MP-09),LCV,Mini Truck,Tata Motors,Diesel,BS6,2956.0,9,2,False,True,39.53488372093023,100.0
REG101609,10-08-2021,2021,Madhya Pradesh,Jabalpur (MP-20),LCV,Pickup Van,Mahindra,Diesel,BS4,2523.0,9,3,False,False,44.89795918367347,95.91836734693877
REG101610,07-03-2022,2022,Uttar Pradesh,Lucknow (UP-32),2W,Moped,Yamaha,Petrol,BS6,350.0,2,2,False,True,42.592592592592595,96.29629629629629
REG101611,12-09-2022,2022,Punjab,Patiala (PB-11),LCV,Light Bus,Mahindra,Diesel,BS6,2523.0,12,2,False,True,39.21568627450981,98.0392156862745
REG101612,24-11-2024,2024,Punjab,Chandigarh (CH-01),2W,Moped,Honda,CNG,BS6,100.0,2,0,True,True,31.25,100.0
REG101613,17-06-2023,2023,Rajasthan,Kota (RJ-20),2W,Scooter,Yamaha,Petrol,BS6,160.0,2,1,False,True,32.83582089552239,100.0
REG101614,06-11-2022,2022,West Bengal,Asansol (WB-39),3W,Tempo,Atul Auto,EV,BS6,0.0,6,2,True,True,35.714285714285715,98.21428571428571
REG101615,09-05-2022,2022,Rajasthan,Jaipur (RJ-14),4W,SUV,Renault,Diesel,BS6,1498.0,7,2,False,True,30.0,100.0
REG101616,06-06-2022,2022,Gujarat,Gandhinagar (GJ-18),3W,E-Rickshaw,TVS,CNG,BS6,225.0,3,2,True,True,50.0,95.65217391304348
REG101617,10-11-2023,2023,Telangana,Karimnagar (TS-01),2W,Moped,Suzuki,CNG,BS6,125.0,2,1,True,True,32.25806451612903,98.38709677419355
REG101618,15-04-2022,2022,Kerala,Kozhikode (KL-11),2W,Moped,Yamaha,CNG,BS6,350.0,2,2,True,True,32.608695652173914,100.0
REG101619,20-11-2020,2020,Punjab,Patiala (PB-11),2W,Moped,Royal Enfield,EV,BS6,0.0,2,4,True,True,29.03225806451613,87.09677419354838
REG101620,24-08-2021,2021,Tamil Nadu,Salem (TN-30),2W,Scooter,KTM,CNG,BS6,400.0,2,3,True,True,21.62162162162162,89.1891891891892
REG101621,20-07-2024,2024,Rajasthan,Jodhpur (RJ-19),2W,Motorcycle,Royal Enfield,Petrol,BS6,100.0,2,0,False,True,41.02564102564102,100.0
REG101622,25-10-2024,2024,Karnataka,Mysore (KA-09),4W,SUV,MG,Diesel,BS6,1498.0,8,0,False,True,41.29032258064516,100.0
REG101623,18-07-2019,2019,Delhi,Delhi West (DL-08),2W,Scooter,KTM,EV,BS4,0.0,2,5,True,False,17.647058823529413,11.76470588235294
REG101624,25-02-2024,2024,Karnataka,Mysore (KA-09),2W,Scooter,Hero,Petrol,BS6,400.0,2,0,False,True,41.29032258064516,100.0
REG101625,18-10-2018,2018,Telangana,Nizamabad (TS-05),2W,Motorcycle,Suzuki,Petrol,BS4,100.0,2,6,False,False,41.66666666666667,0.0
REG101626,23-04-2022,2022,Maharashtra,Mumbai Central (MH-01),2W,Moped,Royal Enfield,Petrol,BS6,160.0,2,2,False,True,41.86046511627907,97.67441860465115
REG101627,12-06-2018,2018,Punjab,Patiala (PB-11),4W,SUV,Mahindra,Petrol,BS4,1462.0,6,6,False,False,18.181818181818183,0.0
REG101628,19-05-2022,2022,Uttar Pradesh,Kanpur (UP-78),4W,Hatchback,Tata Motors,Petrol,BS6,2179.0,5,2,False,True,42.592592592592595,96.29629629629629
REG101629,23-04-2022,2022,Karnataka,Mysore (KA-09),LCV,Mini Truck,Mahindra,Diesel,BS6,3298.0,9,2,False,True,43.333333333333336,96.66666666666667
REG101630,19-04-2024,2024,Maharashtra,Pune (MH-12),4W,MUV,Skoda,CNG,BS6,1462.0,5,0,True,True,45.714285714285715,100.0
REG101631,13-07-2024,2024,Karnataka,Mangalore (KA-19),4W,MUV,Tata Motors,Hybrid,BS6,800.0,7,0,True,True,41.29032258064516,100.0
REG101632,12-11-2018,2018,Delhi,Delhi North (DL-04),2W,Moped,Yamaha,Petrol,BS4,250.0,2,6,False,False,17.647058823529413,0.0
REG101633,13-07-2023,2023,West Bengal,Asansol (WB-39),2W,Motorcycle,Honda,EV,BS6,0.0,2,1,True,True,45.0,97.5
REG101634,28-04-2020,2020,Uttar Pradesh,Kanpur (UP-78),2W,Scooter,Suzuki,Petrol,BS6,250.0,2,4,False,True,35.714285714285715,78.57142857142857
REG101635,12-01-2019,2019,Punjab,Jalandhar (PB-08),HCV,Bus,MAN,CNG,BS6,6700.0,52,5,True,True,52.63157894736842,15.789473684210526
REG101636,15-02-2022,2022,Rajasthan,Kota (RJ-20),2W,Scooter,Suzuki,CNG,BS6,250.0,2,2,True,True,30.0,100.0
REG101637,26-10-2020,2020,Gujarat,Vadodara (GJ-06),2W,Scooter,Royal Enfield,EV,BS6,0.0,2,4,True,True,33.33333333333333,81.81818181818183
REG101638,16-02-2018,2018,Punjab,Patiala (PB-11),4W,Hatchback,Honda,Diesel,BS4,1197.0,5,6,False,False,18.181818181818183,0.0
REG101639,14-03-2022,2022,Punjab,Patiala (PB-11),2W,Motorcycle,Ather,Petrol,BS6,250.0,2,2,False,True,39.21568627450981,98.0392156862745
REG101640,14-11-2019,2019,Gujarat,Surat (GJ-05),2W,Scooter,TVS,EV,BS4,0.0,2,5,True,False,55.00000000000001,0.0
REG101641,04-11-2020,2020,Punjab,Ludhiana (PB-10),2W,Scooter,Suzuki,Petrol,BS6,110.0,2,4,False,True,29.03225806451613,87.09677419354838
REG101642,08-07-2023,2023,Karnataka,Bangalore Central (KA-01),2W,Motorcycle,Ather,Petrol,BS6,125.0,2,1,False,True,37.17948717948718,99.14529914529915
REG101643,19-05-2024,2024,Tamil Nadu,Trichy (TN-45),HCV,Bus,Tata Motors,Diesel,BS6,5660.0,32,0,False,True,38.88888888888889,100.0
REG101644,09-03-2018,2018,Telangana,Khammam (TS-07),LCV,Pickup Van,Mahindra,Diesel,BS4,2956.0,9,6,False,False,41.66666666666667,0.0
REG101645,31-12-2020,2020,Rajasthan,Ajmer (RJ-01),4W,MUV,Mahindra,Diesel,BS6,1462.0,6,4,False,True,52.0,84.0
REG101646,28-09-2018,2018,Madhya Pradesh,Ujjain (MP-13),4W,Hatchback,Honda,Petrol,BS4,2179.0,5,6,False,False,34.78260869565217,0.0
REG101647,27-07-2023,2023,Telangana,Khammam (TS-07),4W,MUV,Renault,Diesel,BS6,1498.0,8,1,False,True,32.25806451612903,98.38709677419355
REG101648,02-06-2019,2019,Tamil Nadu,Trichy (TN-45),LCV,Mini Truck,Tata Motors,Diesel,BS4,2523.0,9,5,False,False,31.818181818181817,9.090909090909092
REG101649,09-01-2022,2022,Uttar Pradesh,Varanasi (UP-65),2W,Scooter,Hero,Petrol,BS6,150.0,2,2,False,True,42.592592592592595,96.29629629629629
REG101650,06-05-2023,2023,Uttar Pradesh,Kanpur (UP-78),2W,Moped,TVS,EV,BS6,0.0,2,1,True,True,26.666666666666668,100.0
REG101651,10-07-2022,2022,Maharashtra,Pune (MH-12),LCV,Pickup Van,Force Motors,Diesel,BS6,2956.0,9,2,False,True,41.86046511627907,97.67441860465115
REG101652,10-07-2024,2024,Tamil Nadu,Salem (TN-30),HCV,Bus,Ashok Leyland,Diesel,BS6,3760.0,32,0,False,True,38.88888888888889,100.0
REG101653,10-10-2021,2021,West Bengal,Siliguri (WB-73),LCV,Pickup Van,Tata Motors,CNG,BS6,3298.0,9,3,True,True,39.130434782608695,95.65217391304348
REG101654,15-03-2020,2020,West Bengal,Kolkata (WB-01),2W,Motorcycle,Royal Enfield,EV,BS6,0.0,2,4,True,True,30.76923076923077,88.46153846153845
REG101655,21-06-2018,2018,Gujarat,Ahmedabad (GJ-01),2W,Motorcycle,Ather,Petrol,BS4,150.0,2,6,False,False,41.66666666666667,0.0
REG101656,05-03-2023,2023,West Bengal,Durgapur (WB-40),4W,SUV,Toyota,Petrol,BS6,2179.0,8,1,False,True,45.0,97.5
REG101657,13-07-2019,2019,Uttar Pradesh,Allahabad (UP-70),2W,Moped,Ola Electric,EV,BS4,0.0,2,5,True,False,27.27272727272727,0.0
REG101658,17-02-2023,2023,Madhya Pradesh,Jabalpur (MP-20),4W,SUV,Tata Motors,Petrol,BS6,1968.0,7,1,False,True,36.36363636363637,96.36363636363636
REG101659,09-04-2020,2020,Uttar Pradesh,Kanpur (UP-78),2W,Scooter,Hero,Petrol,BS6,250.0,2,4,False,True,35.714285714285715,78.57142857142857
REG101660,20-01-2024,2024,Tamil Nadu,Salem (TN-30),4W,SUV,Mahindra,Petrol,BS6,1498.0,8,0,False,True,38.88888888888889,100.0
REG101661,24-08-2019,2019,Karnataka,Mysore (KA-09),3W,Auto Rickshaw,Kinetic Green,Diesel,BS4,250.0,7,5,False,False,31.32530120481928,9.63855421686747
REG101662,19-06-2022,2022,Kerala,Kozhikode (KL-11),LCV,Pickup Van,Eicher,CNG,BS6,3298.0,9,2,True,True,32.608695652173914,100.0
REG101663,12-01-2024,2024,Tamil Nadu,Trichy (TN-45),3W,E-Rickshaw,Atul Auto,Petrol,BS6,200.0,3,0,False,True,38.88888888888889,100.0
REG101664,29-10-2024,2024,Gujarat,Vadodara (GJ-06),HCV,Trailer,BharatBenz,CNG,BS6,5660.0,2,0,True,True,35.294117647058826,100.0
REG101665,23-12-2024,2024,Karnataka,Mysore (KA-09),4W,Sedan,Mahindra,Diesel,BS6,1462.0,5,0,False,True,41.29032258064516,100.0
REG101666,03-09-2020,2020,Uttar Pradesh,Varanasi (UP-65),2W,Scooter,Royal Enfield,Petrol,BS6,110.0,2,4,False,True,35.714285714285715,78.57142857142857
REG101667,20-06-2022,2022,Rajasthan,Jaipur (RJ-14),2W,Scooter,TVS,Petrol,BS6,200.0,2,2,False,True,30.0,100.0
REG101668,30-04-2020,2020,Karnataka,Hubli (KA-25),2W,Scooter,Suzuki,EV,BS6,0.0,2,4,True,True,37.5,83.33333333333334
REG101669,12-02-2021,2021,Delhi,Delhi South (DL-09),4W,SUV,Tata Motors,CNG,BS6,1000.0,5,3,True,True,44.11764705882353,94.11764705882352
REG101670,27-11-2024,2024,Karnataka,Bangalore Central (KA-01),2W,Scooter,KTM,Petrol,BS6,125.0,2,0,False,True,41.29032258064516,100.0
REG101671,13-12-2024,2024,Maharashtra,Mumbai Central (MH-01),3W,Auto Rickshaw,Piaggio,CNG,BS6,250.0,7,0,True,True,45.714285714285715,100.0
REG101672,12-02-2018,2018,Punjab,Chandigarh (CH-01),2W,Scooter,Yamaha,Petrol,BS4,100.0,2,6,False,False,18.181818181818183,0.0
REG101673,25-02-2023,2023,Punjab,Chandigarh (CH-01),4W,Sedan,Tata Motors,Diesel,BS6,1498.0,5,1,False,True,33.33333333333333,100.0
REG101674,14-05-2019,2019,Punjab,Patiala (PB-11),2W,Moped,Royal Enfield,Petrol,BS4,125.0,2,5,False,False,52.63157894736842,15.789473684210526
REG101675,23-06-2021,2021,Madhya Pradesh,Ujjain (MP-13),2W,Moped,Bajaj,CNG,BS6,125.0,2,3,True,True,44.89795918367347,95.91836734693877
REG101676,25-07-2021,2021,Kerala,Thrissur (KL-08),4W,SUV,Renault,Petrol,BS6,1968.0,6,3,False,True,37.254901960784316,94.11764705882352
REG101677,31-01-2020,2020,Gujarat,Vadodara (GJ-06),2W,Scooter,TVS,CNG,BS6,160.0,2,4,True,True,33.33333333333333,81.81818181818183
REG101678,20-06-2023,2023,Karnataka,Mysore (KA-09),2W,Scooter,TVS,Petrol,BS6,200.0,2,1,False,True,37.17948717948718,99.14529914529915
REG101679,09-12-2024,2024,Punjab,Ludhiana (PB-10),4W,MUV,Honda,Petrol,BS6,1462.0,7,0,False,True,31.25,100.0
REG101680,25-06-2020,2020,Kerala,Kochi (KL-07),LCV,Light Bus,Tata Motors,Diesel,BS6,2523.0,9,4,False,True,37.5,87.5
REG101681,14-06-2024,2024,Maharashtra,Nagpur (MH-31),2W,Scooter,KTM,EV,BS6,0.0,2,0,True,True,45.714285714285715,100.0
REG101682,05-04-2022,2022,Tamil Nadu,Madurai (TN-58),4W,MUV,Toyota,Hybrid,BS6,800.0,6,2,True,True,48.148148148148145,96.29629629629629
REG101683,19-09-2024,2024,Gujarat,Rajkot (GJ-03),2W,Scooter,TVS,Petrol,BS6,160.0,2,0,False,True,35.294117647058826,100.0
REG101684,20-11-2018,2018,West Bengal,Durgapur (WB-40),LCV,Light Bus,Mahindra,Diesel,BS4,3298.0,15,6,False,False,50.0,0.0
REG101685,14-04-2023,2023,Rajasthan,Ajmer (RJ-01),2W,Motorcycle,Honda,EV,BS6,0.0,2,1,True,True,32.83582089552239,100.0
REG101686,09-11-2024,2024,Tamil Nadu,Madurai (TN-58),4W,SUV,Renault,Diesel,BS6,1462.0,8,0,False,True,38.88888888888889,100.0
REG101687,22-08-2021,2021,Kerala,Thiruvananthapuram (KL-01),3W,Tempo,Atul Auto,EV,BS4,0.0,6,3,True,False,37.254901960784316,94.11764705882352
REG101688,26-08-2023,2023,Rajasthan,Jaipur (RJ-14),2W,Moped,Honda,EV,BS6,0.0,2,1,True,True,32.83582089552239,100.0
REG101689,20-01-2021,2021,Punjab,Ludhiana (PB-10),HCV,Bus,BharatBenz,Diesel,BS6,4998.0,52,3,False,True,38.46153846153847,100.0
REG101690,02-05-2020,2020,Gujarat,Rajkot (GJ-03),2W,Moped,Bajaj,Petrol,BS6,250.0,2,4,False,True,33.33333333333333,81.81818181818183
REG101691,02-08-2023,2023,Maharashtra,Nashik (MH-15),2W,Motorcycle,Royal Enfield,EV,BS6,0.0,2,1,True,True,32.72727272727273,98.18181818181819
REG101692,09-10-2020,2020,Telangana,Nizamabad (TS-05),4W,Hatchback,MG,CNG,BS6,1498.0,5,4,True,True,45.16129032258064,90.32258064516128
REG101693,17-12-2023,2023,Delhi,Delhi North (DL-04),4W,SUV,Tata Motors,Diesel,BS6,1968.0,5,1,False,True,36.666666666666664,98.33333333333333
REG101694,12-05-2024,2024,Rajasthan,Jodhpur (RJ-19),HCV,Truck,Tata Motors,Diesel,BS6,4998.0,2,0,False,True,41.02564102564102,100.0
REG101695,27-05-2020,2020,Madhya Pradesh,Gwalior (MP-07),2W,Scooter,Bajaj,CNG,BS6,160.0,2,4,True,True,45.45454545454545,81.81818181818183
REG101696,02-05-2024,2024,Telangana,Khammam (TS-07),4W,Hatchback,Tata Motors,Petrol,BS6,1000.0,5,0,False,True,25.71428571428571,100.0
REG101697,01-10-2023,2023,Tamil Nadu,Chennai Central (TN-01),4W,SUV,Hyundai,Diesel,BS4,2179.0,5,1,False,False,41.509433962264154,96.22641509433963
REG101698,07-04-2021,2021,West Bengal,Asansol (WB-39),2W,Motorcycle,Yamaha,Petrol,BS6,400.0,2,3,False,True,39.130434782608695,95.65217391304348
REG101699,24-09-2020,2020,Gujarat,Ahmedabad (GJ-01),HCV,Truck,Tata Motors,Diesel,BS6,5660.0,2,4,False,True,33.33333333333333,81.81818181818183
REG101700,26-07-2023,2023,West Bengal,Durgapur (WB-40),2W,Scooter,Suzuki,Petrol,BS4,150.0,2,1,False,False,45.0,97.5
REG101701,27-04-2023,2023,Tamil Nadu,Coimbatore (TN-37),4W,MUV,Skoda,Hybrid,BS6,2179.0,8,1,True,True,41.509433962264154,96.22641509433963
REG101702,20-10-2022,2022,Uttar Pradesh,Agra (UP-80),4W,Sedan,Maruti Suzuki,Petrol,BS6,1598.0,5,2,False,True,42.592592592592595,96.29629629629629
REG101703,09-03-2024,2024,Madhya Pradesh,Gwalior (MP-07),4W,MUV,Maruti Suzuki,Diesel,BS6,1000.0,5,0,False,True,48.837209302325576,100.0
REG101704,16-11-2023,2023,Punjab,Ludhiana (PB-10),3W,Tempo,Atul Auto,Petrol,BS6,200.0,7,1,False,True,33.33333333333333,100.0
REG101705,02-06-2024,2024,Rajasthan,Jodhpur (RJ-19),2W,Scooter,Royal Enfield,Petrol,BS6,125.0,2,0,False,True,41.02564102564102,100.0
REG101706,28-09-2024,2024,Kerala,Kozhikode (KL-11),4W,Sedan,Kia,Diesel,BS6,1598.0,5,0,False,True,36.17021276595745,100.0
REG101707,04-04-2024,2024,West Bengal,Durgapur (WB-40),4W,MUV,Maruti Suzuki,Petrol,BS6,1000.0,6,0,False,True,27.027027027027028,100.0
REG101708,20-06-2019,2019,Telangana,Khammam (TS-07),4W,Hatchback,Toyota,Petrol,BS4,1598.0,5,5,False,False,26.666666666666668,6.666666666666667
REG101709,09-10-2021,2021,Tamil Nadu,Trichy (TN-45),2W,Motorcycle,Bajaj,Petrol,BS4,400.0,2,3,False,False,21.62162162162162,89.1891891891892
REG101710,21-01-2021,2021,Karnataka,Belgaum (KA-22),HCV,Trailer,Eicher,Diesel,BS6,5660.0,2,3,False,True,32.88590604026846,94.63087248322147
REG101711,03-01-2019,2019,Karnataka,Hubli (KA-25),2W,Motorcycle,TVS,Petrol,BS4,110.0,2,5,False,False,31.32530120481928,9.63855421686747
REG101712,30-10-2019,2019,West Bengal,Kolkata (WB-01),3W,E-Rickshaw,Mahindra,EV,BS4,0.0,3,5,True,False,42.10526315789473,10.526315789473683
REG101713,22-04-2023,2023,Rajasthan,Jodhpur (RJ-19),2W,Moped,Honda,EV,BS6,0.0,2,1,True,True,32.83582089552239,100.0
REG101714,23-10-2022,2022,Tamil Nadu,Trichy (TN-45),2W,Scooter,Hero,CNG,BS6,150.0,2,2,True,True,48.148148148148145,96.29629629629629
REG101715,28-09-2023,2023,West Bengal,Asansol (WB-39),2W,Scooter,Bajaj,EV,BS6,0.0,2,1,True,True,45.0,97.5
REG101716,12-11-2021,2021,Rajasthan,Jodhpur (RJ-19),2W,Moped,Suzuki,EV,BS6,0.0,2,3,True,True,42.857142857142854,95.23809523809523
REG101717,29-10-2024,2024,Kerala,Thrissur (KL-08),2W,Moped,KTM,Petrol,BS6,150.0,2,0,False,True,36.17021276595745,100.0
REG101718,08-03-2024,2024,Kerala,Kozhikode (KL-11),4W,Sedan,Skoda,Petrol,BS6,800.0,5,0,False,True,36.17021276595745,100.0
REG101719,22-10-2021,2021,Delhi,Delhi Central (DL-01),4W,MUV,Tata Motors,Petrol,BS6,800.0,6,3,False,True,44.11764705882353,94.11764705882352
REG101720,15-03-2021,2021,Kerala,Thiruvananthapuram (KL-01),4W,Hatchback,Honda,Petrol,BS6,1197.0,5,3,False,True,37.254901960784316,94.11764705882352
REG101721,14-04-2021,2021,Rajasthan,Kota (RJ-20),OTH,Crane,Escorts,Diesel,BS6,4998.0,2,3,False,True,42.857142857142854,95.23809523809523
REG101722,12-08-2022,2022,Uttar Pradesh,Agra (UP-80),2W,Moped,Bajaj,EV,BS6,0.0,2,2,True,True,42.592592592592595,96.29629629629629
REG101723,29-05-2023,2023,Gujarat,Ahmedabad (GJ-01),2W,Motorcycle,Hero,Petrol,BS6,150.0,2,1,False,True,36.84210526315789,100.0
REG101724,08-01-2020,2020,Uttar Pradesh,Lucknow (UP-32),LCV,Mini Truck,Ashok Leyland,Diesel,BS4,2956.0,9,4,False,False,35.714285714285715,78.57142857142857
REG101725,22-05-2022,2022,Karnataka,Belgaum (KA-22),3W,E-Rickshaw,Kinetic Green,CNG,BS6,225.0,3,2,True,True,43.333333333333336,96.66666666666667
REG101726,06-09-2023,2023,Gujarat,Surat (GJ-05),3W,E-Rickshaw,Piaggio,CNG,BS6,225.0,3,1,True,True,36.84210526315789,100.0
REG101727,11-05-2023,2023,Telangana,Khammam (TS-07),4W,Sedan,Hyundai,Petrol,BS6,1000.0,5,1,False,True,32.25806451612903,98.38709677419355
REG101728,04-05-2022,2022,Madhya Pradesh,Ujjain (MP-13),4W,MUV,Maruti Suzuki,Petrol,BS6,1498.0,7,2,False,True,39.53488372093023,100.0
REG101729,02-01-2023,2023,Delhi,Delhi South (DL-09),LCV,Light Bus,Eicher,Diesel,BS6,2956.0,9,1,False,True,36.666666666666664,98.33333333333333
REG101730,05-06-2020,2020,Rajasthan,Ajmer (RJ-01),2W,Scooter,Hero,EV,BS6,0.0,2,4,True,True,52.0,84.0
REG101731,14-07-2022,2022,Gujarat,Vadodara (GJ-06),4W,MUV,Skoda,CNG,BS6,2179.0,6,2,True,True,50.0,95.65217391304348
REG101732,20-06-2023,2023,Delhi,Delhi West (DL-08),2W,Scooter,Yamaha,EV,BS6,0.0,2,1,True,True,36.666666666666664,98.33333333333333
REG101733,29-04-2019,2019,Delhi,Delhi North (DL-04),HCV,Truck,MAN,Diesel,BS4,6700.0,2,5,False,False,17.647058823529413,11.76470588235294
REG101734,14-08-2023,2023,Delhi,Delhi North (DL-04),2W,Moped,Honda,Petrol,BS6,125.0,2,1,False,True,36.666666666666664,98.33333333333333
REG101735,29-07-2018,2018,Delhi,Delhi East (DL-02),2W,Motorcycle,Hero,Petrol,BS4,110.0,2,6,False,False,17.647058823529413,0.0
REG101736,01-03-2024,2024,Gujarat,Gandhinagar (GJ-18),LCV,Mini Truck,Tata Motors,Diesel,BS6,2523.0,9,0,False,True,35.294117647058826,100.0
REG101737,27-03-2023,2023,Punjab,Patiala (PB-11),4W,Sedan,Maruti Suzuki,Diesel,BS6,800.0,5,1,False,True,33.33333333333333,100.0
REG101738,23-05-2022,2022,Delhi,Delhi North (DL-04),LCV,Mini Truck,Tata Motors,Diesel,BS6,2523.0,9,2,False,True,28.57142857142857,100.0
REG101739,19-02-2020,2020,Kerala,Kozhikode (KL-11),HCV,Tanker,Eicher,CNG,BS4,5849.0,2,4,True,False,37.5,87.5
REG101740,11-04-2018,2018,Madhya Pradesh,Gwalior (MP-07),2W,Motorcycle,Bajaj,CNG,BS4,150.0,2,6,True,False,34.78260869565217,0.0
REG101741,02-03-2022,2022,Delhi,Delhi East (DL-02),2W,Motorcycle,KTM,Petrol,BS6,150.0,2,2,False,True,28.57142857142857,100.0
REG101742,31-08-2019,2019,Rajasthan,Kota (RJ-20),LCV,Pickup Van,Mahindra,CNG,BS4,3298.0,9,5,True,False,23.809523809523807,14.285714285714285
REG101743,19-04-2019,2019,Tamil Nadu,Madurai (TN-58),2W,Motorcycle,Suzuki,Petrol,BS4,110.0,2,5,False,False,31.818181818181817,9.090909090909092
REG101744,12-10-2023,2023,Tamil Nadu,Salem (TN-30),2W,Motorcycle,TVS,Petrol,BS6,400.0,2,1,False,True,41.509433962264154,96.22641509433963
REG101745,21-04-2022,2022,Punjab,Patiala (PB-11),OTH,Crane,TAFE,Diesel,BS6,6700.0,1,2,False,True,39.21568627450981,98.0392156862745
REG101746,11-01-2021,2021,Tamil Nadu,Trichy (TN-45),LCV,Pickup Van,Ashok Leyland,Diesel,BS6,2956.0,9,3,False,True,21.62162162162162,89.1891891891892
REG101747,06-03-2019,2019,Gujarat,Rajkot (GJ-03),4W,MUV,Hyundai,CNG,BS4,800.0,6,5,True,False,55.00000000000001,0.0
REG101748,25-10-2021,2021,Kerala,Kollam (KL-02),HCV,Truck,Eicher,Diesel,BS6,4998.0,2,3,False,True,37.254901960784316,94.11764705882352
REG101749,06-11-2024,2024,Telangana,Warangal (TS-03),4W,Sedan,Tata Motors,Petrol,BS6,1462.0,5,0,False,True,25.71428571428571,100.0
REG101750,20-06-2019,2019,Delhi,Delhi South (DL-09),4W,SUV,Renault,Diesel,BS4,1498.0,6,5,False,False,17.647058823529413,11.76470588235294
REG101751,23-09-2023,2023,Tamil Nadu,Chennai Central (TN-01),2W,Motorcycle,TVS,Petrol,BS6,125.0,2,1,False,True,41.509433962264154,96.22641509433963
REG101752,24-08-2023,2023,Punjab,Jalandhar (PB-08),2W,Moped,Ather,Petrol,BS6,125.0,2,1,False,True,33.33333333333333,100.0
REG101753,14-01-2023,2023,Madhya Pradesh,Gwalior (MP-07),OTH,Crane,Mahindra,Diesel,BS4,3760.0,1,1,False,False,36.36363636363637,96.36363636363636
REG101754,04-09-2019,2019,Karnataka,Hubli (KA-25),2W,Moped,Ola Electric,Petrol,BS4,110.0,2,5,False,False,31.32530120481928,9.63855421686747
REG101755,10-06-2023,2023,West Bengal,Asansol (WB-39),4W,Hatchback,Skoda,Petrol,BS6,1968.0,5,1,False,True,45.0,97.5
REG101756,04-11-2022,2022,Telangana,Nizamabad (TS-05),4W,SUV,Tata Motors,Petrol,BS6,1498.0,8,2,False,True,37.5,97.91666666666666
REG101757,14-09-2023,2023,Gujarat,Rajkot (GJ-03),3W,Auto Rickshaw,Piaggio,CNG,BS6,200.0,6,1,True,True,36.84210526315789,100.0
REG101758,02-01-2018,2018,Uttar Pradesh,Varanasi (UP-65),2W,Scooter,KTM,Petrol,BS4,160.0,2,6,False,False,37.5,0.0
REG101759,29-09-2023,2023,Delhi,Delhi North (DL-04),2W,Scooter,Honda,Petrol,BS6,125.0,2,1,False,True,36.666666666666664,98.33333333333333
REG101760,27-04-2023,2023,Uttar Pradesh,Varanasi (UP-65),4W,Sedan,Honda,Petrol,BS6,1598.0,5,1,False,True,26.666666666666668,100.0
REG101761,21-01-2023,2023,Madhya Pradesh,Bhopal (MP-04),2W,Motorcycle,Ola Electric,Petrol,BS6,350.0,2,1,False,True,36.36363636363637,96.36363636363636
REG101762,01-07-2022,2022,Maharashtra,Nashik (MH-15),2W,Scooter,Ola Electric,EV,BS6,0.0,2,2,True,True,41.86046511627907,97.67441860465115
REG101763,20-07-2023,2023,Punjab,Patiala (PB-11),2W,Motorcycle,Hero,Petrol,BS6,160.0,2,1,False,True,33.33333333333333,100.0
REG101764,26-11-2023,2023,Telangana,Hyderabad (TS-09),LCV,Light Bus,Tata Motors,Diesel,BS6,2956.0,15,1,False,True,32.25806451612903,98.38709677419355
REG101765,07-04-2021,2021,West Bengal,Siliguri (WB-73),LCV,Mini Truck,Eicher,Diesel,BS4,2523.0,9,3,False,False,39.130434782608695,95.65217391304348
REG101766,01-06-2021,2021,Gujarat,Surat (GJ-05),2W,Motorcycle,TVS,CNG,BS6,125.0,2,3,True,True,50.0,95.0
REG101767,02-08-2020,2020,Telangana,Khammam (TS-07),4W,SUV,Honda,Petrol,BS6,1197.0,7,4,False,True,45.16129032258064,90.32258064516128
REG101768,21-01-2020,2020,Kerala,Kollam (KL-02),2W,Motorcycle,Royal Enfield,Hybrid,BS6,250.0,2,4,True,True,37.5,87.5
REG101769,11-12-2020,2020,Gujarat,Rajkot (GJ-03),2W,Scooter,Royal Enfield,Petrol,BS6,200.0,2,4,False,True,33.33333333333333,81.81818181818183
REG101770,29-08-2018,2018,Rajasthan,Ajmer (RJ-01),4W,SUV,Mahindra,Hybrid,BS4,1968.0,7,6,True,False,54.54545454545454,0.0
REG101771,26-04-2022,2022,Uttar Pradesh,Agra (UP-80),LCV,Light Bus,Eicher,Diesel,BS6,2523.0,12,2,False,True,42.592592592592595,96.29629629629629
REG101772,27-08-2023,2023,Delhi,Delhi South (DL-09),4W,Sedan,Kia,Diesel,BS6,800.0,5,1,False,True,36.666666666666664,98.33333333333333
REG101773,16-04-2020,2020,Maharashtra,Nagpur (MH-31),4W,Hatchback,Kia,Petrol,BS6,1598.0,5,4,False,True,34.61538461538461,84.61538461538461
REG101774,22-02-2020,2020,Telangana,Nizamabad (TS-05),4W,Hatchback,Honda,Hybrid,BS6,1000.0,5,4,True,True,45.16129032258064,90.32258064516128
REG101775,12-04-2022,2022,Kerala,Kollam (KL-02),3W,E-Rickshaw,Kinetic Green,CNG,BS6,225.0,3,2,True,True,32.608695652173914,100.0
REG101776,21-01-2021,2021,Karnataka,Mysore (KA-09),3W,Auto Rickshaw,Mahindra,EV,BS6,0.0,3,3,True,True,32.88590604026846,94.63087248322147
REG101777,28-07-2019,2019,Kerala,Thiruvananthapuram (KL-01),HCV,Tanker,Volvo,Diesel,BS4,4998.0,2,5,False,False,39.130434782608695,4.3478260869565215
REG101778,01-08-2022,2022,Maharashtra,Mumbai Central (MH-01),HCV,Bus,Tata Motors,Diesel,BS6,3760.0,52,2,False,True,41.86046511627907,97.67441860465115
REG101779,23-11-2021,2021,Tamil Nadu,Trichy (TN-45),3W,Auto Rickshaw,Piaggio,EV,BS6,0.0,6,3,True,True,21.62162162162162,89.1891891891892
REG101780,19-04-2024,2024,Kerala,Kozhikode (KL-11),4W,Hatchback,Honda,Petrol,BS6,1968.0,5,0,False,True,36.17021276595745,100.0
REG101781,27-09-2022,2022,Punjab,Amritsar (PB-02),2W,Motorcycle,Honda,Petrol,BS6,150.0,2,2,False,True,39.21568627450981,98.0392156862745
REG101782,14-01-2022,2022,Gujarat,Ahmedabad (GJ-01),4W,Sedan,Mahindra,Diesel,BS6,1197.0,5,2,False,True,50.0,95.65217391304348
REG101783,07-02-2022,2022,Delhi,Delhi East (DL-02),4W,Sedan,Mahindra,CNG,BS6,1462.0,5,2,True,True,28.57142857142857,100.0
REG101784,30-05-2024,2024,Gujarat,Vadodara (GJ-06),2W,Motorcycle,Honda,Petrol,BS6,125.0,2,0,False,True,35.294117647058826,100.0
REG101785,22-06-2023,2023,Telangana,Khammam (TS-07),2W,Moped,Hero,Petrol,BS4,150.0,2,1,False,False,32.25806451612903,98.38709677419355
REG101786,07-03-2023,2023,West Bengal,Siliguri (WB-73),2W,Moped,Hero,EV,BS6,0.0,2,1,True,True,45.0,97.5
REG101787,08-11-2021,2021,Maharashtra,Mumbai Central (MH-01),HCV,Truck,Eicher,Diesel,BS6,3760.0,2,3,False,True,44.73684210526316,100.0
REG101788,21-04-2020,2020,Uttar Pradesh,Kanpur (UP-78),4W,Hatchback,Toyota,Hybrid,BS6,1498.0,5,4,True,True,35.714285714285715,78.57142857142857
REG101789,06-09-2019,2019,Rajasthan,Jaipur (RJ-14),4W,Sedan,Honda,CNG,BS4,1968.0,5,5,True,False,23.809523809523807,14.285714285714285
REG101790,03-05-2024,2024,Punjab,Ludhiana (PB-10),OTH,Crane,John Deere,Petrol,BS6,5660.0,1,0,False,True,31.25,100.0
REG101791,08-10-2020,2020,Maharashtra,Aurangabad (MH-20),OTH,Tractor,John Deere,Diesel,BS4,4998.0,2,4,False,False,34.61538461538461,84.61538461538461
REG101792,22-02-2023,2023,Uttar Pradesh,Lucknow (UP-32),2W,Moped,Yamaha,EV,BS6,0.0,2,1,True,True,26.666666666666668,100.0
REG101793,28-12-2024,2024,West Bengal,Kolkata (WB-01),4W,Hatchback,Renault,Diesel,BS6,1000.0,5,0,False,True,27.027027027027028,100.0
REG101794,26-07-2022,2022,Gujarat,Gandhinagar (GJ-18),2W,Motorcycle,KTM,Petrol,BS6,150.0,2,2,False,True,50.0,95.65217391304348
REG101795,03-12-2023,2023,Kerala,Kollam (KL-02),4W,MUV,Skoda,CNG,BS4,1498.0,8,1,True,False,30.508474576271187,96.61016949152543
REG101796,08-05-2021,2021,Karnataka,Belgaum (KA-22),2W,Moped,Yamaha,EV,BS6,0.0,2,3,True,True,32.88590604026846,94.63087248322147
REG101797,31-03-2022,2022,Rajasthan,Ajmer (RJ-01),2W,Motorcycle,Ather,Petrol,BS6,150.0,2,2,False,True,30.0,100.0
REG101798,25-07-2020,2020,Karnataka,Mysore (KA-09),LCV,Mini Truck,Ashok Leyland,EV,BS6,0.0,9,4,True,True,37.5,83.33333333333334
REG101799,02-08-2023,2023,Punjab,Chandigarh (CH-01),OTH,Crane,TAFE,Diesel,BS6,3760.0,1,1,False,True,33.33333333333333,100.0
REG101800,10-12-2022,2022,Tamil Nadu,Coimbatore (TN-37),2W,Moped,Bajaj,EV,BS6,0.0,2,2,True,True,48.148148148148145,96.29629629629629
REG101801,09-01-2024,2024,Rajasthan,Jodhpur (RJ-19),LCV,Light Bus,Mahindra,CNG,BS6,3298.0,9,0,True,True,41.02564102564102,100.0
REG101802,24-06-2022,2022,Rajasthan,Udaipur (RJ-27),LCV,Mini Truck,Mahindra,CNG,BS6,2523.0,9,2,True,True,30.0,100.0
REG101803,16-05-2020,2020,Tamil Nadu,Salem (TN-30),4W,SUV,Renault,EV,BS6,0.0,8,4,True,True,34.285714285714285,85.71428571428571
REG101804,07-08-2018,2018,Punjab,Jalandhar (PB-08),2W,Moped,Honda,Petrol,BS4,110.0,2,6,False,False,18.181818181818183,0.0
REG101805,02-03-2024,2024,Madhya Pradesh,Indore (MP-09),4W,SUV,Skoda,Diesel,BS6,1498.0,6,0,False,True,48.837209302325576,100.0
REG101806,20-05-2021,2021,Gujarat,Rajkot (GJ-03),4W,Sedan,Skoda,Hybrid,BS6,800.0,5,3,True,True,50.0,95.0
REG101807,03-11-2024,2024,Tamil Nadu,Salem (TN-30),4W,Hatchback,Maruti Suzuki,EV,BS6,0.0,5,0,True,True,38.88888888888889,100.0
REG101808,09-04-2019,2019,Karnataka,Bangalore Central (KA-01),2W,Scooter,Ather,Petrol,BS4,160.0,2,5,False,False,31.32530120481928,9.63855421686747
REG101809,23-05-2018,2018,Rajasthan,Jaipur (RJ-14),2W,Motorcycle,Suzuki,EV,BS4,0.0,2,6,True,False,54.54545454545454,0.0
REG101810,01-04-2022,2022,Gujarat,Gandhinagar (GJ-18),2W,Moped,Yamaha,Petrol,BS4,400.0,2,2,False,False,50.0,95.65217391304348
REG101811,23-04-2018,2018,Delhi,Delhi South (DL-09),HCV,Tanker,MAN,Diesel,BS4,5660.0,2,6,False,False,17.647058823529413,0.0
REG101812,17-08-2020,2020,Maharashtra,Nashik (MH-15),2W,Moped,Royal Enfield,Petrol,BS4,125.0,2,4,False,False,34.61538461538461,84.61538461538461
REG101813,12-10-2019,2019,Kerala,Thrissur (KL-08),4W,MUV,Tata Motors,CNG,BS4,1000.0,8,5,True,False,39.130434782608695,4.3478260869565215
REG101814,04-02-2023,2023,Kerala,Thrissur (KL-08),HCV,Truck,Ashok Leyland,Diesel,BS6,5660.0,2,1,False,True,30.508474576271187,96.61016949152543
REG101815,28-04-2020,2020,Uttar Pradesh,Allahabad (UP-70),4W,SUV,Hyundai,Petrol,BS6,1000.0,6,4,False,True,35.714285714285715,78.57142857142857
REG101816,25-02-2024,2024,Rajasthan,Kota (RJ-20),4W,Sedan,Mahindra,Diesel,BS6,2179.0,5,0,False,True,41.02564102564102,100.0
REG101817,14-07-2022,2022,West Bengal,Kolkata (WB-01),2W,Motorcycle,Honda,Petrol,BS6,110.0,2,2,False,True,35.714285714285715,98.21428571428571
REG101818,21-10-2022,2022,Delhi,Delhi North (DL-04),2W,Moped,Yamaha,Petrol,BS6,200.0,2,2,False,True,28.57142857142857,100.0
REG101819,16-05-2022,2022,Uttar Pradesh,Lucknow (UP-32),2W,Scooter,Honda,CNG,BS6,160.0,2,2,True,True,42.592592592592595,96.29629629629629
REG101820,18-09-2024,2024,Maharashtra,Pune (MH-12),LCV,Pickup Van,Tata Motors,Diesel,BS6,2523.0,9,0,False,True,45.714285714285715,100.0
REG101821,22-02-2020,2020,Uttar Pradesh,Agra (UP-80),2W,Motorcycle,Bajaj,EV,BS6,0.0,2,4,True,True,35.714285714285715,78.57142857142857
REG101822,20-09-2023,2023,West Bengal,Asansol (WB-39),2W,Motorcycle,KTM,CNG,BS6,125.0,2,1,True,True,45.0,97.5
REG101823,01-10-2024,2024,Tamil Nadu,Chennai Central (TN-01),2W,Motorcycle,Honda,EV,BS6,0.0,2,0,True,True,38.88888888888889,100.0
REG101824,09-09-2022,2022,Karnataka,Mysore (KA-09),2W,Scooter,TVS,EV,BS6,0.0,2,2,True,True,43.333333333333336,96.66666666666667
REG101825,31-03-2024,2024,West Bengal,Howrah (WB-13),4W,Sedan,Renault,Petrol,BS6,1462.0,5,0,False,True,27.027027027027028,100.0
REG101826,29-10-2018,2018,Uttar Pradesh,Lucknow (UP-32),2W,Moped,KTM,CNG,BS4,400.0,2,6,True,False,37.5,0.0
REG101827,12-09-2023,2023,Kerala,Thrissur (KL-08),2W,Motorcycle,KTM,EV,BS6,0.0,2,1,True,True,30.508474576271187,96.61016949152543
REG101828,04-10-2023,2023,Uttar Pradesh,Allahabad (UP-70),4W,Sedan,Maruti Suzuki,Diesel,BS6,1197.0,5,1,False,True,26.666666666666668,100.0
REG101829,21-07-2023,2023,Madhya Pradesh,Indore (MP-09),2W,Moped,Yamaha,Petrol,BS6,200.0,2,1,False,True,36.36363636363637,96.36363636363636
REG101830,18-03-2021,2021,Maharashtra,Nagpur (MH-31),4W,MUV,Hyundai,EV,BS6,0.0,6,3,True,True,44.73684210526316,100.0
REG101831,13-10-2023,2023,Karnataka,Belgaum (KA-22),2W,Moped,Suzuki,EV,BS6,0.0,2,1,True,True,37.17948717948718,99.14529914529915
REG101832,09-01-2021,2021,Telangana,Nizamabad (TS-05),2W,Moped,Ola Electric,EV,BS6,0.0,2,3,True,True,38.70967741935484,93.54838709677419
REG101833,05-10-2023,2023,Tamil Nadu,Chennai Central (TN-01),LCV,Mini Truck,Eicher,CNG,BS6,3298.0,9,1,True,True,41.509433962264154,96.22641509433963
REG101834,22-06-2021,2021,Punjab,Amritsar (PB-02),3W,E-Rickshaw,Kinetic Green,CNG,BS6,200.0,3,3,True,True,38.46153846153847,100.0
REG101835,19-01-2022,2022,Karnataka,Hubli (KA-25),2W,Moped,Ather,EV,BS6,0.0,2,2,True,True,43.333333333333336,96.66666666666667
REG101836,11-04-2022,2022,Karnataka,Hubli (KA-25),HCV,Bus,Eicher,Diesel,BS6,5660.0,32,2,False,True,43.333333333333336,96.66666666666667
REG101837,06-12-2019,2019,Maharashtra,Aurangabad (MH-20),3W,E-Rickshaw,Bajaj,EV,BS4,0.0,3,5,True,False,36.84210526315789,5.263157894736842
REG101838,16-09-2022,2022,Punjab,Patiala (PB-11),3W,Tempo,Piaggio,EV,BS6,0.0,7,2,True,True,39.21568627450981,98.0392156862745
REG101839,25-11-2024,2024,Tamil Nadu,Coimbatore (TN-37),2W,Moped,Bajaj,EV,BS6,0.0,2,0,True,True,38.88888888888889,100.0
REG101840,08-07-2023,2023,Rajasthan,Ajmer (RJ-01),2W,Moped,TVS,CNG,BS6,100.0,2,1,True,True,32.83582089552239,100.0
REG101841,13-11-2024,2024,Kerala,Kozhikode (KL-11),LCV,Light Bus,Ashok Leyland,EV,BS6,0.0,15,0,True,True,36.17021276595745,100.0
REG101842,01-04-2021,2021,West Bengal,Asansol (WB-39),2W,Moped,Honda,Petrol,BS6,200.0,2,3,False,True,39.130434782608695,95.65217391304348
REG101843,13-03-2022,2022,Rajasthan,Kota (RJ-20),2W,Moped,Suzuki,EV,BS6,0.0,2,2,True,True,30.0,100.0
REG101844,18-05-2022,2022,Punjab,Amritsar (PB-02),2W,Motorcycle,TVS,CNG,BS6,250.0,2,2,True,True,39.21568627450981,98.0392156862745
REG101845,16-12-2020,2020,Delhi,Delhi East (DL-02),4W,Hatchback,Toyota,Diesel,BS6,1598.0,5,4,False,True,38.23529411764706,85.29411764705883
REG101846,29-03-2021,2021,Telangana,Nizamabad (TS-05),4W,MUV,Tata Motors,Diesel,BS6,1968.0,6,3,False,True,38.70967741935484,93.54838709677419
REG101847,24-02-2020,2020,Kerala,Kochi (KL-07),2W,Moped,Yamaha,Petrol,BS6,400.0,2,4,False,True,37.5,87.5
REG101848,14-10-2021,2021,Kerala,Thrissur (KL-08),2W,Motorcycle,KTM,EV,BS6,0.0,2,3,True,True,37.254901960784316,94.11764705882352
REG101849,05-06-2020,2020,Maharashtra,Aurangabad (MH-20),2W,Scooter,Royal Enfield,Petrol,BS6,160.0,2,4,False,True,34.61538461538461,84.61538461538461
REG101850,25-01-2022,2022,Karnataka,Belgaum (KA-22),4W,Hatchback,Hyundai,Diesel,BS6,1462.0,5,2,False,True,43.333333333333336,96.66666666666667
REG101851,15-02-2020,2020,Punjab,Ludhiana (PB-10),2W,Motorcycle,Honda,Petrol,BS6,200.0,2,4,False,True,29.03225806451613,87.09677419354838
REG101852,06-07-2020,2020,Gujarat,Rajkot (GJ-03),2W,Scooter,Bajaj,Petrol,BS6,160.0,2,4,False,True,33.33333333333333,81.81818181818183
REG101853,12-06-2023,2023,Delhi,Delhi North (DL-04),3W,Tempo,Bajaj,CNG,BS6,200.0,3,1,True,True,36.666666666666664,98.33333333333333
REG101854,14-02-2023,2023,Punjab,Amritsar (PB-02),HCV,Bus,MAN,Diesel,BS6,3760.0,32,1,False,True,33.33333333333333,100.0
REG101855,15-10-2022,2022,Tamil Nadu,Salem (TN-30),2W,Moped,Honda,CNG,BS6,100.0,2,2,True,True,48.148148148148145,96.29629629629629
REG101856,27-09-2019,2019,Punjab,Ludhiana (PB-10),4W,Hatchback,Kia,Diesel,BS4,1498.0,5,5,False,False,52.63157894736842,15.789473684210526
REG101857,16-06-2022,2022,Uttar Pradesh,Kanpur (UP-78),LCV,Pickup Van,Eicher,EV,BS6,0.0,9,2,True,True,42.592592592592595,96.29629629629629
REG101858,22-06-2023,2023,Telangana,Karimnagar (TS-01),2W,Motorcycle,TVS,EV,BS6,0.0,2,1,True,True,32.25806451612903,98.38709677419355
REG101859,28-05-2023,2023,Telangana,Nizamabad (TS-05),4W,MUV,Toyota,Diesel,BS6,1197.0,6,1,False,True,32.25806451612903,98.38709677419355
REG101860,10-03-2024,2024,Gujarat,Gandhinagar (GJ-18),HCV,Truck,MAN,Diesel,BS6,3760.0,2,0,False,True,35.294117647058826,100.0
REG101861,07-02-2023,2023,Maharashtra,Pune (MH-12),4W,SUV,Mahindra,CNG,BS6,1462.0,6,1,True,True,32.72727272727273,98.18181818181819
REG101862,04-09-2018,2018,Madhya Pradesh,Bhopal (MP-04),4W,SUV,Hyundai,Petrol,BS4,800.0,6,6,False,False,34.78260869565217,0.0
REG101863,26-09-2021,2021,Madhya Pradesh,Jabalpur (MP-20),4W,Sedan,Hyundai,Petrol,BS6,1968.0,5,3,False,True,44.89795918367347,95.91836734693877
REG101864,23-04-2024,2024,Punjab,Patiala (PB-11),OTH,Crane,TAFE,Diesel,BS6,6700.0,1,0,False,True,31.25,100.0
REG101865,07-07-2023,2023,Madhya Pradesh,Jabalpur (MP-20),4W,SUV,Honda,Petrol,BS6,1498.0,6,1,False,True,36.36363636363637,96.36363636363636
REG101866,29-12-2023,2023,Rajasthan,Kota (RJ-20),2W,Motorcycle,Ather,Petrol,BS6,400.0,2,1,False,True,32.83582089552239,100.0
REG101867,04-01-2022,2022,Karnataka,Mysore (KA-09),2W,Motorcycle,TVS,Petrol,BS6,160.0,2,2,False,True,43.333333333333336,96.66666666666667
REG101868,15-05-2022,2022,Punjab,Chandigarh (CH-01),2W,Moped,Hero,Petrol,BS6,350.0,2,2,False,True,39.21568627450981,98.0392156862745
REG101869,30-08-2022,2022,Tamil Nadu,Coimbatore (TN-37),4W,MUV,Toyota,Petrol,BS4,1968.0,5,2,False,False,48.148148148148145,96.29629629629629
REG101870,05-07-2022,2022,Madhya Pradesh,Jabalpur (MP-20),2W,Motorcycle,Yamaha,EV,BS6,0.0,2,2,True,True,39.53488372093023,100.0
REG101871,13-03-2024,2024,Madhya Pradesh,Gwalior (MP-07),3W,E-Rickshaw,Piaggio,EV,BS6,0.0,3,0,True,True,48.837209302325576,100.0
REG101872,28-01-2023,2023,Madhya Pradesh,Jabalpur (MP-20),2W,Moped,Ather,Petrol,BS6,400.0,2,1,False,True,36.36363636363637,96.36363636363636
REG101873,12-04-2022,2022,Tamil Nadu,Salem (TN-30),HCV,Tanker,Ashok Leyland,Diesel,BS6,6700.0,2,2,False,True,48.148148148148145,96.29629629629629
REG101874,17-10-2020,2020,Punjab,Patiala (PB-11),HCV,Truck,Volvo,Diesel,BS6,5660.0,2,4,False,True,29.03225806451613,87.09677419354838
REG101875,08-02-2023,2023,Kerala,Thrissur (KL-08),LCV,Mini Truck,Force Motors,Diesel,BS6,3298.0,9,1,False,True,30.508474576271187,96.61016949152543
REG101876,23-10-2021,2021,Telangana,Khammam (TS-07),2W,Motorcycle,Yamaha,EV,BS6,0.0,2,3,True,True,38.70967741935484,93.54838709677419
REG101877,27-11-2019,2019,Delhi,Delhi West (DL-08),4W,SUV,Kia,Diesel,BS6,2179.0,8,5,False,True,17.647058823529413,11.76470588235294
REG101878,10-05-2022,2022,Delhi,Delhi East (DL-02),4W,SUV,Mahindra,Petrol,BS6,2179.0,5,2,False,True,28.57142857142857,100.0
REG101879,05-02-2022,2022,Tamil Nadu,Salem (TN-30),4W,MUV,Maruti Suzuki,Petrol,BS6,1197.0,5,2,False,True,48.148148148148145,96.29629629629629
REG101880,09-09-2023,2023,Rajasthan,Jodhpur (RJ-19),4W,MUV,Renault,Diesel,BS6,1598.0,6,1,False,True,32.83582089552239,100.0
REG101881,20-02-2018,2018,Punjab,Patiala (PB-11),HCV,Bus,Ashok Leyland,Diesel,BS4,4998.0,32,6,False,False,18.181818181818183,0.0
REG101882,08-09-2021,2021,Uttar Pradesh,Lucknow (UP-32),4W,Sedan,Maruti Suzuki,Petrol,BS6,2179.0,5,3,False,True,30.76923076923077,94.87179487179486
REG101883,30-09-2020,2020,Rajasthan,Jodhpur (RJ-19),4W,SUV,Renault,Diesel,BS6,1968.0,5,4,False,True,52.0,84.0
REG101884,21-10-2023,2023,Maharashtra,Pune (MH-12),2W,Scooter,Bajaj,Petrol,BS6,200.0,2,1,False,True,32.72727272727273,98.18181818181819
REG101885,12-01-2022,2022,Karnataka,Mangalore (KA-19),2W,Motorcycle,Bajaj,CNG,BS6,125.0,2,2,True,True,43.333333333333336,96.66666666666667
REG101886,17-02-2021,2021,Madhya Pradesh,Ujjain (MP-13),2W,Moped,Ola Electric,Hybrid,BS6,160.0,2,3,True,True,44.89795918367347,95.91836734693877
REG101887,03-01-2018,2018,Delhi,Delhi North (DL-04),2W,Moped,Ather,Petrol,BS4,160.0,2,6,False,False,17.647058823529413,0.0
REG101888,16-03-2019,2019,Uttar Pradesh,Varanasi (UP-65),2W,Moped,Ola Electric,EV,BS4,0.0,2,5,True,False,27.27272727272727,0.0
REG101889,25-12-2019,2019,Maharashtra,Pune (MH-12),4W,Hatchback,Mahindra,Petrol,BS4,2179.0,5,5,False,False,36.84210526315789,5.263157894736842
REG101890,23-02-2019,2019,West Bengal,Howrah (WB-13),2W,Moped,Honda,Petrol,BS4,125.0,2,5,False,False,42.10526315789473,10.526315789473683
REG101891,05-12-2019,2019,Tamil Nadu,Chennai Central (TN-01),2W,Moped,Hero,EV,BS4,0.0,2,5,True,False,31.818181818181817,9.090909090909092
REG101892,09-08-2021,2021,West Bengal,Howrah (WB-13),2W,Moped,Bajaj,Petrol,BS6,250.0,2,3,False,True,39.130434782608695,95.65217391304348
REG101893,23-09-2024,2024,Rajasthan,Jodhpur (RJ-19),4W,Sedan,MG,EV,BS6,0.0,5,0,True,True,41.02564102564102,100.0
REG101894,26-09-2023,2023,Gujarat,Surat (GJ-05),2W,Scooter,Hero,EV,BS6,0.0,2,1,True,True,36.84210526315789,100.0
REG101895,07-03-2022,2022,Rajasthan,Jaipur (RJ-14),4W,SUV,Tata Motors,Petrol,BS6,800.0,6,2,False,True,30.0,100.0
REG101896,02-12-2023,2023,Kerala,Kozhikode (KL-11),OTH,Crane,Sonalika,Diesel,BS6,3760.0,2,1,False,True,30.508474576271187,96.61016949152543
REG101897,19-02-2023,2023,Kerala,Kollam (KL-02),4W,Sedan,Skoda,Diesel,BS4,1462.0,5,1,False,False,30.508474576271187,96.61016949152543
REG101898,18-07-2021,2021,Karnataka,Mysore (KA-09),2W,Scooter,Yamaha,EV,BS6,0.0,2,3,True,True,32.88590604026846,94.63087248322147
REG101899,14-03-2023,2023,Tamil Nadu,Coimbatore (TN-37),LCV,Pickup Van,Tata Motors,EV,BS6,0.0,9,1,True,True,41.509433962264154,96.22641509433963
REG101900,31-01-2022,2022,Uttar Pradesh,Lucknow (UP-32),2W,Motorcycle,KTM,Petrol,BS6,125.0,2,2,False,True,42.592592592592595,96.29629629629629
REG101901,12-01-2022,2022,Punjab,Patiala (PB-11),2W,Moped,Honda,EV,BS6,0.0,2,2,True,True,39.21568627450981,98.0392156862745
REG101902,24-06-2024,2024,Delhi,Delhi East (DL-02),2W,Scooter,Ather,EV,BS6,0.0,2,0,True,True,41.02564102564102,100.0
REG101903,17-01-2023,2023,Gujarat,Surat (GJ-05),4W,Hatchback,Mahindra,EV,BS6,0.0,5,1,True,True,36.84210526315789,100.0
REG101904,19-08-2024,2024,Karnataka,Bangalore Central (KA-01),4W,MUV,MG,CNG,BS6,1598.0,8,0,True,True,41.29032258064516,100.0
REG101905,10-07-2023,2023,Gujarat,Gandhinagar (GJ-18),2W,Scooter,Ola Electric,CNG,BS6,160.0,2,1,True,True,36.84210526315789,100.0
REG101906,25-08-2019,2019,Uttar Pradesh,Kanpur (UP-78),HCV,Trailer,BharatBenz,Diesel,BS4,6700.0,2,5,False,False,27.27272727272727,0.0
REG101907,31-07-2018,2018,Karnataka,Bangalore Central (KA-01),4W,Hatchback,Renault,Petrol,BS4,1498.0,5,6,False,False,40.74074074074074,0.0
REG101908,06-10-2022,2022,Karnataka,Mangalore (KA-19),2W,Motorcycle,KTM,Petrol,BS6,100.0,2,2,False,True,43.333333333333336,96.66666666666667
REG101909,25-02-2020,2020,Telangana,Hyderabad (TS-09),4W,SUV,MG,Petrol,BS6,1598.0,5,4,False,True,45.16129032258064,90.32258064516128
REG101910,25-08-2019,2019,West Bengal,Kolkata (WB-01),2W,Motorcycle,Suzuki,EV,BS4,0.0,2,5,True,False,42.10526315789473,10.526315789473683
REG101911,02-06-2024,2024,Rajasthan,Jaipur (RJ-14),HCV,Trailer,Volvo,Diesel,BS6,4998.0,2,0,False,True,41.02564102564102,100.0
REG101912,30-09-2022,2022,Tamil Nadu,Chennai Central (TN-01),4W,Hatchback,Maruti Suzuki,CNG,BS6,1498.0,5,2,True,True,48.148148148148145,96.29629629629629
REG101913,03-01-2020,2020,West Bengal,Siliguri (WB-73),4W,SUV,MG,Petrol,BS6,1598.0,6,4,False,True,30.76923076923077,88.46153846153845
REG101914,12-08-2023,2023,Madhya Pradesh,Indore (MP-09),4W,Sedan,MG,Petrol,BS6,1197.0,5,1,False,True,36.36363636363637,96.36363636363636
REG101915,17-01-2024,2024,Rajasthan,Ajmer (RJ-01),2W,Motorcycle,TVS,CNG,BS6,100.0,2,0,True,True,41.02564102564102,100.0
REG101916,04-02-2023,2023,Gujarat,Rajkot (GJ-03),2W,Motorcycle,Royal Enfield,Petrol,BS6,110.0,2,1,False,True,36.84210526315789,100.0
REG101917,02-12-2018,2018,Maharashtra,Nashik (MH-15),4W,MUV,Hyundai,Petrol,BS3,1498.0,6,6,False,False,44.44444444444444,0.0
REG101918,20-11-2023,2023,Telangana,Khammam (TS-07),2W,Moped,Ola Electric,Hybrid,BS6,160.0,2,1,True,True,32.25806451612903,98.38709677419355
REG101919,11-05-2023,2023,Punjab,Chandigarh (CH-01),2W,Moped,Honda,Petrol,BS6,160.0,2,1,False,True,33.33333333333333,100.0
REG101920,22-07-2023,2023,Punjab,Patiala (PB-11),2W,Moped,Royal Enfield,EV,BS6,0.0,2,1,True,True,33.33333333333333,100.0
REG101921,03-03-2022,2022,Telangana,Karimnagar (TS-01),4W,Hatchback,Mahindra,Diesel,BS6,1968.0,5,2,False,True,37.5,97.91666666666666
REG101922,20-04-2024,2024,Punjab,Patiala (PB-11),4W,Hatchback,Honda,Diesel,BS6,2179.0,5,0,False,True,31.25,100.0
REG101923,15-06-2023,2023,Maharashtra,Nashik (MH-15),3W,E-Rickshaw,Piaggio,CNG,BS6,225.0,3,1,True,True,32.72727272727273,98.18181818181819
REG101924,16-08-2024,2024,Delhi,Delhi South (DL-09),4W,SUV,Skoda,CNG,BS6,800.0,5,0,True,True,41.02564102564102,100.0
REG101925,20-09-2020,2020,Kerala,Kozhikode (KL-11),2W,Scooter,TVS,Petrol,BS6,350.0,2,4,False,True,37.5,87.5
REG101926,15-01-2023,2023,Telangana,Warangal (TS-03),2W,Scooter,Hero,Petrol,BS6,160.0,2,1,False,True,32.25806451612903,98.38709677419355
REG101927,11-11-2023,2023,Karnataka,Belgaum (KA-22),HCV,Truck,Ashok Leyland,Diesel,BS6,5660.0,2,1,False,True,37.17948717948718,99.14529914529915
REG101928,15-08-2024,2024,Punjab,Patiala (PB-11),LCV,Light Bus,Force Motors,Diesel,BS6,2523.0,15,0,False,True,31.25,100.0
REG101929,07-10-2023,2023,Telangana,Khammam (TS-07),4W,SUV,Renault,Petrol,BS6,1968.0,7,1,False,True,32.25806451612903,98.38709677419355
REG101930,30-04-2022,2022,Gujarat,Gandhinagar (GJ-18),2W,Motorcycle,KTM,Petrol,BS6,150.0,2,2,False,True,50.0,95.65217391304348
REG101931,13-05-2019,2019,West Bengal,Asansol (WB-39),2W,Motorcycle,Ather,Petrol,BS4,400.0,2,5,False,False,42.10526315789473,10.526315789473683
REG101932,07-04-2023,2023,Maharashtra,Nashik (MH-15),3W,E-Rickshaw,Kinetic Green,CNG,BS6,225.0,3,1,True,True,32.72727272727273,98.18181818181819
REG101933,12-12-2022,2022,Karnataka,Hubli (KA-25),4W,Hatchback,Hyundai,Petrol,BS6,1498.0,5,2,False,True,43.333333333333336,96.66666666666667
REG101934,10-12-2023,2023,Punjab,Jalandhar (PB-08),4W,Sedan,MG,Hybrid,BS6,2179.0,5,1,True,True,33.33333333333333,100.0
REG101935,24-10-2024,2024,Gujarat,Ahmedabad (GJ-01),4W,Sedan,Hyundai,Petrol,BS6,1968.0,5,0,False,True,35.294117647058826,100.0
REG101936,20-12-2022,2022,Rajasthan,Udaipur (RJ-27),2W,Moped,Bajaj,Petrol,BS6,400.0,2,2,False,True,30.0,100.0
REG101937,25-10-2023,2023,Telangana,Warangal (TS-03),2W,Scooter,Yamaha,Petrol,BS6,250.0,2,1,False,True,32.25806451612903,98.38709677419355
REG101938,08-05-2021,2021,Tamil Nadu,Madurai (TN-58),4W,MUV,Kia,CNG,BS6,1498.0,8,3,True,True,21.62162162162162,89.1891891891892
REG101939,15-10-2022,2022,Maharashtra,Nagpur (MH-31),3W,E-Rickshaw,Piaggio,CNG,BS6,250.0,3,2,True,True,41.86046511627907,97.67441860465115
REG101940,27-07-2020,2020,Uttar Pradesh,Kanpur (UP-78),2W,Scooter,Ola Electric,Hybrid,BS6,160.0,2,4,True,True,35.714285714285715,78.57142857142857
REG101941,23-07-2020,2020,Telangana,Khammam (TS-07),2W,Moped,Ola Electric,Hybrid,BS6,400.0,2,4,True,True,45.16129032258064,90.32258064516128
REG101942,02-09-2024,2024,Kerala,Kollam (KL-02),2W,Motorcycle,Suzuki,Petrol,BS6,125.0,2,0,False,True,36.17021276595745,100.0
REG101943,15-02-2023,2023,Telangana,Karimnagar (TS-01),4W,Hatchback,Honda,Petrol,BS6,1498.0,5,1,False,True,32.25806451612903,98.38709677419355
REG101944,24-11-2023,2023,Delhi,Delhi Central (DL-01),4W,Sedan,Toyota,EV,BS6,0.0,5,1,True,True,36.666666666666664,98.33333333333333
REG101945,24-06-2021,2021,Kerala,Thrissur (KL-08),2W,Motorcycle,KTM,CNG,BS6,125.0,2,3,True,True,37.254901960784316,94.11764705882352
REG101946,25-12-2019,2019,Delhi,Delhi Central (DL-01),HCV,Trailer,Eicher,Diesel,BS4,3760.0,2,5,False,False,17.647058823529413,11.76470588235294
REG101947,08-08-2019,2019,Rajasthan,Kota (RJ-20),4W,MUV,Tata Motors,Petrol,BS4,1598.0,5,5,False,False,23.809523809523807,14.285714285714285
REG101948,04-09-2024,2024,Delhi,Delhi West (DL-08),2W,Moped,Suzuki,Petrol,BS6,110.0,2,0,False,True,41.02564102564102,100.0
REG101949,02-01-2024,2024,Telangana,Warangal (TS-03),4W,Hatchback,Renault,Diesel,BS6,1968.0,5,0,False,True,25.71428571428571,100.0
REG101950,26-04-2021,2021,Telangana,Warangal (TS-03),2W,Motorcycle,KTM,Petrol,BS6,200.0,2,3,False,True,38.70967741935484,93.54838709677419
REG101951,03-10-2022,2022,Punjab,Ludhiana (PB-10),HCV,Tanker,Volvo,Diesel,BS6,4998.0,2,2,False,True,39.21568627450981,98.0392156862745
REG101952,15-07-2021,2021,Kerala,Kollam (KL-02),2W,Moped,Ather,EV,BS6,0.0,2,3,True,True,37.254901960784316,94.11764705882352
REG101953,26-02-2023,2023,Gujarat,Ahmedabad (GJ-01),2W,Moped,Royal Enfield,Petrol,BS6,110.0,2,1,False,True,36.84210526315789,100.0
REG101954,07-05-2023,2023,Punjab,Ludhiana (PB-10),4W,Sedan,Maruti Suzuki,EV,BS6,0.0,5,1,True,True,33.33333333333333,100.0
REG101955,02-11-2023,2023,Rajasthan,Jaipur (RJ-14),2W,Motorcycle,Suzuki,CNG,BS6,400.0,2,1,True,True,32.83582089552239,100.0
REG101956,05-03-2024,2024,Telangana,Karimnagar (TS-01),2W,Scooter,Bajaj,Petrol,BS6,110.0,2,0,False,True,25.71428571428571,100.0
REG101957,26-01-2021,2021,Telangana,Khammam (TS-07),2W,Scooter,Ola Electric,Petrol,BS6,100.0,2,3,False,True,38.70967741935484,93.54838709677419
REG101958,01-04-2024,2024,Punjab,Patiala (PB-11),2W,Motorcycle,Royal Enfield,EV,BS6,0.0,2,0,True,True,31.25,100.0
REG101959,10-08-2024,2024,Gujarat,Rajkot (GJ-03),OTH,Road Roller,John Deere,Petrol,BS6,6700.0,2,0,False,True,35.294117647058826,100.0
REG101960,11-06-2018,2018,Uttar Pradesh,Lucknow (UP-32),2W,Scooter,Royal Enfield,Petrol,BS4,250.0,2,6,False,False,37.5,0.0
REG101961,13-06-2022,2022,Rajasthan,Udaipur (RJ-27),4W,SUV,Renault,Petrol,BS6,1462.0,6,2,False,True,30.0,100.0
REG101962,14-07-2020,2020,Telangana,Khammam (TS-07),2W,Motorcycle,Bajaj,Petrol,BS6,125.0,2,4,False,True,45.16129032258064,90.32258064516128
REG101963,21-06-2019,2019,Madhya Pradesh,Indore (MP-09),4W,SUV,Kia,Petrol,BS4,1598.0,6,5,False,False,44.44444444444444,7.4074074074074066
REG101964,31-05-2019,2019,Maharashtra,Mumbai Central (MH-01),4W,MUV,Tata Motors,Petrol,BS4,1197.0,8,5,False,False,36.84210526315789,5.263157894736842
REG101965,10-11-2019,2019,Uttar Pradesh,Varanasi (UP-65),4W,MUV,Kia,Diesel,BS4,1000.0,8,5,False,False,27.27272727272727,0.0
REG101966,09-05-2021,2021,Maharashtra,Mumbai Central (MH-01),2W,Scooter,Honda,Petrol,BS6,400.0,2,3,False,True,44.73684210526316,100.0
REG101967,22-09-2019,2019,Telangana,Karimnagar (TS-01),OTH,Tractor,Escorts,Diesel,BS4,6700.0,1,5,False,False,26.666666666666668,6.666666666666667
REG101968,02-07-2020,2020,Kerala,Thrissur (KL-08),OTH,Tractor,TAFE,Diesel,BS6,6700.0,1,4,False,True,37.5,87.5
REG101969,05-08-2024,2024,Gujarat,Rajkot (GJ-03),2W,Moped,Suzuki,Petrol,BS6,110.0,2,0,False,True,35.294117647058826,100.0
REG101970,02-09-2020,2020,Tamil Nadu,Chennai Central (TN-01),HCV,Truck,Ashok Leyland,Diesel,BS4,5660.0,2,4,False,False,34.285714285714285,85.71428571428571
REG101971,22-11-2022,2022,Uttar Pradesh,Agra (UP-80),4W,MUV,Renault,Petrol,BS6,1197.0,7,2,False,True,42.592592592592595,96.29629629629629
REG101972,30-04-2022,2022,Gujarat,Gandhinagar (GJ-18),2W,Motorcycle,Honda,CNG,BS6,400.0,2,2,True,True,50.0,95.65217391304348
REG101973,11-05-2023,2023,Rajasthan,Kota (RJ-20),2W,Scooter,Hero,Petrol,BS6,160.0,2,1,False,True,32.83582089552239,100.0
REG101974,09-02-2020,2020,Madhya Pradesh,Gwalior (MP-07),2W,Scooter,Yamaha,CNG,BS6,110.0,2,4,True,True,45.45454545454545,81.81818181818183
REG101975,09-09-2023,2023,Tamil Nadu,Coimbatore (TN-37),2W,Moped,KTM,Petrol,BS6,160.0,2,1,False,True,41.509433962264154,96.22641509433963
REG101976,25-11-2023,2023,Kerala,Thiruvananthapuram (KL-01),3W,E-Rickshaw,Piaggio,CNG,BS6,225.0,3,1,True,True,30.508474576271187,96.61016949152543
REG101977,01-09-2023,2023,Tamil Nadu,Chennai Central (TN-01),2W,Moped,Ather,Petrol,BS6,200.0,2,1,False,True,41.509433962264154,96.22641509433963
REG101978,22-01-2023,2023,Kerala,Thiruvananthapuram (KL-01),4W,Hatchback,Hyundai,CNG,BS6,1498.0,5,1,True,True,30.508474576271187,96.61016949152543
REG101979,16-03-2023,2023,Kerala,Kochi (KL-07),2W,Moped,Bajaj,Petrol,BS6,160.0,2,1,False,True,30.508474576271187,96.61016949152543
REG101980,21-11-2018,2018,Punjab,Ludhiana (PB-10),2W,Motorcycle,Royal Enfield,Petrol,BS4,110.0,2,6,False,False,18.181818181818183,0.0
REG101981,04-02-2022,2022,Telangana,Hyderabad (TS-09),4W,MUV,MG,Diesel,BS6,1968.0,7,2,False,True,37.5,97.91666666666666
REG101982,30-09-2021,2021,Tamil Nadu,Madurai (TN-58),2W,Moped,Yamaha,Petrol,BS6,150.0,2,3,False,True,21.62162162162162,89.1891891891892
REG101983,09-10-2020,2020,Telangana,Nizamabad (TS-05),4W,MUV,Skoda,CNG,BS4,1000.0,5,4,True,False,45.16129032258064,90.32258064516128
REG101984,20-09-2022,2022,Madhya Pradesh,Gwalior (MP-07),2W,Moped,Honda,Petrol,BS6,160.0,2,2,False,True,39.53488372093023,100.0
REG101985,20-12-2022,2022,Telangana,Karimnagar (TS-01),4W,MUV,Skoda,Diesel,BS6,800.0,7,2,False,True,37.5,97.91666666666666
REG101986,15-12-2021,2021,Rajasthan,Udaipur (RJ-27),4W,Sedan,MG,Petrol,BS6,1197.0,5,3,False,True,42.857142857142854,95.23809523809523
REG101987,30-12-2023,2023,Uttar Pradesh,Kanpur (UP-78),2W,Motorcycle,Ola Electric,EV,BS6,0.0,2,1,True,True,26.666666666666668,100.0
REG101988,24-03-2020,2020,Tamil Nadu,Madurai (TN-58),2W,Motorcycle,Ather,EV,BS6,0.0,2,4,True,True,34.285714285714285,85.71428571428571
REG101989,08-10-2024,2024,Delhi,Delhi East (DL-02),4W,Hatchback,Tata Motors,Petrol,BS6,2179.0,5,0,False,True,41.02564102564102,100.0
REG101990,30-12-2024,2024,Uttar Pradesh,Kanpur (UP-78),HCV,Bus,Ashok Leyland,Diesel,BS6,5660.0,52,0,False,True,27.77777777777778,100.0
REG101991,02-01-2020,2020,Delhi,Delhi East (DL-02),2W,Motorcycle,Honda,Petrol,BS6,100.0,2,4,False,True,38.23529411764706,85.29411764705883
REG101992,18-09-2018,2018,Karnataka,Belgaum (KA-22),2W,Scooter,Suzuki,Petrol,BS4,160.0,2,6,False,False,40.74074074074074,0.0
REG101993,12-02-2019,2019,Madhya Pradesh,Ujjain (MP-13),HCV,Tanker,MAN,Diesel,BS4,5660.0,2,5,False,False,44.44444444444444,7.4074074074074066
REG101994,28-05-2020,2020,Rajasthan,Udaipur (RJ-27),4W,SUV,Maruti Suzuki,Hybrid,BS6,1598.0,6,4,True,True,52.0,84.0
REG101995,09-10-2022,2022,Madhya Pradesh,Bhopal (MP-04),4W,Hatchback,MG,Petrol,BS6,1197.0,5,2,False,True,39.53488372093023,100.0
REG101996,02-01-2023,2023,Rajasthan,Kota (RJ-20),2W,Moped,Yamaha,CNG,BS6,150.0,2,1,True,True,32.83582089552239,100.0
REG101997,18-06-2021,2021,Kerala,Thiruvananthapuram (KL-01),3W,E-Rickshaw,Piaggio,CNG,BS6,225.0,3,3,True,True,37.254901960784316,94.11764705882352
REG101998,19-07-2022,2022,Karnataka,Hubli (KA-25),2W,Moped,Hero,EV,BS6,0.0,2,2,True,True,43.333333333333336,96.66666666666667
REG101999,29-12-2021,2021,Gujarat,Ahmedabad (GJ-01),2W,Moped,Suzuki,Petrol,BS6,110.0,2,3,False,True,50.0,95.0
REG102000,11-11-2021,2021,Kerala,Kochi (KL-07),OTH,Tractor,Sonalika,Diesel,BS6,4998.0,1,3,False,True,37.254901960784316,94.11764705882352
REG102001,10-04-2023,2023,Punjab,Jalandhar (PB-08),2W,Moped,Hero,Petrol,BS6,250.0,2,1,False,True,33.33333333333333,100.0
REG102002,17-10-2022,2022,Uttar Pradesh,Allahabad (UP-70),2W,Moped,TVS,Petrol,BS6,160.0,2,2,False,True,42.592592592592595,96.29629629629629
REG102003,12-10-2020,2020,Uttar Pradesh,Kanpur (UP-78),2W,Scooter,Hero,EV,BS6,0.0,2,4,True,True,35.714285714285715,78.57142857142857
REG102004,09-07-2019,2019,Telangana,Khammam (TS-07),2W,Moped,KTM,EV,BS4,0.0,2,5,True,False,26.666666666666668,6.666666666666667
REG102005,20-12-2024,2024,Uttar Pradesh,Kanpur (UP-78),2W,Motorcycle,Ola Electric,EV,BS6,0.0,2,0,True,True,27.77777777777778,100.0
REG102006,02-07-2024,2024,Delhi,Delhi East (DL-02),2W,Motorcycle,TVS,EV,BS6,0.0,2,0,True,True,41.02564102564102,100.0
REG102007,11-10-2021,2021,Madhya Pradesh,Ujjain (MP-13),4W,Sedan,Honda,Petrol,BS6,800.0,5,3,False,True,44.89795918367347,95.91836734693877
REG102008,24-08-2021,2021,Tamil Nadu,Chennai Central (TN-01),4W,SUV,Toyota,Diesel,BS6,2179.0,8,3,False,True,21.62162162162162,89.1891891891892
REG102009,08-02-2021,2021,Gujarat,Ahmedabad (GJ-01),4W,Sedan,MG,Petrol,BS6,1000.0,5,3,False,True,50.0,95.0
REG102010,14-03-2021,2021,Gujarat,Ahmedabad (GJ-01),4W,MUV,Tata Motors,Diesel,BS6,2179.0,7,3,False,True,50.0,95.0
REG102011,09-03-2023,2023,Telangana,Khammam (TS-07),2W,Motorcycle,Royal Enfield,CNG,BS6,110.0,2,1,True,True,32.25806451612903,98.38709677419355
REG102012,16-09-2021,2021,Telangana,Nizamabad (TS-05),4W,SUV,MG,Petrol,BS4,1197.0,5,3,False,False,38.70967741935484,93.54838709677419
REG102013,26-01-2023,2023,Punjab,Ludhiana (PB-10),2W,Scooter,KTM,Petrol,BS6,110.0,2,1,False,True,33.33333333333333,100.0
REG102014,24-08-2021,2021,Madhya Pradesh,Jabalpur (MP-20),2W,Moped,Yamaha,Petrol,BS6,125.0,2,3,False,True,44.89795918367347,95.91836734693877
REG102015,08-11-2020,2020,Delhi,Delhi East (DL-02),2W,Scooter,TVS,EV,BS6,0.0,2,4,True,True,38.23529411764706,85.29411764705883
REG102016,04-04-2023,2023,Kerala,Kozhikode (KL-11),2W,Motorcycle,KTM,EV,BS6,0.0,2,1,True,True,30.508474576271187,96.61016949152543
REG102017,18-07-2024,2024,Kerala,Kozhikode (KL-11),4W,Sedan,Hyundai,Petrol,BS6,1462.0,5,0,False,True,36.17021276595745,100.0
REG102018,16-02-2023,2023,Maharashtra,Nashik (MH-15),2W,Scooter,Ather,EV,BS6,0.0,2,1,True,True,32.72727272727273,98.18181818181819
REG102019,02-12-2024,2024,Punjab,Amritsar (PB-02),OTH,Road Roller,TAFE,Diesel,BS6,3760.0,2,0,False,True,31.25,100.0
REG102020,28-01-2024,2024,Tamil Nadu,Salem (TN-30),2W,Motorcycle,Yamaha,Petrol,BS6,150.0,2,0,False,True,38.88888888888889,100.0
REG102021,08-01-2022,2022,Tamil Nadu,Coimbatore (TN-37),2W,Scooter,Honda,EV,BS6,0.0,2,2,True,True,48.148148148148145,96.29629629629629
REG102022,15-10-2022,2022,West Bengal,Durgapur (WB-40),LCV,Light Bus,Tata Motors,Diesel,BS6,3298.0,15,2,False,True,35.714285714285715,98.21428571428571
REG102023,12-10-2022,2022,Gujarat,Surat (GJ-05),4W,Sedan,Skoda,Diesel,BS6,1462.0,5,2,False,True,50.0,95.65217391304348
REG102024,15-02-2019,2019,Rajasthan,Jodhpur (RJ-19),4W,SUV,MG,Hybrid,BS6,1480.0,6,5,True,True,23.809523809523807,14.285714285714285
REG102025,19-01-2023,2023,West Bengal,Howrah (WB-13),4W,Hatchback,Mahindra,Hybrid,BS6,1498.0,5,1,True,True,45.0,97.5
REG102026,05-02-2020,2020,Maharashtra,Pune (MH-12),2W,Moped,Ola Electric,Petrol,BS6,350.0,2,4,False,True,34.61538461538461,84.61538461538461
REG102027,03-05-2020,2020,Gujarat,Surat (GJ-05),OTH,Road Roller,John Deere,Diesel,BS4,5660.0,2,4,False,False,33.33333333333333,81.81818181818183
REG102028,18-08-2018,2018,Uttar Pradesh,Allahabad (UP-70),2W,Scooter,Ather,EV,BS4,0.0,2,6,True,False,37.5,0.0
REG102029,09-04-2024,2024,Punjab,Patiala (PB-11),2W,Moped,Royal Enfield,Petrol,BS6,400.0,2,0,False,True,31.25,100.0
REG102030,26-07-2024,2024,Gujarat,Surat (GJ-05),2W,Motorcycle,Suzuki,EV,BS6,0.0,2,0,True,True,35.294117647058826,100.0
REG102031,26-01-2024,2024,Telangana,Hyderabad (TS-09),2W,Motorcycle,KTM,EV,BS6,0.0,2,0,True,True,25.71428571428571,100.0
REG102032,15-04-2024,2024,Rajasthan,Udaipur (RJ-27),4W,SUV,Hyundai,Diesel,BS6,1197.0,5,0,False,True,41.02564102564102,100.0
REG102033,25-12-2018,2018,Punjab,Chandigarh (CH-01),4W,SUV,Toyota,Petrol,BS4,1498.0,5,6,False,False,18.181818181818183,0.0
REG102034,16-09-2024,2024,Madhya Pradesh,Ujjain (MP-13),2W,Motorcycle,Honda,Petrol,BS6,250.0,2,0,False,True,48.837209302325576,100.0
REG102035,16-08-2023,2023,Karnataka,Belgaum (KA-22),OTH,Tractor,TAFE,Diesel,BS6,6700.0,1,1,False,True,37.17948717948718,99.14529914529915
REG102036,11-06-2023,2023,Madhya Pradesh,Indore (MP-09),2W,Motorcycle,Suzuki,CNG,BS6,160.0,2,1,True,True,36.36363636363637,96.36363636363636
REG102037,10-06-2019,2019,Kerala,Thiruvananthapuram (KL-01),4W,Hatchback,Hyundai,EV,BS4,0.0,5,5,True,False,39.130434782608695,4.3478260869565215
REG102038,20-04-2021,2021,Maharashtra,Pune (MH-12),LCV,Light Bus,Tata Motors,Diesel,BS6,2956.0,12,3,False,True,44.73684210526316,100.0
REG102039,23-01-2018,2018,Madhya Pradesh,Ujjain (MP-13),2W,Moped,Ola Electric,Petrol,BS4,350.0,2,6,False,False,34.78260869565217,0.0
REG102040,29-12-2022,2022,Karnataka,Mangalore (KA-19),4W,Sedan,MG,CNG,BS6,1598.0,5,2,True,True,43.333333333333336,96.66666666666667
REG102041,07-01-2023,2023,Delhi,Delhi Central (DL-01),2W,Scooter,Royal Enfield,CNG,BS6,150.0,2,1,True,True,36.666666666666664,98.33333333333333
REG102042,07-08-2024,2024,Kerala,Kollam (KL-02),2W,Scooter,Yamaha,Petrol,BS6,100.0,2,0,False,True,36.17021276595745,100.0
REG102043,11-11-2022,2022,Telangana,Khammam (TS-07),4W,SUV,Hyundai,Petrol,BS6,1000.0,6,2,False,True,37.5,97.91666666666666
REG102044,05-05-2021,2021,Madhya Pradesh,Gwalior (MP-07),LCV,Light Bus,Mahindra,Diesel,BS4,3298.0,15,3,False,False,44.89795918367347,95.91836734693877
REG102045,07-09-2018,2018,Punjab,Amritsar (PB-02),2W,Scooter,Suzuki,Petrol,BS4,160.0,2,6,False,False,18.181818181818183,0.0
REG102046,31-01-2024,2024,Punjab,Chandigarh (CH-01),4W,MUV,Skoda,Diesel,BS6,1000.0,8,0,False,True,31.25,100.0
REG102047,16-05-2024,2024,Kerala,Thrissur (KL-08),3W,Auto Rickshaw,Kinetic Green,CNG,BS6,225.0,7,0,True,True,36.17021276595745,100.0
REG102048,26-04-2023,2023,Delhi,Delhi East (DL-02),4W,SUV,Kia,CNG,BS6,800.0,5,1,True,True,36.666666666666664,98.33333333333333
REG102049,21-11-2018,2018,Uttar Pradesh,Varanasi (UP-65),3W,Auto Rickshaw,TVS,CNG,BS4,250.0,3,6,True,False,37.5,0.0
REG102050,05-04-2019,2019,Karnataka,Mangalore (KA-19),2W,Scooter,Yamaha,Petrol,BS4,160.0,2,5,False,False,31.32530120481928,9.63855421686747
REG102051,21-10-2023,2023,Karnataka,Mangalore (KA-19),4W,Sedan,Skoda,Petrol,BS6,1197.0,5,1,False,True,37.17948717948718,99.14529914529915
REG102052,20-10-2023,2023,Delhi,Delhi West (DL-08),2W,Motorcycle,Honda,Petrol,BS6,100.0,2,1,False,True,36.666666666666664,98.33333333333333
REG102053,04-10-2018,2018,Madhya Pradesh,Jabalpur (MP-20),LCV,Mini Truck,Ashok Leyland,Diesel,BS3,2956.0,9,6,False,False,34.78260869565217,0.0
REG102054,11-03-2021,2021,Gujarat,Surat (GJ-05),2W,Motorcycle,Honda,Petrol,BS6,150.0,2,3,False,True,50.0,95.0
REG102055,12-10-2023,2023,Maharashtra,Nagpur (MH-31),LCV,Pickup Van,Force Motors,Diesel,BS6,2956.0,9,1,False,True,32.72727272727273,98.18181818181819
REG102056,22-07-2022,2022,Punjab,Ludhiana (PB-10),2W,Moped,Ola Electric,Hybrid,BS6,100.0,2,2,True,True,39.21568627450981,98.0392156862745
REG102057,30-06-2020,2020,Delhi,Delhi East (DL-02),2W,Motorcycle,Hero,CNG,BS6,400.0,2,4,True,True,38.23529411764706,85.29411764705883
REG102058,16-08-2022,2022,Tamil Nadu,Chennai Central (TN-01),2W,Scooter,Hero,CNG,BS6,110.0,2,2,True,True,48.148148148148145,96.29629629629629
REG102059,24-12-2020,2020,Karnataka,Hubli (KA-25),LCV,Mini Truck,Eicher,Diesel,BS6,2956.0,9,4,False,True,37.5,83.33333333333334
REG102060,04-03-2024,2024,Madhya Pradesh,Ujjain (MP-13),4W,Sedan,Hyundai,Diesel,BS6,1462.0,5,0,False,True,48.837209302325576,100.0
REG102061,12-08-2023,2023,Kerala,Thiruvananthapuram (KL-01),4W,Hatchback,Honda,Petrol,BS6,1462.0,5,1,False,True,30.508474576271187,96.61016949152543
REG102062,27-03-2022,2022,Rajasthan,Ajmer (RJ-01),4W,SUV,Skoda,Hybrid,BS6,1000.0,8,2,True,True,30.0,100.0
REG102063,25-12-2022,2022,Telangana,Khammam (TS-07),2W,Motorcycle,Yamaha,Petrol,BS6,150.0,2,2,False,True,37.5,97.91666666666666
REG102064,03-09-2022,2022,Delhi,Delhi Central (DL-01),4W,MUV,Skoda,Petrol,BS6,1197.0,7,2,False,True,28.57142857142857,100.0
REG102065,02-09-2019,2019,Rajasthan,Kota (RJ-20),LCV,Light Bus,Tata Motors,Diesel,BS6,2956.0,9,5,False,True,23.809523809523807,14.285714285714285
REG102066,11-03-2023,2023,Maharashtra,Pune (MH-12),4W,SUV,Renault,Petrol,BS6,1197.0,5,1,False,True,32.72727272727273,98.18181818181819
REG102067,25-09-2020,2020,Gujarat,Ahmedabad (GJ-01),2W,Scooter,Royal Enfield,EV,BS6,0.0,2,4,True,True,33.33333333333333,81.81818181818183
REG102068,06-01-2023,2023,Karnataka,Mangalore (KA-19),OTH,Crane,Escorts,Diesel,BS6,4998.0,1,1,False,True,37.17948717948718,99.14529914529915
REG102069,09-03-2023,2023,Tamil Nadu,Chennai Central (TN-01),4W,Hatchback,Kia,EV,BS6,0.0,5,1,True,True,41.509433962264154,96.22641509433963
REG102070,22-01-2021,2021,West Bengal,Durgapur (WB-40),LCV,Mini Truck,Tata Motors,Diesel,BS6,2956.0,9,3,False,True,39.130434782608695,95.65217391304348
REG102071,16-12-2021,2021,Karnataka,Mangalore (KA-19),2W,Motorcycle,Suzuki,Petrol,BS6,100.0,2,3,False,True,32.88590604026846,94.63087248322147
REG102072,19-02-2021,2021,Rajasthan,Ajmer (RJ-01),2W,Scooter,KTM,EV,BS6,0.0,2,3,True,True,42.857142857142854,95.23809523809523
REG102073,15-02-2020,2020,Telangana,Warangal (TS-03),2W,Motorcycle,Hero,EV,BS6,0.0,2,4,True,True,45.16129032258064,90.32258064516128
REG102074,25-10-2024,2024,Madhya Pradesh,Bhopal (MP-04),3W,E-Rickshaw,Atul Auto,CNG,BS6,225.0,3,0,True,True,48.837209302325576,100.0
REG102075,20-07-2019,2019,Maharashtra,Nagpur (MH-31),2W,Moped,Ather,Petrol,BS4,125.0,2,5,False,False,36.84210526315789,5.263157894736842
REG102076,29-01-2022,2022,Tamil Nadu,Trichy (TN-45),2W,Motorcycle,Honda,Petrol,BS6,200.0,2,2,False,True,48.148148148148145,96.29629629629629
REG102077,15-07-2024,2024,Uttar Pradesh,Allahabad (UP-70),LCV,Pickup Van,Force Motors,Diesel,BS6,2956.0,9,0,False,True,27.77777777777778,100.0
REG102078,25-10-2021,2021,Uttar Pradesh,Kanpur (UP-78),2W,Moped,Suzuki,Petrol,BS6,160.0,2,3,False,True,30.76923076923077,94.87179487179486
REG102079,05-06-2024,2024,Gujarat,Vadodara (GJ-06),4W,MUV,Honda,Diesel,BS6,1462.0,6,0,False,True,35.294117647058826,100.0
REG102080,07-03-2020,2020,Punjab,Jalandhar (PB-08),2W,Scooter,Ola Electric,Petrol,BS6,125.0,2,4,False,True,29.03225806451613,87.09677419354838
REG102081,20-04-2024,2024,Uttar Pradesh,Kanpur (UP-78),2W,Motorcycle,Honda,Petrol,BS6,250.0,2,0,False,True,27.77777777777778,100.0
REG102082,11-12-2023,2023,Madhya Pradesh,Indore (MP-09),HCV,Trailer,MAN,Diesel,BS6,4998.0,2,1,False,True,36.36363636363637,96.36363636363636
REG102083,18-12-2023,2023,Madhya Pradesh,Ujjain (MP-13),LCV,Light Bus,Tata Motors,Diesel,BS6,2523.0,15,1,False,True,36.36363636363637,96.36363636363636
REG102084,20-10-2019,2019,Punjab,Jalandhar (PB-08),2W,Motorcycle,Royal Enfield,CNG,BS4,250.0,2,5,True,False,52.63157894736842,15.789473684210526
REG102085,24-08-2023,2023,Gujarat,Surat (GJ-05),2W,Scooter,Bajaj,Petrol,BS6,125.0,2,1,False,True,36.84210526315789,100.0
REG102086,18-01-2021,2021,Rajasthan,Jaipur (RJ-14),2W,Motorcycle,Bajaj,Petrol,BS6,150.0,2,3,False,True,42.857142857142854,95.23809523809523
REG102087,17-05-2021,2021,Karnataka,Bangalore Central (KA-01),4W,SUV,Renault,Diesel,BS6,1598.0,8,3,False,True,32.88590604026846,94.63087248322147
REG102088,28-10-2023,2023,Kerala,Thrissur (KL-08),HCV,Trailer,BharatBenz,Diesel,BS6,5660.0,2,1,False,True,30.508474576271187,96.61016949152543
REG102089,21-07-2022,2022,Delhi,Delhi West (DL-08),HCV,Tanker,Volvo,Diesel,BS6,6700.0,2,2,False,True,28.57142857142857,100.0
REG102090,10-02-2024,2024,Telangana,Karimnagar (TS-01),HCV,Truck,BharatBenz,Diesel,BS6,4998.0,2,0,False,True,25.71428571428571,100.0
REG102091,06-06-2021,2021,Gujarat,Vadodara (GJ-06),2W,Moped,Hero,EV,BS6,0.0,2,3,True,True,50.0,95.0
REG102092,22-10-2021,2021,Karnataka,Hubli (KA-25),2W,Scooter,Ola Electric,Petrol,BS6,250.0,2,3,False,True,32.88590604026846,94.63087248322147
REG102093,11-03-2018,2018,Uttar Pradesh,Agra (UP-80),LCV,Mini Truck,Tata Motors,Diesel,BS4,2956.0,9,6,False,False,37.5,0.0
REG102094,27-01-2019,2019,Kerala,Kollam (KL-02),OTH,Crane,TAFE,Diesel,BS4,5660.0,1,5,False,False,39.130434782608695,4.3478260869565215
REG102095,08-06-2021,2021,Punjab,Ludhiana (PB-10),2W,Motorcycle,Suzuki,Petrol,BS6,150.0,2,3,False,True,38.46153846153847,100.0
REG102096,23-02-2023,2023,Kerala,Thiruvananthapuram (KL-01),3W,E-Rickshaw,Piaggio,EV,BS6,0.0,3,1,True,True,30.508474576271187,96.61016949152543
REG102097,10-02-2020,2020,Telangana,Hyderabad (TS-09),3W,Tempo,TVS,CNG,BS6,250.0,7,4,True,True,45.16129032258064,90.32258064516128
REG102098,02-12-2020,2020,Telangana,Karimnagar (TS-01),2W,Moped,Royal Enfield,Petrol,BS6,160.0,2,4,False,True,45.16129032258064,90.32258064516128
REG102099,30-11-2021,2021,Kerala,Kochi (KL-07),2W,Moped,KTM,Petrol,BS6,350.0,2,3,False,True,37.254901960784316,94.11764705882352
REG102100,13-01-2024,2024,Maharashtra,Mumbai Central (MH-01),3W,Tempo,Piaggio,EV,BS6,0.0,6,0,True,True,45.714285714285715,100.0
REG102101,24-07-2019,2019,Kerala,Kochi (KL-07),2W,Scooter,KTM,EV,BS4,0.0,2,5,True,False,39.130434782608695,4.3478260869565215
REG102102,24-01-2024,2024,Uttar Pradesh,Kanpur (UP-78),2W,Motorcycle,Honda,Petrol,BS6,200.0,2,0,False,True,27.77777777777778,100.0
REG102103,04-12-2021,2021,Tamil Nadu,Salem (TN-30),HCV,Truck,Tata Motors,Diesel,BS6,3760.0,2,3,False,True,21.62162162162162,89.1891891891892
REG102104,06-04-2019,2019,Maharashtra,Pune (MH-12),3W,Tempo,Piaggio,Petrol,BS4,250.0,6,5,False,False,36.84210526315789,5.263157894736842
REG102105,20-12-2020,2020,Madhya Pradesh,Indore (MP-09),2W,Motorcycle,Ola Electric,Petrol,BS6,110.0,2,4,False,True,45.45454545454545,81.81818181818183
REG102106,18-01-2022,2022,Delhi,Delhi North (DL-04),3W,Tempo,Kinetic Green,CNG,BS6,225.0,3,2,True,True,28.57142857142857,100.0
REG102107,14-01-2023,2023,Delhi,Delhi North (DL-04),4W,SUV,Tata Motors,Diesel,BS6,1197.0,8,1,False,True,36.666666666666664,98.33333333333333
REG102108,16-12-2023,2023,Delhi,Delhi West (DL-08),2W,Scooter,Ola Electric,Petrol,BS6,150.0,2,1,False,True,36.666666666666664,98.33333333333333
REG102109,25-09-2023,2023,Delhi,Delhi East (DL-02),2W,Moped,KTM,Petrol,BS6,160.0,2,1,False,True,36.666666666666664,98.33333333333333
REG102110,01-07-2023,2023,Punjab,Ludhiana (PB-10),2W,Scooter,KTM,CNG,BS6,150.0,2,1,True,True,33.33333333333333,100.0
REG102111,22-07-2024,2024,Tamil Nadu,Coimbatore (TN-37),2W,Motorcycle,Ather,Petrol,BS6,110.0,2,0,False,True,38.88888888888889,100.0
REG102112,03-03-2021,2021,Maharashtra,Aurangabad (MH-20),OTH,Tractor,Escorts,Diesel,BS6,4998.0,2,3,False,True,44.73684210526316,100.0
REG102113,30-06-2020,2020,Delhi,Delhi North (DL-04),2W,Motorcycle,KTM,Petrol,BS6,400.0,2,4,False,True,38.23529411764706,85.29411764705883
REG102114,11-08-2023,2023,Delhi,Delhi South (DL-09),4W,Sedan,Hyundai,Diesel,BS6,1498.0,5,1,False,True,36.666666666666664,98.33333333333333
REG102115,19-12-2020,2020,Uttar Pradesh,Varanasi (UP-65),2W,Scooter,Royal Enfield,Petrol,BS6,125.0,2,4,False,True,35.714285714285715,78.57142857142857
REG102116,10-05-2023,2023,Tamil Nadu,Coimbatore (TN-37),HCV,Truck,MAN,Diesel,BS6,4998.0,2,1,False,True,41.509433962264154,96.22641509433963
REG102117,27-07-2023,2023,Telangana,Khammam (TS-07),2W,Moped,TVS,Petrol,BS6,100.0,2,1,False,True,32.25806451612903,98.38709677419355
REG102118,05-05-2023,2023,Uttar Pradesh,Kanpur (UP-78),4W,SUV,Mahindra,Diesel,BS6,2179.0,6,1,False,True,26.666666666666668,100.0
REG102119,23-02-2023,2023,Karnataka,Bangalore Central (KA-01),4W,SUV,Honda,EV,BS6,0.0,5,1,True,True,37.17948717948718,99.14529914529915
REG102120,15-06-2019,2019,West Bengal,Durgapur (WB-40),2W,Moped,Royal Enfield,Hybrid,BS4,125.0,2,5,True,False,42.10526315789473,10.526315789473683
REG102121,27-05-2023,2023,Maharashtra,Mumbai Central (MH-01),2W,Scooter,TVS,Petrol,BS6,250.0,2,1,False,True,32.72727272727273,98.18181818181819
REG102122,22-05-2019,2019,Delhi,Delhi South (DL-09),4W,MUV,Toyota,Diesel,BS6,2179.0,5,5,False,True,17.647058823529413,11.76470588235294
REG102123,14-02-2023,2023,Rajasthan,Kota (RJ-20),2W,Motorcycle,TVS,EV,BS6,0.0,2,1,True,True,32.83582089552239,100.0
REG102124,19-10-2022,2022,Kerala,Kozhikode (KL-11),2W,Moped,Yamaha,Petrol,BS6,110.0,2,2,False,True,32.608695652173914,100.0
REG102125,03-07-2022,2022,Punjab,Jalandhar (PB-08),4W,Sedan,Skoda,Diesel,BS6,1197.0,5,2,False,True,39.21568627450981,98.0392156862745
REG102126,08-12-2022,2022,West Bengal,Kolkata (WB-01),4W,Hatchback,Kia,Petrol,BS6,800.0,5,2,False,True,35.714285714285715,98.21428571428571
REG102127,20-10-2021,2021,Punjab,Jalandhar (PB-08),2W,Moped,Honda,Petrol,BS6,150.0,2,3,False,True,38.46153846153847,100.0
REG102128,21-08-2022,2022,Kerala,Thrissur (KL-08),LCV,Light Bus,Force Motors,Diesel,BS6,2956.0,9,2,False,True,32.608695652173914,100.0
REG102129,29-04-2022,2022,Punjab,Patiala (PB-11),3W,Auto Rickshaw,Piaggio,Diesel,BS6,200.0,7,2,False,True,39.21568627450981,98.0392156862745
REG102130,22-10-2024,2024,Tamil Nadu,Coimbatore (TN-37),2W,Scooter,Hero,EV,BS6,0.0,2,0,True,True,38.88888888888889,100.0
REG102131,16-04-2020,2020,Telangana,Khammam (TS-07),3W,Tempo,Mahindra,Diesel,BS6,250.0,3,4,False,True,45.16129032258064,90.32258064516128
REG102132,10-12-2020,2020,Karnataka,Belgaum (KA-22),2W,Scooter,Yamaha,Petrol,BS6,160.0,2,4,False,True,37.5,83.33333333333334
REG102133,05-02-2020,2020,Madhya Pradesh,Gwalior (MP-07),2W,Motorcycle,TVS,Petrol,BS6,200.0,2,4,False,True,45.45454545454545,81.81818181818183
REG102134,26-05-2022,2022,Maharashtra,Nagpur (MH-31),3W,E-Rickshaw,TVS,CNG,BS6,225.0,3,2,True,True,41.86046511627907,97.67441860465115
REG102135,06-10-2021,2021,Kerala,Thiruvananthapuram (KL-01),2W,Scooter,Ather,EV,BS6,0.0,2,3,True,True,37.254901960784316,94.11764705882352
REG102136,02-08-2024,2024,West Bengal,Siliguri (WB-73),2W,Scooter,Ola Electric,EV,BS6,0.0,2,0,True,True,27.027027027027028,100.0
REG102137,06-05-2018,2018,Uttar Pradesh,Agra (UP-80),2W,Motorcycle,Royal Enfield,Petrol,BS4,200.0,2,6,False,False,37.5,0.0
REG102138,17-10-2021,2021,Rajasthan,Jodhpur (RJ-19),3W,Auto Rickshaw,Atul Auto,Petrol,BS6,225.0,7,3,False,True,42.857142857142854,95.23809523809523
REG102139,23-12-2021,2021,Tamil Nadu,Salem (TN-30),2W,Motorcycle,Ola Electric,EV,BS6,0.0,2,3,True,True,21.62162162162162,89.1891891891892
REG102140,02-04-2022,2022,Delhi,Delhi West (DL-08),2W,Moped,Yamaha,EV,BS6,0.0,2,2,True,True,28.57142857142857,100.0
REG102141,03-06-2023,2023,Rajasthan,Jaipur (RJ-14),2W,Motorcycle,KTM,Petrol,BS6,150.0,2,1,False,True,32.83582089552239,100.0
REG102142,31-07-2021,2021,Karnataka,Hubli (KA-25),4W,SUV,Skoda,Diesel,BS6,1968.0,6,3,False,True,32.88590604026846,94.63087248322147
REG102143,06-06-2023,2023,Gujarat,Vadodara (GJ-06),4W,SUV,Mahindra,Petrol,BS6,1000.0,8,1,False,True,36.84210526315789,100.0
REG102144,26-04-2022,2022,Punjab,Patiala (PB-11),4W,Sedan,Kia,Petrol,BS6,1498.0,5,2,False,True,39.21568627450981,98.0392156862745
REG102145,25-04-2022,2022,Gujarat,Ahmedabad (GJ-01),3W,Tempo,Kinetic Green,EV,BS6,0.0,7,2,True,True,50.0,95.65217391304348
REG102146,08-12-2024,2024,Rajasthan,Ajmer (RJ-01),2W,Moped,KTM,CNG,BS6,400.0,2,0,True,True,41.02564102564102,100.0
REG102147,19-10-2020,2020,Madhya Pradesh,Ujjain (MP-13),4W,SUV,Hyundai,Petrol,BS6,2179.0,6,4,False,True,45.45454545454545,81.81818181818183
REG102148,28-06-2021,2021,Maharashtra,Pune (MH-12),2W,Scooter,Hero,EV,BS6,0.0,2,3,True,True,44.73684210526316,100.0
REG102149,20-01-2024,2024,Gujarat,Rajkot (GJ-03),2W,Scooter,Ola Electric,Petrol,BS6,150.0,2,0,False,True,35.294117647058826,100.0
REG102150,17-03-2021,2021,Maharashtra,Mumbai Central (MH-01),2W,Moped,Suzuki,Petrol,BS6,160.0,2,3,False,True,44.73684210526316,100.0
REG102151,10-03-2024,2024,Delhi,Delhi South (DL-09),2W,Motorcycle,TVS,CNG,BS6,110.0,2,0,True,True,41.02564102564102,100.0
REG102152,08-04-2023,2023,Delhi,Delhi North (DL-04),2W,Scooter,Yamaha,EV,BS6,0.0,2,1,True,True,36.666666666666664,98.33333333333333
REG102153,20-10-2024,2024,Punjab,Amritsar (PB-02),4W,MUV,Maruti Suzuki,CNG,BS6,1462.0,5,0,True,True,31.25,100.0
REG102154,24-04-2021,2021,Gujarat,Vadodara (GJ-06),4W,Sedan,Kia,EV,BS6,0.0,5,3,True,True,50.0,95.0
REG102155,27-07-2024,2024,Delhi,Delhi South (DL-09),4W,Hatchback,Mahindra,Petrol,BS6,1197.0,5,0,False,True,41.02564102564102,100.0
REG102156,02-12-2021,2021,Maharashtra,Pune (MH-12),2W,Scooter,Royal Enfield,Petrol,BS6,110.0,2,3,False,True,44.73684210526316,100.0
REG102157,12-12-2022,2022,Maharashtra,Nagpur (MH-31),2W,Scooter,Ola Electric,Petrol,BS6,250.0,2,2,False,True,41.86046511627907,97.67441860465115
REG102158,19-10-2023,2023,Telangana,Hyderabad (TS-09),2W,Moped,Yamaha,CNG,BS6,160.0,2,1,True,True,32.25806451612903,98.38709677419355
REG102159,13-08-2023,2023,Uttar Pradesh,Allahabad (UP-70),HCV,Bus,MAN,Diesel,BS6,5660.0,32,1,False,True,26.666666666666668,100.0
REG102160,20-03-2024,2024,West Bengal,Durgapur (WB-40),2W,Motorcycle,Royal Enfield,Petrol,BS6,150.0,2,0,False,True,27.027027027027028,100.0
REG102161,05-08-2022,2022,Telangana,Nizamabad (TS-05),HCV,Bus,Ashok Leyland,Diesel,BS6,6700.0,32,2,False,True,37.5,97.91666666666666
REG102162,16-11-2019,2019,Tamil Nadu,Salem (TN-30),4W,Sedan,Mahindra,Petrol,BS4,1462.0,5,5,False,False,31.818181818181817,9.090909090909092
REG102163,27-04-2020,2020,Tamil Nadu,Chennai Central (TN-01),2W,Scooter,Ola Electric,Petrol,BS6,100.0,2,4,False,True,34.285714285714285,85.71428571428571
REG102164,10-12-2023,2023,Delhi,Delhi East (DL-02),2W,Scooter,KTM,Petrol,BS6,250.0,2,1,False,True,36.666666666666664,98.33333333333333
REG102165,08-11-2020,2020,West Bengal,Durgapur (WB-40),HCV,Truck,BharatBenz,Diesel,BS6,5660.0,2,4,False,True,30.76923076923077,88.46153846153845
REG102166,29-01-2023,2023,Rajasthan,Jodhpur (RJ-19),LCV,Mini Truck,Mahindra,Diesel,BS6,2523.0,9,1,False,True,32.83582089552239,100.0
REG102167,18-05-2020,2020,Delhi,Delhi South (DL-09),4W,SUV,MG,Petrol,BS6,1197.0,5,4,False,True,38.23529411764706,85.29411764705883
REG102168,09-01-2023,2023,Tamil Nadu,Trichy (TN-45),2W,Motorcycle,Ola Electric,CNG,BS6,110.0,2,1,True,True,41.509433962264154,96.22641509433963
REG102169,12-08-2024,2024,West Bengal,Howrah (WB-13),HCV,Bus,Volvo,Diesel,BS6,6700.0,32,0,False,True,27.027027027027028,100.0
REG102170,14-06-2023,2023,Madhya Pradesh,Ujjain (MP-13),3W,Auto Rickshaw,Mahindra,EV,BS6,0.0,6,1,True,True,36.36363636363637,96.36363636363636
REG102171,05-10-2021,2021,Karnataka,Belgaum (KA-22),4W,Sedan,Kia,Petrol,BS6,1462.0,5,3,False,True,32.88590604026846,94.63087248322147
REG102172,02-11-2020,2020,Tamil Nadu,Salem (TN-30),4W,SUV,Renault,Petrol,BS6,800.0,7,4,False,True,34.285714285714285,85.71428571428571
REG102173,07-05-2023,2023,Uttar Pradesh,Varanasi (UP-65),4W,SUV,Kia,Diesel,BS6,2179.0,6,1,False,True,26.666666666666668,100.0
REG102174,25-01-2019,2019,Madhya Pradesh,Indore (MP-09),3W,Auto Rickshaw,Piaggio,CNG,BS4,200.0,7,5,True,False,44.44444444444444,7.4074074074074066
REG102175,11-11-2022,2022,West Bengal,Asansol (WB-39),2W,Moped,Yamaha,CNG,BS6,100.0,2,2,True,True,35.714285714285715,98.21428571428571
REG102176,26-04-2023,2023,Madhya Pradesh,Bhopal (MP-04),3W,Auto Rickshaw,Mahindra,CNG,BS6,225.0,6,1,True,True,36.36363636363637,96.36363636363636
REG102177,12-06-2021,2021,Karnataka,Belgaum (KA-22),OTH,Road Roller,John Deere,Diesel,BS6,3760.0,2,3,False,True,32.88590604026846,94.63087248322147
REG102178,12-10-2020,2020,Karnataka,Mysore (KA-09),2W,Scooter,Suzuki,Hybrid,BS6,350.0,2,4,True,True,37.5,83.33333333333334
REG102179,12-07-2019,2019,Tamil Nadu,Coimbatore (TN-37),2W,Scooter,TVS,Petrol,BS4,200.0,2,5,False,False,31.818181818181817,9.090909090909092
REG102180,21-12-2023,2023,Madhya Pradesh,Gwalior (MP-07),4W,MUV,Mahindra,Petrol,BS6,1462.0,6,1,False,True,36.36363636363637,96.36363636363636
REG102181,13-09-2022,2022,Delhi,Delhi West (DL-08),2W,Scooter,Hero,Petrol,BS6,400.0,2,2,False,True,28.57142857142857,100.0
REG102182,06-01-2018,2018,Punjab,Patiala (PB-11),HCV,Truck,Volvo,Diesel,BS4,5660.0,2,6,False,False,18.181818181818183,0.0
REG102183,08-04-2023,2023,Madhya Pradesh,Jabalpur (MP-20),4W,SUV,Hyundai,CNG,BS6,2179.0,8,1,True,True,36.36363636363637,96.36363636363636
REG102184,23-03-2023,2023,Gujarat,Gandhinagar (GJ-18),4W,Sedan,Honda,Diesel,BS6,1598.0,5,1,False,True,36.84210526315789,100.0
REG102185,03-07-2023,2023,Delhi,Delhi West (DL-08),2W,Scooter,KTM,Petrol,BS6,160.0,2,1,False,True,36.666666666666664,98.33333333333333
REG102186,10-03-2019,2019,Tamil Nadu,Chennai Central (TN-01),2W,Scooter,Yamaha,EV,BS4,0.0,2,5,True,False,31.818181818181817,9.090909090909092
REG102187,15-06-2021,2021,Madhya Pradesh,Gwalior (MP-07),4W,Sedan,Tata Motors,CNG,BS6,1968.0,5,3,True,True,44.89795918367347,95.91836734693877
REG102188,25-08-2020,2020,Maharashtra,Pune (MH-12),4W,SUV,Skoda,Diesel,BS6,1197.0,8,4,False,True,34.61538461538461,84.61538461538461
REG102189,06-12-2021,2021,Tamil Nadu,Trichy (TN-45),4W,Sedan,Maruti Suzuki,Diesel,BS6,1498.0,5,3,False,True,21.62162162162162,89.1891891891892
REG102190,03-10-2019,2019,Madhya Pradesh,Ujjain (MP-13),2W,Motorcycle,Bajaj,CNG,BS4,100.0,2,5,True,False,44.44444444444444,7.4074074074074066
REG102191,01-04-2023,2023,Maharashtra,Nagpur (MH-31),4W,Sedan,Tata Motors,Petrol,BS6,1197.0,5,1,False,True,32.72727272727273,98.18181818181819
REG102192,30-12-2024,2024,Tamil Nadu,Chennai Central (TN-01),2W,Scooter,Ather,EV,BS6,0.0,2,0,True,True,38.88888888888889,100.0
REG102193,02-06-2022,2022,Telangana,Warangal (TS-03),LCV,Light Bus,Force Motors,Diesel,BS6,2523.0,9,2,False,True,37.5,97.91666666666666
REG102194,06-06-2018,2018,Punjab,Chandigarh (CH-01),4W,SUV,Renault,Diesel,BS4,1197.0,5,6,False,False,18.181818181818183,0.0
REG102195,06-05-2023,2023,Maharashtra,Nashik (MH-15),2W,Moped,KTM,EV,BS6,0.0,2,1,True,True,32.72727272727273,98.18181818181819
REG102196,08-06-2024,2024,Telangana,Nizamabad (TS-05),4W,MUV,Honda,Petrol,BS6,1000.0,8,0,False,True,25.71428571428571,100.0
REG102197,12-08-2022,2022,Kerala,Kochi (KL-07),2W,Moped,TVS,Petrol,BS6,125.0,2,2,False,True,32.608695652173914,100.0
REG102198,25-03-2019,2019,Tamil Nadu,Chennai Central (TN-01),2W,Motorcycle,Royal Enfield,CNG,BS4,137.5,2,5,True,False,31.818181818181817,9.090909090909092
REG102199,18-10-2022,2022,Gujarat,Gandhinagar (GJ-18),2W,Motorcycle,Royal Enfield,CNG,BS6,110.0,2,2,True,True,50.0,95.65217391304348
REG102200,01-11-2021,2021,Karnataka,Mangalore (KA-19),LCV,Pickup Van,Mahindra,EV,BS6,0.0,9,3,True,True,32.88590604026846,94.63087248322147
REG102201,08-10-2020,2020,Kerala,Kollam (KL-02),2W,Motorcycle,Ather,CNG,BS4,100.0,2,4,True,False,37.5,87.5
REG102202,28-03-2023,2023,Maharashtra,Pune (MH-12),LCV,Pickup Van,Force Motors,Diesel,BS6,2523.0,9,1,False,True,32.72727272727273,98.18181818181819
REG102203,06-04-2020,2020,Maharashtra,Nagpur (MH-31),HCV,Bus,Eicher,Diesel,BS6,3760.0,32,4,False,True,34.61538461538461,84.61538461538461
REG102204,08-10-2024,2024,Rajasthan,Jaipur (RJ-14),2W,Motorcycle,Royal Enfield,Petrol,BS6,100.0,2,0,False,True,41.02564102564102,100.0
REG102205,10-11-2023,2023,Rajasthan,Ajmer (RJ-01),4W,MUV,Skoda,Petrol,BS6,800.0,5,1,False,True,32.83582089552239,100.0
REG102206,27-04-2023,2023,West Bengal,Siliguri (WB-73),4W,MUV,Tata Motors,Diesel,BS6,1197.0,6,1,False,True,45.0,97.5
REG102207,12-02-2023,2023,Telangana,Khammam (TS-07),LCV,Light Bus,Mahindra,Diesel,BS6,3298.0,15,1,False,True,32.25806451612903,98.38709677419355
REG102208,11-08-2022,2022,Karnataka,Belgaum (KA-22),HCV,Tanker,Ashok Leyland,Diesel,BS6,4998.0,2,2,False,True,43.333333333333336,96.66666666666667
REG102209,13-04-2022,2022,Karnataka,Bangalore Central (KA-01),OTH,Tractor,TAFE,Diesel,BS6,4998.0,1,2,False,True,43.333333333333336,96.66666666666667
REG102210,02-02-2022,2022,Tamil Nadu,Chennai Central (TN-01),4W,Sedan,Toyota,Petrol,BS6,1462.0,5,2,False,True,48.148148148148145,96.29629629629629
REG102211,05-08-2019,2019,Rajasthan,Jaipur (RJ-14),2W,Scooter,KTM,Petrol,BS4,200.0,2,5,False,False,23.809523809523807,14.285714285714285
REG102212,06-05-2024,2024,Punjab,Ludhiana (PB-10),2W,Moped,Ather,Petrol,BS6,110.0,2,0,False,True,31.25,100.0
REG102213,22-12-2022,2022,Punjab,Ludhiana (PB-10),3W,E-Rickshaw,Mahindra,CNG,BS6,200.0,3,2,True,True,39.21568627450981,98.0392156862745
REG102214,12-09-2021,2021,Punjab,Jalandhar (PB-08),4W,Sedan,Renault,EV,BS6,0.0,5,3,True,True,38.46153846153847,100.0
REG102215,30-09-2024,2024,Kerala,Kochi (KL-07),4W,MUV,Toyota,EV,BS6,0.0,6,0,True,True,36.17021276595745,100.0
REG102216,12-11-2022,2022,Punjab,Amritsar (PB-02),4W,Hatchback,Tata Motors,Diesel,BS6,1498.0,5,2,False,True,39.21568627450981,98.0392156862745
REG102217,16-08-2023,2023,Rajasthan,Kota (RJ-20),2W,Scooter,Suzuki,EV,BS6,0.0,2,1,True,True,32.83582089552239,100.0
REG102218,13-11-2023,2023,Tamil Nadu,Trichy (TN-45),LCV,Mini Truck,Force Motors,Diesel,BS6,2956.0,9,1,False,True,41.509433962264154,96.22641509433963
REG102219,15-10-2021,2021,Punjab,Amritsar (PB-02),2W,Scooter,Ola Electric,EV,BS6,0.0,2,3,True,True,38.46153846153847,100.0
REG102220,17-12-2020,2020,Telangana,Khammam (TS-07),3W,Tempo,Kinetic Green,Diesel,BS6,250.0,6,4,False,True,45.16129032258064,90.32258064516128
REG102221,29-07-2024,2024,Gujarat,Ahmedabad (GJ-01),HCV,Bus,Eicher,Diesel,BS6,6700.0,32,0,False,True,35.294117647058826,100.0
REG102222,02-10-2021,2021,Gujarat,Rajkot (GJ-03),3W,Tempo,TVS,CNG,BS6,200.0,6,3,True,True,50.0,95.0
REG102223,27-03-2018,2018,Gujarat,Gandhinagar (GJ-18),4W,SUV,Kia,Diesel,BS4,1498.0,8,6,False,False,41.66666666666667,0.0
REG102224,21-01-2021,2021,Maharashtra,Nagpur (MH-31),HCV,Truck,Tata Motors,Diesel,BS6,6700.0,2,3,False,True,44.73684210526316,100.0
REG102225,09-05-2020,2020,Gujarat,Gandhinagar (GJ-18),4W,Hatchback,Maruti Suzuki,Diesel,BS6,1598.0,5,4,False,True,33.33333333333333,81.81818181818183
REG102226,04-10-2022,2022,Delhi,Delhi Central (DL-01),4W,Sedan,Maruti Suzuki,Diesel,BS6,1462.0,5,2,False,True,28.57142857142857,100.0
REG102227,08-01-2021,2021,Punjab,Patiala (PB-11),4W,SUV,Hyundai,CNG,BS6,1197.0,8,3,True,True,38.46153846153847,100.0
REG102228,14-12-2021,2021,Rajasthan,Jaipur (RJ-14),2W,Motorcycle,Hero,CNG,BS6,250.0,2,3,True,True,42.857142857142854,95.23809523809523
REG102229,17-07-2020,2020,Karnataka,Belgaum (KA-22),LCV,Light Bus,Ashok Leyland,CNG,BS6,3298.0,9,4,True,True,37.5,83.33333333333334
REG102230,10-08-2023,2023,Telangana,Nizamabad (TS-05),4W,Sedan,MG,Diesel,BS6,2179.0,5,1,False,True,32.25806451612903,98.38709677419355
REG102231,01-08-2022,2022,Telangana,Karimnagar (TS-01),HCV,Truck,MAN,Diesel,BS6,3760.0,2,2,False,True,37.5,97.91666666666666
REG102232,04-06-2020,2020,Karnataka,Mysore (KA-09),2W,Moped,Honda,Petrol,BS6,160.0,2,4,False,True,37.5,83.33333333333334
REG102233,05-08-2021,2021,Tamil Nadu,Trichy (TN-45),4W,Hatchback,Honda,Diesel,BS6,1498.0,5,3,False,True,21.62162162162162,89.1891891891892
REG102234,01-03-2023,2023,Rajasthan,Jodhpur (RJ-19),2W,Motorcycle,Suzuki,Petrol,BS6,200.0,2,1,False,True,32.83582089552239,100.0
REG102235,01-04-2024,2024,Rajasthan,Ajmer (RJ-01),4W,MUV,Tata Motors,Diesel,BS6,1197.0,6,0,False,True,41.02564102564102,100.0
REG102236,14-08-2023,2023,Karnataka,Belgaum (KA-22),2W,Motorcycle,Bajaj,EV,BS6,0.0,2,1,True,True,37.17948717948718,99.14529914529915
REG102237,10-07-2021,2021,Gujarat,Rajkot (GJ-03),2W,Scooter,Royal Enfield,EV,BS6,0.0,2,3,True,True,50.0,95.0
REG102238,04-01-2022,2022,Delhi,Delhi South (DL-09),2W,Motorcycle,Honda,Petrol,BS6,350.0,2,2,False,True,28.57142857142857,100.0
REG102239,02-11-2019,2019,Karnataka,Mysore (KA-09),2W,Moped,Yamaha,Petrol,BS4,100.0,2,5,False,False,31.32530120481928,9.63855421686747
REG102240,29-08-2024,2024,Maharashtra,Pune (MH-12),2W,Moped,TVS,Petrol,BS6,150.0,2,0,False,True,45.714285714285715,100.0
REG102241,02-10-2022,2022,Madhya Pradesh,Indore (MP-09),4W,MUV,MG,Petrol,BS6,1462.0,6,2,False,True,39.53488372093023,100.0
REG102242,08-12-2020,2020,Punjab,Amritsar (PB-02),4W,SUV,Renault,Diesel,BS6,1498.0,6,4,False,True,29.03225806451613,87.09677419354838
REG102243,17-06-2019,2019,Madhya Pradesh,Gwalior (MP-07),2W,Scooter,Honda,Petrol,BS4,350.0,2,5,False,False,44.44444444444444,7.4074074074074066
REG102244,22-11-2024,2024,Rajasthan,Ajmer (RJ-01),2W,Motorcycle,Hero,Petrol,BS6,100.0,2,0,False,True,41.02564102564102,100.0
REG102245,28-04-2021,2021,Rajasthan,Kota (RJ-20),4W,SUV,MG,Diesel,BS6,1598.0,6,3,False,True,42.857142857142854,95.23809523809523
REG102246,02-03-2023,2023,Rajasthan,Jodhpur (RJ-19),2W,Moped,Royal Enfield,Petrol,BS6,200.0,2,1,False,True,32.83582089552239,100.0
REG102247,15-04-2021,2021,Punjab,Amritsar (PB-02),4W,MUV,Mahindra,Petrol,BS6,800.0,7,3,False,True,38.46153846153847,100.0
REG102248,04-08-2019,2019,Delhi,Delhi North (DL-04),3W,Auto Rickshaw,Piaggio,CNG,BS4,200.0,3,5,True,False,17.647058823529413,11.76470588235294
REG102249,20-01-2024,2024,Kerala,Kochi (KL-07),2W,Moped,Ather,EV,BS6,0.0,2,0,True,True,36.17021276595745,100.0
REG102250,03-09-2021,2021,West Bengal,Asansol (WB-39),4W,Sedan,Renault,Petrol,BS6,1462.0,5,3,False,True,39.130434782608695,95.65217391304348
REG102251,10-06-2021,2021,Delhi,Delhi Central (DL-01),2W,Moped,Suzuki,Petrol,BS6,125.0,2,3,False,True,44.11764705882353,94.11764705882352
REG102252,25-04-2020,2020,Karnataka,Mangalore (KA-19),4W,MUV,Toyota,EV,BS6,0.0,5,4,True,True,37.5,83.33333333333334
REG102253,30-05-2023,2023,Karnataka,Belgaum (KA-22),4W,Hatchback,Toyota,Diesel,BS6,1498.0,5,1,False,True,37.17948717948718,99.14529914529915
REG102254,29-10-2022,2022,West Bengal,Kolkata (WB-01),4W,MUV,Honda,Petrol,BS6,1000.0,7,2,False,True,35.714285714285715,98.21428571428571
REG102255,19-11-2022,2022,Delhi,Delhi East (DL-02),4W,Sedan,Skoda,CNG,BS6,1968.0,5,2,True,True,28.57142857142857,100.0
REG102256,11-10-2018,2018,Rajasthan,Jaipur (RJ-14),4W,Hatchback,Maruti Suzuki,Petrol,BS4,1598.0,5,6,False,False,54.54545454545454,0.0
REG102257,04-10-2019,2019,Delhi,Delhi South (DL-09),2W,Motorcycle,Yamaha,Petrol,BS4,150.0,2,5,False,False,17.647058823529413,11.76470588235294
REG102258,21-09-2021,2021,Uttar Pradesh,Allahabad (UP-70),2W,Scooter,TVS,EV,BS6,0.0,2,3,True,True,30.76923076923077,94.87179487179486
REG102259,09-07-2022,2022,Gujarat,Gandhinagar (GJ-18),4W,MUV,Skoda,Diesel,BS6,2179.0,7,2,False,True,50.0,95.65217391304348
REG102260,27-01-2023,2023,Madhya Pradesh,Ujjain (MP-13),2W,Moped,TVS,EV,BS6,0.0,2,1,True,True,36.36363636363637,96.36363636363636
REG102261,06-12-2022,2022,Tamil Nadu,Chennai Central (TN-01),2W,Moped,KTM,CNG,BS6,110.0,2,2,True,True,48.148148148148145,96.29629629629629
REG102262,11-02-2024,2024,Tamil Nadu,Madurai (TN-58),3W,Auto Rickshaw,Kinetic Green,EV,BS6,0.0,3,0,True,True,38.88888888888889,100.0
REG102263,06-08-2023,2023,Rajasthan,Ajmer (RJ-01),3W,E-Rickshaw,TVS,CNG,BS6,225.0,3,1,True,True,32.83582089552239,100.0
REG102264,16-01-2023,2023,Telangana,Karimnagar (TS-01),OTH,Tractor,Mahindra,Diesel,BS6,4998.0,1,1,False,True,32.25806451612903,98.38709677419355
REG102265,02-10-2020,2020,Telangana,Nizamabad (TS-05),4W,Hatchback,Hyundai,CNG,BS6,1000.0,5,4,True,True,45.16129032258064,90.32258064516128
REG102266,20-10-2024,2024,Rajasthan,Ajmer (RJ-01),2W,Motorcycle,Ola Electric,EV,BS6,0.0,2,0,True,True,41.02564102564102,100.0
REG102267,04-08-2020,2020,Karnataka,Mangalore (KA-19),3W,Auto Rickshaw,TVS,CNG,BS6,225.0,3,4,True,True,37.5,83.33333333333334
REG102268,26-08-2023,2023,Rajasthan,Jaipur (RJ-14),4W,SUV,Renault,Diesel,BS6,800.0,7,1,False,True,32.83582089552239,100.0
REG102269,10-02-2022,2022,Delhi,Delhi East (DL-02),4W,Hatchback,Hyundai,Petrol,BS6,800.0,5,2,False,True,28.57142857142857,100.0
REG102270,28-06-2023,2023,Telangana,Warangal (TS-03),LCV,Pickup Van,Ashok Leyland,Diesel,BS6,2523.0,9,1,False,True,32.25806451612903,98.38709677419355
REG102271,15-09-2023,2023,Kerala,Thrissur (KL-08),2W,Motorcycle,Ather,Petrol,BS6,110.0,2,1,False,True,30.508474576271187,96.61016949152543
REG102272,25-07-2023,2023,Maharashtra,Nagpur (MH-31),2W,Motorcycle,Royal Enfield,Petrol,BS6,110.0,2,1,False,True,32.72727272727273,98.18181818181819
REG102273,21-04-2024,2024,Rajasthan,Ajmer (RJ-01),3W,E-Rickshaw,Mahindra,CNG,BS6,250.0,3,0,True,True,41.02564102564102,100.0
REG102274,31-01-2020,2020,Kerala,Kollam (KL-02),2W,Motorcycle,Bajaj,Petrol,BS6,100.0,2,4,False,True,37.5,87.5
REG102275,19-08-2023,2023,Madhya Pradesh,Gwalior (MP-07),4W,MUV,Hyundai,Diesel,BS6,1462.0,5,1,False,True,36.36363636363637,96.36363636363636
REG102276,02-07-2022,2022,Madhya Pradesh,Gwalior (MP-07),LCV,Pickup Van,Mahindra,CNG,BS6,3298.0,9,2,True,True,39.53488372093023,100.0
REG102277,03-05-2023,2023,Karnataka,Mangalore (KA-19),2W,Scooter,Ola Electric,Petrol,BS6,350.0,2,1,False,True,37.17948717948718,99.14529914529915
REG102278,29-11-2022,2022,West Bengal,Howrah (WB-13),3W,Auto Rickshaw,Atul Auto,EV,BS4,0.0,6,2,True,False,35.714285714285715,98.21428571428571
REG102279,12-05-2019,2019,Maharashtra,Nagpur (MH-31),HCV,Trailer,Ashok Leyland,Diesel,BS4,3760.0,2,5,False,False,36.84210526315789,5.263157894736842
REG102280,21-06-2023,2023,Karnataka,Bangalore Central (KA-01),LCV,Light Bus,Force Motors,Diesel,BS6,3298.0,12,1,False,True,37.17948717948718,99.14529914529915
REG102281,01-01-2023,2023,Gujarat,Ahmedabad (GJ-01),OTH,Tractor,Mahindra,Diesel,BS6,4998.0,1,1,False,True,36.84210526315789,100.0
REG102282,22-02-2022,2022,Delhi,Delhi Central (DL-01),2W,Scooter,Suzuki,Petrol,BS6,160.0,2,2,False,True,28.57142857142857,100.0
REG102283,31-10-2023,2023,Madhya Pradesh,Gwalior (MP-07),4W,MUV,Hyundai,Diesel,BS6,1598.0,6,1,False,True,36.36363636363637,96.36363636363636
REG102284,04-12-2021,2021,Maharashtra,Aurangabad (MH-20),2W,Motorcycle,Suzuki,EV,BS6,0.0,2,3,True,True,44.73684210526316,100.0
REG102285,11-11-2023,2023,Madhya Pradesh,Bhopal (MP-04),4W,Sedan,Renault,Diesel,BS6,1462.0,5,1,False,True,36.36363636363637,96.36363636363636
REG102286,17-06-2020,2020,Gujarat,Vadodara (GJ-06),4W,SUV,Hyundai,EV,BS4,0.0,8,4,True,False,33.33333333333333,81.81818181818183
REG102287,11-10-2023,2023,Tamil Nadu,Salem (TN-30),2W,Scooter,Bajaj,Petrol,BS6,400.0,2,1,False,True,41.509433962264154,96.22641509433963
REG102288,30-10-2021,2021,Karnataka,Bangalore Central (KA-01),4W,SUV,Maruti Suzuki,Petrol,BS6,1498.0,5,3,False,True,32.88590604026846,94.63087248322147
REG102289,24-04-2023,2023,Telangana,Karimnagar (TS-01),2W,Scooter,KTM,EV,BS6,0.0,2,1,True,True,32.25806451612903,98.38709677419355
REG102290,30-04-2023,2023,Delhi,Delhi North (DL-04),2W,Scooter,KTM,Petrol,BS6,100.0,2,1,False,True,36.666666666666664,98.33333333333333
REG102291,03-08-2022,2022,Punjab,Chandigarh (CH-01),4W,Hatchback,Toyota,Petrol,BS6,800.0,5,2,False,True,39.21568627450981,98.0392156862745
REG102292,04-02-2024,2024,Telangana,Warangal (TS-03),2W,Scooter,Royal Enfield,Petrol,BS6,125.0,2,0,False,True,25.71428571428571,100.0
REG102293,24-05-2019,2019,Delhi,Delhi Central (DL-01),4W,SUV,MG,Diesel,BS4,1000.0,5,5,False,False,17.647058823529413,11.76470588235294
REG102294,09-07-2020,2020,Maharashtra,Nashik (MH-15),4W,SUV,Hyundai,CNG,BS6,1462.0,5,4,True,True,34.61538461538461,84.61538461538461
REG102295,14-03-2024,2024,Maharashtra,Aurangabad (MH-20),3W,Tempo,TVS,CNG,BS6,250.0,7,0,True,True,45.714285714285715,100.0
REG102296,22-10-2021,2021,West Bengal,Kolkata (WB-01),4W,MUV,Tata Motors,Hybrid,BS6,1968.0,6,3,True,True,39.130434782608695,95.65217391304348
REG102297,15-05-2020,2020,Tamil Nadu,Coimbatore (TN-37),2W,Scooter,Royal Enfield,Petrol,BS6,150.0,2,4,False,True,34.285714285714285,85.71428571428571
REG102298,15-07-2018,2018,Tamil Nadu,Salem (TN-30),2W,Moped,Ola Electric,Petrol,BS4,400.0,2,6,False,False,20.0,0.0
REG102299,24-07-2018,2018,Uttar Pradesh,Lucknow (UP-32),4W,Sedan,Maruti Suzuki,Diesel,BS4,2179.0,5,6,False,False,37.5,0.0
REG102300,20-07-2023,2023,Maharashtra,Pune (MH-12),4W,Hatchback,Skoda,Diesel,BS6,1968.0,5,1,False,True,32.72727272727273,98.18181818181819
REG102301,27-08-2018,2018,Karnataka,Belgaum (KA-22),2W,Scooter,Ather,EV,BS4,0.0,2,6,True,False,40.74074074074074,0.0
REG102302,07-01-2019,2019,Punjab,Amritsar (PB-02),2W,Motorcycle,KTM,Petrol,BS4,100.0,2,5,False,False,52.63157894736842,15.789473684210526
REG102303,20-08-2023,2023,West Bengal,Howrah (WB-13),4W,Hatchback,Mahindra,Hybrid,BS6,1197.0,5,1,True,True,45.0,97.5
REG102304,08-02-2023,2023,Karnataka,Bangalore Central (KA-01),2W,Scooter,Ola Electric,Petrol,BS6,250.0,2,1,False,True,37.17948717948718,99.14529914529915
REG102305,23-05-2024,2024,West Bengal,Howrah (WB-13),2W,Motorcycle,Royal Enfield,Petrol,BS6,250.0,2,0,False,True,27.027027027027028,100.0
REG102306,21-08-2022,2022,Karnataka,Mangalore (KA-19),2W,Motorcycle,Ather,Petrol,BS6,160.0,2,2,False,True,43.333333333333336,96.66666666666667
REG102307,05-04-2021,2021,Gujarat,Surat (GJ-05),2W,Motorcycle,Bajaj,Hybrid,BS6,200.0,2,3,True,True,50.0,95.0
REG102308,18-05-2020,2020,Tamil Nadu,Chennai Central (TN-01),4W,Hatchback,Tata Motors,Diesel,BS6,1000.0,5,4,False,True,34.285714285714285,85.71428571428571
REG102309,11-11-2024,2024,Kerala,Thiruvananthapuram (KL-01),4W,SUV,MG,Diesel,BS6,800.0,6,0,False,True,36.17021276595745,100.0
REG102310,29-08-2019,2019,Madhya Pradesh,Indore (MP-09),2W,Moped,Yamaha,Petrol,BS4,250.0,2,5,False,False,44.44444444444444,7.4074074074074066
REG102311,09-03-2024,2024,Karnataka,Mangalore (KA-19),4W,SUV,Renault,Petrol,BS6,1498.0,7,0,False,True,41.29032258064516,100.0
REG102312,24-02-2018,2018,Kerala,Kozhikode (KL-11),4W,SUV,Hyundai,Diesel,BS4,1000.0,7,6,False,False,36.36363636363637,0.0
REG102313,26-12-2022,2022,Telangana,Khammam (TS-07),HCV,Truck,Ashok Leyland,Diesel,BS6,5660.0,2,2,False,True,37.5,97.91666666666666
REG102314,20-04-2023,2023,Telangana,Karimnagar (TS-01),2W,Moped,Suzuki,EV,BS6,0.0,2,1,True,True,32.25806451612903,98.38709677419355
REG102315,13-01-2021,2021,Uttar Pradesh,Lucknow (UP-32),LCV,Light Bus,Eicher,Diesel,BS6,2956.0,12,3,False,True,30.76923076923077,94.87179487179486
REG102316,14-11-2018,2018,Madhya Pradesh,Ujjain (MP-13),OTH,Road Roller,Mahindra,Diesel,BS4,5329.0,2,6,False,False,34.78260869565217,0.0
REG102317,28-09-2023,2023,Karnataka,Mangalore (KA-19),2W,Motorcycle,Suzuki,EV,BS6,0.0,2,1,True,True,37.17948717948718,99.14529914529915
REG102318,03-10-2024,2024,Uttar Pradesh,Allahabad (UP-70),HCV,Bus,Ashok Leyland,Diesel,BS6,5660.0,52,0,False,True,27.77777777777778,100.0
REG102319,28-09-2019,2019,Uttar Pradesh,Agra (UP-80),2W,Motorcycle,Ather,Petrol,BS4,250.0,2,5,False,False,27.27272727272727,0.0
REG102320,13-04-2019,2019,Rajasthan,Kota (RJ-20),2W,Motorcycle,Hero,Petrol,BS4,350.0,2,5,False,False,23.809523809523807,14.285714285714285
REG102321,21-04-2024,2024,Madhya Pradesh,Indore (MP-09),LCV,Pickup Van,Ashok Leyland,Diesel,BS6,2523.0,9,0,False,True,48.837209302325576,100.0
REG102322,21-08-2023,2023,Maharashtra,Mumbai Central (MH-01),4W,MUV,Mahindra,Petrol,BS6,1462.0,5,1,False,True,32.72727272727273,98.18181818181819
REG102323,04-03-2023,2023,Punjab,Chandigarh (CH-01),2W,Moped,Ola Electric,Hybrid,BS6,160.0,2,1,True,True,33.33333333333333,100.0
REG102324,18-11-2021,2021,Karnataka,Mangalore (KA-19),4W,Hatchback,Skoda,Petrol,BS4,1197.0,5,3,False,False,32.88590604026846,94.63087248322147
REG102325,23-10-2022,2022,Tamil Nadu,Salem (TN-30),2W,Scooter,Ola Electric,CNG,BS4,350.0,2,2,True,False,48.148148148148145,96.29629629629629
REG102326,12-02-2021,2021,Kerala,Kollam (KL-02),2W,Motorcycle,Ather,CNG,BS6,400.0,2,3,True,True,37.254901960784316,94.11764705882352
REG102327,29-10-2018,2018,Uttar Pradesh,Varanasi (UP-65),OTH,Crane,TAFE,Diesel,BS4,4998.0,1,6,False,False,37.5,0.0
REG102328,12-02-2023,2023,Madhya Pradesh,Indore (MP-09),2W,Motorcycle,Honda,CNG,BS6,110.0,2,1,True,True,36.36363636363637,96.36363636363636
REG102329,13-05-2023,2023,Telangana,Hyderabad (TS-09),2W,Moped,Ola Electric,EV,BS6,0.0,2,1,True,True,32.25806451612903,98.38709677419355
REG102330,06-12-2020,2020,Telangana,Warangal (TS-03),4W,SUV,Tata Motors,Petrol,BS6,800.0,5,4,False,True,45.16129032258064,90.32258064516128
REG102331,14-06-2021,2021,Rajasthan,Jodhpur (RJ-19),2W,Motorcycle,Royal Enfield,Petrol,BS6,250.0,2,3,False,True,42.857142857142854,95.23809523809523
REG102332,10-08-2021,2021,Punjab,Patiala (PB-11),4W,SUV,Skoda,EV,BS6,0.0,6,3,True,True,38.46153846153847,100.0
REG102333,09-01-2024,2024,Kerala,Thiruvananthapuram (KL-01),2W,Moped,TVS,Petrol,BS6,125.0,2,0,False,True,36.17021276595745,100.0
REG102334,01-11-2020,2020,Kerala,Kollam (KL-02),HCV,Bus,Ashok Leyland,Diesel,BS6,5660.0,32,4,False,True,37.5,87.5
REG102335,14-05-2024,2024,Tamil Nadu,Salem (TN-30),2W,Moped,Yamaha,EV,BS6,0.0,2,0,True,True,38.88888888888889,100.0
REG102336,26-06-2021,2021,Tamil Nadu,Salem (TN-30),2W,Scooter,Bajaj,Petrol,BS6,350.0,2,3,False,True,21.62162162162162,89.1891891891892
REG102337,12-03-2024,2024,Maharashtra,Mumbai Central (MH-01),2W,Motorcycle,Ola Electric,Petrol,BS6,400.0,2,0,False,True,45.714285714285715,100.0
REG102338,17-06-2023,2023,Kerala,Kozhikode (KL-11),2W,Motorcycle,Suzuki,Petrol,BS6,200.0,2,1,False,True,30.508474576271187,96.61016949152543
REG102339,30-03-2019,2019,Punjab,Chandigarh (CH-01),2W,Scooter,Honda,Petrol,BS4,150.0,2,5,False,False,52.63157894736842,15.789473684210526
REG102340,25-09-2019,2019,Maharashtra,Nagpur (MH-31),2W,Motorcycle,Hero,Petrol,BS4,125.0,2,5,False,False,36.84210526315789,5.263157894736842
REG102341,17-10-2024,2024,West Bengal,Kolkata (WB-01),2W,Moped,TVS,Petrol,BS6,250.0,2,0,False,True,27.027027027027028,100.0
REG102342,12-09-2023,2023,Karnataka,Hubli (KA-25),2W,Motorcycle,Royal Enfield,EV,BS6,0.0,2,1,True,True,37.17948717948718,99.14529914529915
REG102343,06-06-2021,2021,Uttar Pradesh,Agra (UP-80),2W,Moped,Royal Enfield,Petrol,BS6,125.0,2,3,False,True,30.76923076923077,94.87179487179486
REG102344,24-02-2023,2023,Tamil Nadu,Salem (TN-30),2W,Motorcycle,Royal Enfield,Petrol,BS6,150.0,2,1,False,True,41.509433962264154,96.22641509433963
REG102345,15-04-2023,2023,Karnataka,Hubli (KA-25),2W,Scooter,KTM,CNG,BS6,160.0,2,1,True,True,37.17948717948718,99.14529914529915
REG102346,01-10-2019,2019,West Bengal,Howrah (WB-13),2W,Scooter,Ather,Petrol,BS4,125.0,2,5,False,False,42.10526315789473,10.526315789473683
REG102347,19-08-2024,2024,Tamil Nadu,Madurai (TN-58),4W,Sedan,MG,EV,BS6,0.0,5,0,True,True,38.88888888888889,100.0
REG102348,15-11-2021,2021,Uttar Pradesh,Varanasi (UP-65),HCV,Tanker,Ashok Leyland,Diesel,BS6,6700.0,2,3,False,True,30.76923076923077,94.87179487179486
REG102349,06-12-2022,2022,Telangana,Karimnagar (TS-01),3W,E-Rickshaw,Atul Auto,CNG,BS6,225.0,3,2,True,True,37.5,97.91666666666666
REG102350,14-09-2023,2023,Maharashtra,Pune (MH-12),2W,Motorcycle,Suzuki,Petrol,BS6,150.0,2,1,False,True,32.72727272727273,98.18181818181819
REG102351,06-06-2024,2024,West Bengal,Durgapur (WB-40),OTH,Tractor,TAFE,Diesel,BS6,3760.0,1,0,False,True,27.027027027027028,100.0
REG102352,14-02-2024,2024,Kerala,Thrissur (KL-08),LCV,Pickup Van,Eicher,Diesel,BS6,3298.0,9,0,False,True,36.17021276595745,100.0
REG102353,09-01-2020,2020,Uttar Pradesh,Agra (UP-80),4W,SUV,Tata Motors,Diesel,BS6,1968.0,7,4,False,True,35.714285714285715,78.57142857142857
REG102354,09-10-2023,2023,Gujarat,Ahmedabad (GJ-01),4W,Hatchback,Skoda,Diesel,BS6,1000.0,5,1,False,True,36.84210526315789,100.0
REG102355,13-12-2021,2021,West Bengal,Howrah (WB-13),2W,Moped,Suzuki,Petrol,BS6,160.0,2,3,False,True,39.130434782608695,95.65217391304348
REG102356,22-05-2019,2019,Gujarat,Gandhinagar (GJ-18),LCV,Light Bus,Mahindra,EV,BS4,0.0,15,5,True,False,55.00000000000001,0.0
REG102357,04-04-2023,2023,Maharashtra,Nashik (MH-15),2W,Motorcycle,Yamaha,Petrol,BS6,110.0,2,1,False,True,32.72727272727273,98.18181818181819
REG102358,07-05-2023,2023,Tamil Nadu,Madurai (TN-58),2W,Moped,Royal Enfield,Petrol,BS6,100.0,2,1,False,True,41.509433962264154,96.22641509433963
REG102359,12-09-2018,2018,Karnataka,Mangalore (KA-19),2W,Moped,Ather,Petrol,BS4,125.0,2,6,False,False,40.74074074074074,0.0
REG102360,14-04-2019,2019,Karnataka,Belgaum (KA-22),2W,Motorcycle,Bajaj,Petrol,BS4,110.0,2,5,False,False,31.32530120481928,9.63855421686747
REG102361,07-01-2023,2023,Punjab,Jalandhar (PB-08),4W,Hatchback,Hyundai,Petrol,BS6,1462.0,5,1,False,True,33.33333333333333,100.0
REG102362,30-11-2019,2019,West Bengal,Kolkata (WB-01),2W,Moped,KTM,Hybrid,BS4,400.0,2,5,True,False,42.10526315789473,10.526315789473683
REG102363,17-12-2023,2023,Uttar Pradesh,Lucknow (UP-32),4W,Hatchback,Honda,Petrol,BS6,800.0,5,1,False,True,26.666666666666668,100.0
REG102364,17-11-2024,2024,Karnataka,Belgaum (KA-22),4W,MUV,Renault,Diesel,BS6,1000.0,5,0,False,True,41.29032258064516,100.0
REG102365,30-08-2023,2023,Delhi,Delhi North (DL-04),2W,Scooter,Ather,Petrol,BS6,125.0,2,1,False,True,36.666666666666664,98.33333333333333
REG102366,28-08-2018,2018,Telangana,Khammam (TS-07),4W,MUV,Renault,Hybrid,BS4,800.0,6,6,True,False,41.66666666666667,0.0
REG102367,26-02-2022,2022,West Bengal,Kolkata (WB-01),HCV,Truck,BharatBenz,Diesel,BS6,5660.0,2,2,False,True,35.714285714285715,98.21428571428571
REG102368,09-05-2022,2022,Tamil Nadu,Coimbatore (TN-37),LCV,Light Bus,Eicher,EV,BS6,0.0,12,2,True,True,48.148148148148145,96.29629629629629
REG102369,14-10-2022,2022,Karnataka,Belgaum (KA-22),2W,Scooter,Bajaj,Petrol,BS6,110.0,2,2,False,True,43.333333333333336,96.66666666666667
REG102370,14-09-2023,2023,Maharashtra,Pune (MH-12),4W,Hatchback,Renault,Diesel,BS6,800.0,5,1,False,True,32.72727272727273,98.18181818181819
REG102371,06-04-2019,2019,Tamil Nadu,Madurai (TN-58),4W,SUV,Mahindra,Hybrid,BS4,1197.0,5,5,True,False,31.818181818181817,9.090909090909092
REG102372,30-06-2023,2023,Uttar Pradesh,Allahabad (UP-70),2W,Scooter,Ola Electric,CNG,BS6,350.0,2,1,True,True,26.666666666666668,100.0
REG102373,03-02-2023,2023,Gujarat,Rajkot (GJ-03),4W,Hatchback,Honda,Diesel,BS6,1968.0,5,1,False,True,36.84210526315789,100.0
REG102374,01-03-2021,2021,Delhi,Delhi South (DL-09),LCV,Pickup Van,Mahindra,Diesel,BS6,2956.0,9,3,False,True,44.11764705882353,94.11764705882352
REG102375,28-11-2020,2020,Tamil Nadu,Salem (TN-30),2W,Scooter,Hero,Petrol,BS6,400.0,2,4,False,True,34.285714285714285,85.71428571428571
REG102376,23-10-2022,2022,Gujarat,Surat (GJ-05),2W,Motorcycle,Honda,EV,BS6,0.0,2,2,True,True,50.0,95.65217391304348
REG102377,24-02-2018,2018,Gujarat,Gandhinagar (GJ-18),LCV,Light Bus,Tata Motors,Diesel,BS4,2956.0,15,6,False,False,41.66666666666667,0.0
REG102378,13-07-2019,2019,Karnataka,Bangalore Central (KA-01),2W,Motorcycle,Hero,Petrol,BS4,350.0,2,5,False,False,31.32530120481928,9.63855421686747
REG102379,29-04-2023,2023,Kerala,Kozhikode (KL-11),4W,MUV,Kia,Diesel,BS6,1598.0,6,1,False,True,30.508474576271187,96.61016949152543
REG102380,22-05-2023,2023,Gujarat,Gandhinagar (GJ-18),2W,Motorcycle,Yamaha,Petrol,BS6,350.0,2,1,False,True,36.84210526315789,100.0
REG102381,06-08-2023,2023,Uttar Pradesh,Agra (UP-80),4W,Sedan,MG,Diesel,BS6,1000.0,5,1,False,True,26.666666666666668,100.0
REG102382,18-08-2022,2022,West Bengal,Howrah (WB-13),4W,SUV,Hyundai,Petrol,BS6,2179.0,7,2,False,True,35.714285714285715,98.21428571428571
REG102383,05-07-2022,2022,Karnataka,Mysore (KA-09),2W,Scooter,Ola Electric,EV,BS6,0.0,2,2,True,True,43.333333333333336,96.66666666666667
REG102384,25-08-2023,2023,Tamil Nadu,Salem (TN-30),LCV,Light Bus,Tata Motors,EV,BS6,0.0,9,1,True,True,41.509433962264154,96.22641509433963
REG102385,24-05-2023,2023,Kerala,Thrissur (KL-08),2W,Scooter,Royal Enfield,EV,BS6,0.0,2,1,True,True,30.508474576271187,96.61016949152543
REG102386,15-04-2019,2019,West Bengal,Siliguri (WB-73),2W,Scooter,Honda,EV,BS4,0.0,2,5,True,False,42.10526315789473,10.526315789473683
REG102387,25-11-2023,2023,Telangana,Karimnagar (TS-01),2W,Scooter,Royal Enfield,Hybrid,BS6,150.0,2,1,True,True,32.25806451612903,98.38709677419355
REG102388,09-01-2024,2024,West Bengal,Kolkata (WB-01),2W,Scooter,Yamaha,Petrol,BS6,125.0,2,0,False,True,27.027027027027028,100.0
REG102389,03-04-2023,2023,West Bengal,Durgapur (WB-40),4W,SUV,Renault,Diesel,BS6,1968.0,5,1,False,True,45.0,97.5
REG102390,19-08-2022,2022,Tamil Nadu,Trichy (TN-45),2W,Scooter,Suzuki,CNG,BS6,125.0,2,2,True,True,48.148148148148145,96.29629629629629
REG102391,06-01-2022,2022,Telangana,Khammam (TS-07),LCV,Mini Truck,Force Motors,Diesel,BS6,2956.0,9,2,False,True,37.5,97.91666666666666
REG102392,24-07-2020,2020,Uttar Pradesh,Kanpur (UP-78),2W,Motorcycle,Bajaj,Petrol,BS6,350.0,2,4,False,True,35.714285714285715,78.57142857142857
REG102393,01-09-2022,2022,Uttar Pradesh,Kanpur (UP-78),2W,Motorcycle,Bajaj,EV,BS6,0.0,2,2,True,True,42.592592592592595,96.29629629629629
REG102394,21-07-2022,2022,Maharashtra,Nashik (MH-15),LCV,Light Bus,Tata Motors,Diesel,BS6,2956.0,9,2,False,True,41.86046511627907,97.67441860465115
REG102395,18-12-2021,2021,Maharashtra,Nagpur (MH-31),4W,Sedan,Kia,Petrol,BS6,1462.0,5,3,False,True,44.73684210526316,100.0
REG102396,11-05-2024,2024,West Bengal,Howrah (WB-13),4W,Hatchback,Toyota,CNG,BS6,800.0,5,0,True,True,27.027027027027028,100.0
REG102397,13-09-2022,2022,Delhi,Delhi West (DL-08),2W,Motorcycle,KTM,EV,BS6,0.0,2,2,True,True,28.57142857142857,100.0
REG102398,26-09-2024,2024,Rajasthan,Kota (RJ-20),2W,Motorcycle,Ola Electric,CNG,BS6,160.0,2,0,True,True,41.02564102564102,100.0
REG102399,03-04-2022,2022,Tamil Nadu,Coimbatore (TN-37),3W,E-Rickshaw,Kinetic Green,CNG,BS6,200.0,3,2,True,True,48.148148148148145,96.29629629629629
REG102400,26-08-2019,2019,Tamil Nadu,Coimbatore (TN-37),HCV,Bus,BharatBenz,Diesel,BS4,5660.0,45,5,False,False,31.818181818181817,9.090909090909092
REG102401,30-05-2020,2020,Uttar Pradesh,Allahabad (UP-70),2W,Scooter,Honda,Petrol,BS4,125.0,2,4,False,False,35.714285714285715,78.57142857142857
REG102402,30-04-2021,2021,Punjab,Patiala (PB-11),2W,Scooter,Royal Enfield,EV,BS6,0.0,2,3,True,True,38.46153846153847,100.0
REG102403,05-04-2020,2020,Rajasthan,Jodhpur (RJ-19),HCV,Tanker,Eicher,Diesel,BS6,3760.0,2,4,False,True,52.0,84.0
REG102404,05-04-2019,2019,Kerala,Thrissur (KL-08),OTH,Road Roller,Escorts,Diesel,BS4,6700.0,2,5,False,False,39.130434782608695,4.3478260869565215
REG102405,10-01-2022,2022,West Bengal,Kolkata (WB-01),2W,Moped,Hero,Petrol,BS6,150.0,2,2,False,True,35.714285714285715,98.21428571428571
REG102406,30-05-2023,2023,Karnataka,Mangalore (KA-19),HCV,Tanker,Tata Motors,Diesel,BS6,4998.0,2,1,False,True,37.17948717948718,99.14529914529915
REG102407,22-10-2024,2024,Delhi,Delhi East (DL-02),2W,Scooter,TVS,Petrol,BS6,150.0,2,0,False,True,41.02564102564102,100.0
REG102408,03-01-2024,2024,Karnataka,Mangalore (KA-19),2W,Scooter,KTM,EV,BS6,0.0,2,0,True,True,41.29032258064516,100.0
REG102409,12-11-2019,2019,Delhi,Delhi South (DL-09),2W,Scooter,Yamaha,Petrol,BS4,160.0,2,5,False,False,17.647058823529413,11.76470588235294
REG102410,25-08-2022,2022,Telangana,Nizamabad (TS-05),2W,Moped,Bajaj,CNG,BS6,125.0,2,2,True,True,37.5,97.91666666666666
REG102411,24-04-2019,2019,West Bengal,Howrah (WB-13),4W,Hatchback,Tata Motors,CNG,BS4,1598.0,5,5,True,False,42.10526315789473,10.526315789473683
REG102412,22-07-2023,2023,Gujarat,Gandhinagar (GJ-18),4W,Hatchback,Tata Motors,Diesel,BS6,1598.0,5,1,False,True,36.84210526315789,100.0
REG102413,16-11-2022,2022,West Bengal,Howrah (WB-13),4W,SUV,Toyota,Petrol,BS6,1598.0,5,2,False,True,35.714285714285715,98.21428571428571
REG102414,11-09-2023,2023,West Bengal,Kolkata (WB-01),3W,Tempo,Mahindra,CNG,BS6,250.0,6,1,True,True,45.0,97.5
REG102415,31-10-2024,2024,Maharashtra,Pune (MH-12),2W,Motorcycle,Honda,EV,BS6,0.0,2,0,True,True,45.714285714285715,100.0
REG102416,13-05-2022,2022,Tamil Nadu,Coimbatore (TN-37),4W,SUV,Kia,Petrol,BS6,1498.0,5,2,False,True,48.148148148148145,96.29629629629629
REG102417,04-01-2020,2020,Punjab,Ludhiana (PB-10),2W,Motorcycle,Yamaha,Petrol,BS6,125.0,2,4,False,True,29.03225806451613,87.09677419354838
REG102418,31-01-2023,2023,Delhi,Delhi West (DL-08),2W,Motorcycle,Yamaha,EV,BS6,0.0,2,1,True,True,36.666666666666664,98.33333333333333
REG102419,26-04-2023,2023,Punjab,Ludhiana (PB-10),OTH,Crane,John Deere,Petrol,BS6,6700.0,1,1,False,True,33.33333333333333,100.0
REG102420,05-05-2020,2020,Telangana,Khammam (TS-07),4W,SUV,Mahindra,CNG,BS4,1462.0,6,4,True,False,45.16129032258064,90.32258064516128
REG102421,14-01-2019,2019,Gujarat,Surat (GJ-05),2W,Motorcycle,Ola Electric,Petrol,BS4,200.0,2,5,False,False,55.00000000000001,0.0
REG102422,19-05-2023,2023,Punjab,Patiala (PB-11),OTH,Tractor,Mahindra,Diesel,BS6,3760.0,2,1,False,True,33.33333333333333,100.0
REG102423,04-11-2021,2021,Punjab,Chandigarh (CH-01),2W,Scooter,Ola Electric,Petrol,BS6,160.0,2,3,False,True,38.46153846153847,100.0
REG102424,23-08-2020,2020,Tamil Nadu,Chennai Central (TN-01),2W,Motorcycle,KTM,Petrol,BS6,160.0,2,4,False,True,34.285714285714285,85.71428571428571
REG102425,17-05-2020,2020,Punjab,Amritsar (PB-02),2W,Motorcycle,Hero,Petrol,BS4,110.0,2,4,False,False,29.03225806451613,87.09677419354838
REG102426,22-07-2022,2022,Punjab,Ludhiana (PB-10),LCV,Pickup Van,Eicher,Diesel,BS6,2956.0,9,2,False,True,39.21568627450981,98.0392156862745
REG102427,21-05-2021,2021,Kerala,Kochi (KL-07),2W,Scooter,Bajaj,CNG,BS6,350.0,2,3,True,True,37.254901960784316,94.11764705882352
REG102428,26-12-2019,2019,Rajasthan,Jodhpur (RJ-19),4W,MUV,Kia,Diesel,BS4,800.0,8,5,False,False,23.809523809523807,14.285714285714285
REG102429,04-12-2022,2022,Karnataka,Mangalore (KA-19),4W,Sedan,Maruti Suzuki,Petrol,BS6,1462.0,5,2,False,True,43.333333333333336,96.66666666666667
REG102430,20-12-2019,2019,Rajasthan,Jodhpur (RJ-19),2W,Motorcycle,TVS,CNG,BS4,150.0,2,5,True,False,23.809523809523807,14.285714285714285
REG102431,21-02-2023,2023,Rajasthan,Kota (RJ-20),2W,Motorcycle,Royal Enfield,Petrol,BS6,150.0,2,1,False,True,32.83582089552239,100.0
REG102432,29-10-2024,2024,Madhya Pradesh,Bhopal (MP-04),2W,Moped,Hero,EV,BS6,0.0,2,0,True,True,48.837209302325576,100.0
REG102433,09-03-2023,2023,Madhya Pradesh,Indore (MP-09),2W,Moped,TVS,Petrol,BS6,125.0,2,1,False,True,36.36363636363637,96.36363636363636
REG102434,29-10-2024,2024,Karnataka,Belgaum (KA-22),4W,SUV,Toyota,EV,BS6,0.0,5,0,True,True,41.29032258064516,100.0
REG102435,12-04-2023,2023,Gujarat,Gandhinagar (GJ-18),3W,Auto Rickshaw,Mahindra,Diesel,BS6,225.0,3,1,False,True,36.84210526315789,100.0
REG102436,30-01-2021,2021,Tamil Nadu,Trichy (TN-45),4W,MUV,Toyota,Petrol,BS6,1197.0,7,3,False,True,21.62162162162162,89.1891891891892
REG102437,21-11-2024,2024,West Bengal,Asansol (WB-39),4W,MUV,Kia,Petrol,BS6,1462.0,7,0,False,True,27.027027027027028,100.0
REG102438,11-03-2022,2022,Kerala,Kollam (KL-02),4W,Sedan,Toyota,EV,BS6,0.0,5,2,True,True,32.608695652173914,100.0
REG102439,05-07-2022,2022,Maharashtra,Aurangabad (MH-20),2W,Scooter,TVS,EV,BS6,0.0,2,2,True,True,41.86046511627907,97.67441860465115
REG102440,29-03-2020,2020,Delhi,Delhi West (DL-08),4W,Hatchback,Skoda,Diesel,BS6,1197.0,5,4,False,True,38.23529411764706,85.29411764705883
REG102441,17-08-2023,2023,Maharashtra,Mumbai Central (MH-01),4W,SUV,Honda,Petrol,BS6,1197.0,8,1,False,True,32.72727272727273,98.18181818181819
REG102442,24-03-2024,2024,Delhi,Delhi South (DL-09),4W,Sedan,Maruti Suzuki,Petrol,BS6,1462.0,5,0,False,True,41.02564102564102,100.0
REG102443,26-12-2023,2023,Karnataka,Hubli (KA-25),4W,Sedan,Skoda,Petrol,BS6,1968.0,5,1,False,True,37.17948717948718,99.14529914529915
REG102444,27-01-2021,2021,Tamil Nadu,Salem (TN-30),2W,Scooter,Suzuki,Petrol,BS6,160.0,2,3,False,True,21.62162162162162,89.1891891891892
REG102445,29-04-2023,2023,Rajasthan,Udaipur (RJ-27),2W,Motorcycle,KTM,Petrol,BS6,150.0,2,1,False,True,32.83582089552239,100.0
REG102446,12-04-2020,2020,Karnataka,Bangalore Central (KA-01),4W,Hatchback,Skoda,Petrol,BS4,1498.0,5,4,False,False,37.5,83.33333333333334
REG102447,14-07-2024,2024,Tamil Nadu,Coimbatore (TN-37),2W,Scooter,Honda,Petrol,BS6,100.0,2,0,False,True,38.88888888888889,100.0
REG102448,20-01-2022,2022,Kerala,Thiruvananthapuram (KL-01),2W,Motorcycle,Ather,Petrol,BS6,200.0,2,2,False,True,32.608695652173914,100.0
REG102449,08-03-2022,2022,Uttar Pradesh,Agra (UP-80),2W,Moped,Suzuki,Petrol,BS6,250.0,2,2,False,True,42.592592592592595,96.29629629629629
REG102450,26-08-2022,2022,Gujarat,Surat (GJ-05),4W,SUV,Maruti Suzuki,Petrol,BS6,1197.0,6,2,False,True,50.0,95.65217391304348
REG102451,12-04-2023,2023,Gujarat,Rajkot (GJ-03),2W,Scooter,TVS,Petrol,BS6,250.0,2,1,False,True,36.84210526315789,100.0
REG102452,03-06-2019,2019,Karnataka,Bangalore Central (KA-01),4W,SUV,Kia,EV,BS4,0.0,6,5,True,False,31.32530120481928,9.63855421686747
REG102453,23-08-2024,2024,Kerala,Thiruvananthapuram (KL-01),2W,Scooter,Royal Enfield,Petrol,BS6,125.0,2,0,False,True,36.17021276595745,100.0
REG102454,17-01-2022,2022,West Bengal,Siliguri (WB-73),4W,MUV,Renault,Diesel,BS6,1968.0,6,2,False,True,35.714285714285715,98.21428571428571
REG102455,30-08-2024,2024,Gujarat,Gandhinagar (GJ-18),2W,Moped,Hero,Petrol,BS6,200.0,2,0,False,True,35.294117647058826,100.0
REG102456,14-11-2023,2023,Rajasthan,Jaipur (RJ-14),3W,E-Rickshaw,Bajaj,CNG,BS6,225.0,3,1,True,True,32.83582089552239,100.0
REG102457,16-05-2020,2020,Gujarat,Surat (GJ-05),2W,Motorcycle,Royal Enfield,EV,BS6,0.0,2,4,True,True,33.33333333333333,81.81818181818183
REG102458,14-09-2023,2023,Karnataka,Mangalore (KA-19),2W,Scooter,Yamaha,Petrol,BS6,250.0,2,1,False,True,37.17948717948718,99.14529914529915
REG102459,01-10-2024,2024,Punjab,Amritsar (PB-02),2W,Motorcycle,TVS,Petrol,BS6,200.0,2,0,False,True,31.25,100.0
REG102460,19-12-2022,2022,Kerala,Kochi (KL-07),2W,Motorcycle,Suzuki,EV,BS6,0.0,2,2,True,True,32.608695652173914,100.0
REG102461,02-01-2019,2019,Tamil Nadu,Coimbatore (TN-37),3W,Tempo,Kinetic Green,CNG,BS4,250.0,3,5,True,False,31.818181818181817,9.090909090909092
REG102462,16-02-2024,2024,Telangana,Nizamabad (TS-05),4W,SUV,MG,Hybrid,BS6,1968.0,7,0,True,True,25.71428571428571,100.0
REG102463,01-10-2023,2023,Delhi,Delhi West (DL-08),4W,Hatchback,Maruti Suzuki,CNG,BS6,1000.0,5,1,True,True,36.666666666666664,98.33333333333333
REG102464,22-08-2019,2019,Madhya Pradesh,Jabalpur (MP-20),2W,Scooter,Suzuki,CNG,BS4,400.0,2,5,True,False,44.44444444444444,7.4074074074074066
REG102465,05-10-2023,2023,Telangana,Nizamabad (TS-05),2W,Scooter,Hero,Petrol,BS6,350.0,2,1,False,True,32.25806451612903,98.38709677419355
REG102466,30-04-2019,2019,Madhya Pradesh,Gwalior (MP-07),LCV,Pickup Van,Force Motors,Diesel,BS4,2956.0,9,5,False,False,44.44444444444444,7.4074074074074066
REG102467,08-11-2023,2023,Karnataka,Hubli (KA-25),4W,Hatchback,Renault,Diesel,BS6,800.0,5,1,False,True,37.17948717948718,99.14529914529915
REG102468,21-09-2024,2024,Tamil Nadu,Salem (TN-30),3W,Tempo,Piaggio,EV,BS6,0.0,6,0,True,True,38.88888888888889,100.0
REG102469,29-07-2024,2024,Maharashtra,Nashik (MH-15),4W,MUV,Maruti Suzuki,Petrol,BS6,1968.0,5,0,False,True,45.714285714285715,100.0
REG102470,17-09-2024,2024,Rajasthan,Jaipur (RJ-14),2W,Motorcycle,KTM,Petrol,BS6,150.0,2,0,False,True,41.02564102564102,100.0
REG102471,29-08-2020,2020,Delhi,Delhi Central (DL-01),2W,Moped,KTM,CNG,BS6,110.0,2,4,True,True,38.23529411764706,85.29411764705883
REG102472,21-10-2024,2024,Telangana,Warangal (TS-03),2W,Motorcycle,Suzuki,Petrol,BS6,160.0,2,0,False,True,25.71428571428571,100.0
REG102473,18-06-2023,2023,Karnataka,Belgaum (KA-22),2W,Moped,KTM,EV,BS6,0.0,2,1,True,True,37.17948717948718,99.14529914529915
REG102474,01-08-2023,2023,Telangana,Nizamabad (TS-05),4W,Hatchback,Honda,Diesel,BS6,1462.0,5,1,False,True,32.25806451612903,98.38709677419355
REG102475,23-11-2023,2023,Madhya Pradesh,Indore (MP-09),4W,MUV,Honda,Petrol,BS6,1598.0,5,1,False,True,36.36363636363637,96.36363636363636
REG102476,28-11-2022,2022,Madhya Pradesh,Gwalior (MP-07),4W,Sedan,Hyundai,EV,BS6,0.0,5,2,True,True,39.53488372093023,100.0
REG102477,06-04-2021,2021,Kerala,Thiruvananthapuram (KL-01),4W,MUV,MG,Petrol,BS6,800.0,5,3,False,True,37.254901960784316,94.11764705882352
REG102478,24-10-2024,2024,Uttar Pradesh,Kanpur (UP-78),4W,Hatchback,MG,Petrol,BS6,1197.0,5,0,False,True,27.77777777777778,100.0
REG102479,26-12-2022,2022,Madhya Pradesh,Ujjain (MP-13),4W,Sedan,MG,Petrol,BS6,1598.0,5,2,False,True,39.53488372093023,100.0
REG102480,09-11-2022,2022,Delhi,Delhi North (DL-04),2W,Moped,Hero,EV,BS6,0.0,2,2,True,True,28.57142857142857,100.0
REG102481,02-10-2023,2023,Tamil Nadu,Salem (TN-30),4W,Sedan,Maruti Suzuki,Petrol,BS6,1462.0,5,1,False,True,41.509433962264154,96.22641509433963
REG102482,27-02-2022,2022,Madhya Pradesh,Indore (MP-09),HCV,Trailer,MAN,Diesel,BS6,5660.0,2,2,False,True,39.53488372093023,100.0
REG102483,12-11-2022,2022,Punjab,Patiala (PB-11),OTH,Crane,Mahindra,Diesel,BS6,5660.0,1,2,False,True,39.21568627450981,98.0392156862745
REG102484,28-04-2020,2020,West Bengal,Howrah (WB-13),2W,Scooter,Ola Electric,EV,BS6,0.0,2,4,True,True,30.76923076923077,88.46153846153845
REG102485,13-12-2020,2020,Telangana,Nizamabad (TS-05),4W,Sedan,Maruti Suzuki,EV,BS4,0.0,5,4,True,False,45.16129032258064,90.32258064516128
REG102486,25-11-2021,2021,Kerala,Kollam (KL-02),2W,Scooter,Ather,Petrol,BS6,160.0,2,3,False,True,37.254901960784316,94.11764705882352
REG102487,27-01-2024,2024,Madhya Pradesh,Indore (MP-09),4W,SUV,Renault,CNG,BS6,1000.0,8,0,True,True,48.837209302325576,100.0
REG102488,01-01-2022,2022,Madhya Pradesh,Gwalior (MP-07),LCV,Light Bus,Mahindra,CNG,BS6,2956.0,12,2,True,True,39.53488372093023,100.0
REG102489,17-08-2023,2023,Maharashtra,Mumbai Central (MH-01),3W,Tempo,Piaggio,Diesel,BS6,200.0,3,1,False,True,32.72727272727273,98.18181818181819
REG102490,20-08-2024,2024,Maharashtra,Aurangabad (MH-20),4W,Hatchback,Renault,EV,BS6,0.0,5,0,True,True,45.714285714285715,100.0
REG102491,01-06-2023,2023,Tamil Nadu,Trichy (TN-45),2W,Scooter,Ather,Petrol,BS6,160.0,2,1,False,True,41.509433962264154,96.22641509433963
REG102492,03-12-2020,2020,Telangana,Nizamabad (TS-05),4W,Hatchback,Maruti Suzuki,Diesel,BS6,1598.0,5,4,False,True,45.16129032258064,90.32258064516128
REG102493,31-10-2022,2022,Madhya Pradesh,Jabalpur (MP-20),4W,Hatchback,Hyundai,Diesel,BS6,1000.0,5,2,False,True,39.53488372093023,100.0
REG102494,29-09-2018,2018,Karnataka,Mysore (KA-09),4W,MUV,Honda,Petrol,BS4,1197.0,5,6,False,False,40.74074074074074,0.0
REG102495,23-05-2020,2020,Delhi,Delhi South (DL-09),2W,Motorcycle,TVS,Petrol,BS6,160.0,2,4,False,True,38.23529411764706,85.29411764705883
REG102496,14-12-2020,2020,Delhi,Delhi West (DL-08),4W,MUV,Tata Motors,EV,BS6,0.0,5,4,True,True,38.23529411764706,85.29411764705883
REG102497,01-06-2024,2024,Karnataka,Mysore (KA-09),2W,Moped,Royal Enfield,EV,BS6,0.0,2,0,True,True,41.29032258064516,100.0
REG102498,25-04-2019,2019,Madhya Pradesh,Gwalior (MP-07),2W,Moped,Hero,EV,BS4,0.0,2,5,True,False,44.44444444444444,7.4074074074074066
REG102499,31-01-2022,2022,Rajasthan,Jodhpur (RJ-19),2W,Moped,Royal Enfield,EV,BS6,0.0,2,2,True,True,30.0,100.0
REG102500,04-05-2024,2024,Punjab,Jalandhar (PB-08),4W,MUV,Maruti Suzuki,Petrol,BS6,1968.0,7,0,False,True,31.25,100.0
REG102501,14-09-2023,2023,Tamil Nadu,Madurai (TN-58),2W,Scooter,Bajaj,CNG,BS6,110.0,2,1,True,True,41.509433962264154,96.22641509433963
REG102502,24-07-2018,2018,Kerala,Kollam (KL-02),4W,SUV,Kia,EV,BS4,0.0,6,6,True,False,36.36363636363637,0.0
REG102503,21-05-2020,2020,Karnataka,Hubli (KA-25),LCV,Light Bus,Force Motors,Diesel,BS6,2956.0,12,4,False,True,37.5,83.33333333333334
REG102504,06-11-2021,2021,Tamil Nadu,Coimbatore (TN-37),HCV,Bus,BharatBenz,Diesel,BS6,5660.0,52,3,False,True,21.62162162162162,89.1891891891892
REG102505,08-12-2021,2021,Uttar Pradesh,Agra (UP-80),4W,Sedan,Toyota,CNG,BS6,1197.0,5,3,True,True,30.76923076923077,94.87179487179486
REG102506,30-07-2021,2021,Kerala,Thiruvananthapuram (KL-01),HCV,Bus,Eicher,Diesel,BS6,5660.0,52,3,False,True,37.254901960784316,94.11764705882352
REG102507,25-10-2024,2024,Tamil Nadu,Chennai Central (TN-01),2W,Scooter,Honda,EV,BS6,0.0,2,0,True,True,38.88888888888889,100.0
REG102508,02-12-2024,2024,Tamil Nadu,Coimbatore (TN-37),LCV,Pickup Van,Eicher,CNG,BS6,2956.0,9,0,True,True,38.88888888888889,100.0
REG102509,02-09-2023,2023,Kerala,Kollam (KL-02),4W,Sedan,Mahindra,Diesel,BS6,1968.0,5,1,False,True,30.508474576271187,96.61016949152543
REG102510,04-03-2022,2022,Kerala,Thrissur (KL-08),3W,Auto Rickshaw,TVS,Petrol,BS6,225.0,6,2,False,True,32.608695652173914,100.0
REG102511,05-11-2019,2019,Telangana,Warangal (TS-03),2W,Scooter,Ola Electric,Petrol,BS4,400.0,2,5,False,False,26.666666666666668,6.666666666666667
REG102512,06-01-2024,2024,Kerala,Kochi (KL-07),OTH,Road Roller,Mahindra,Diesel,BS6,3760.0,1,0,False,True,36.17021276595745,100.0
REG102513,04-02-2020,2020,Karnataka,Hubli (KA-25),2W,Moped,KTM,Petrol,BS6,160.0,2,4,False,True,37.5,83.33333333333334
REG102514,09-01-2020,2020,Kerala,Kochi (KL-07),LCV,Pickup Van,Eicher,Diesel,BS6,2956.0,9,4,False,True,37.5,87.5
REG102515,10-11-2019,2019,Punjab,Jalandhar (PB-08),2W,Moped,Ather,EV,BS4,0.0,2,5,True,False,52.63157894736842,15.789473684210526
REG102516,24-12-2023,2023,Uttar Pradesh,Agra (UP-80),LCV,Pickup Van,Ashok Leyland,Diesel,BS6,2956.0,9,1,False,True,26.666666666666668,100.0
REG102517,28-04-2020,2020,Maharashtra,Nagpur (MH-31),4W,Sedan,Maruti Suzuki,Diesel,BS6,800.0,5,4,False,True,34.61538461538461,84.61538461538461
REG102518,25-07-2022,2022,Uttar Pradesh,Varanasi (UP-65),4W,Hatchback,Skoda,Petrol,BS6,1197.0,5,2,False,True,42.592592592592595,96.29629629629629
REG102519,06-05-2022,2022,Madhya Pradesh,Gwalior (MP-07),2W,Motorcycle,Hero,Petrol,BS6,100.0,2,2,False,True,39.53488372093023,100.0
REG102520,20-03-2022,2022,West Bengal,Asansol (WB-39),2W,Motorcycle,Ather,EV,BS6,0.0,2,2,True,True,35.714285714285715,98.21428571428571
REG102521,12-06-2019,2019,Maharashtra,Nagpur (MH-31),2W,Scooter,KTM,Petrol,BS4,150.0,2,5,False,False,36.84210526315789,5.263157894736842
REG102522,12-09-2019,2019,Karnataka,Mysore (KA-09),3W,Tempo,TVS,Diesel,BS4,225.0,6,5,False,False,31.32530120481928,9.63855421686747
REG102523,22-10-2021,2021,Delhi,Delhi East (DL-02),2W,Scooter,Hero,Petrol,BS4,125.0,2,3,False,False,44.11764705882353,94.11764705882352
REG102524,18-04-2022,2022,Maharashtra,Pune (MH-12),4W,Hatchback,Skoda,Petrol,BS6,2179.0,5,2,False,True,41.86046511627907,97.67441860465115
REG102525,08-10-2024,2024,Delhi,Delhi West (DL-08),4W,SUV,Kia,Petrol,BS6,800.0,7,0,False,True,41.02564102564102,100.0
REG102526,25-04-2024,2024,West Bengal,Siliguri (WB-73),2W,Moped,Ather,Petrol,BS6,200.0,2,0,False,True,27.027027027027028,100.0
REG102527,08-11-2019,2019,Karnataka,Bangalore Central (KA-01),4W,MUV,Honda,Diesel,BS6,1000.0,8,5,False,True,31.32530120481928,9.63855421686747
REG102528,04-09-2024,2024,Madhya Pradesh,Bhopal (MP-04),OTH,Road Roller,Escorts,Petrol,BS6,4998.0,2,0,False,True,48.837209302325576,100.0
REG102529,19-01-2020,2020,Telangana,Khammam (TS-07),2W,Scooter,Yamaha,Petrol,BS6,160.0,2,4,False,True,45.16129032258064,90.32258064516128
REG102530,18-02-2022,2022,Karnataka,Belgaum (KA-22),4W,Hatchback,Toyota,Diesel,BS6,1598.0,5,2,False,True,43.333333333333336,96.66666666666667
REG102531,23-07-2022,2022,Gujarat,Vadodara (GJ-06),4W,MUV,Toyota,Petrol,BS6,800.0,8,2,False,True,50.0,95.65217391304348
REG102532,08-06-2024,2024,West Bengal,Kolkata (WB-01),2W,Motorcycle,Ola Electric,Petrol,BS6,200.0,2,0,False,True,27.027027027027028,100.0
REG102533,06-10-2024,2024,Gujarat,Ahmedabad (GJ-01),4W,Hatchback,Mahindra,CNG,BS6,1197.0,5,0,True,True,35.294117647058826,100.0
REG102534,21-01-2021,2021,Karnataka,Belgaum (KA-22),2W,Motorcycle,Ola Electric,Petrol,BS6,150.0,2,3,False,True,32.88590604026846,94.63087248322147
REG102535,11-01-2023,2023,Telangana,Nizamabad (TS-05),HCV,Tanker,MAN,Diesel,BS6,6700.0,2,1,False,True,32.25806451612903,98.38709677419355
REG102536,15-07-2023,2023,Telangana,Hyderabad (TS-09),2W,Scooter,TVS,EV,BS6,0.0,2,1,True,True,32.25806451612903,98.38709677419355
REG102537,01-08-2020,2020,Kerala,Thrissur (KL-08),4W,Sedan,Mahindra,Hybrid,BS4,1197.0,5,4,True,False,37.5,87.5
REG102538,16-09-2024,2024,Maharashtra,Pune (MH-12),4W,MUV,Kia,Petrol,BS6,800.0,8,0,False,True,45.714285714285715,100.0
REG102539,01-11-2024,2024,West Bengal,Kolkata (WB-01),3W,Tempo,Atul Auto,Diesel,BS6,225.0,3,0,False,True,27.027027027027028,100.0
REG102540,25-05-2023,2023,Madhya Pradesh,Bhopal (MP-04),4W,Hatchback,Renault,Hybrid,BS6,1462.0,5,1,True,True,36.36363636363637,96.36363636363636
REG102541,03-10-2019,2019,Karnataka,Mysore (KA-09),4W,Sedan,Honda,Diesel,BS4,1498.0,5,5,False,False,31.32530120481928,9.63855421686747
REG102542,01-11-2023,2023,Telangana,Hyderabad (TS-09),2W,Scooter,Bajaj,Petrol,BS6,250.0,2,1,False,True,32.25806451612903,98.38709677419355
REG102543,04-11-2018,2018,Maharashtra,Nagpur (MH-31),OTH,Road Roller,TAFE,Diesel,BS4,6700.0,1,6,False,False,44.44444444444444,0.0
REG102544,24-12-2021,2021,West Bengal,Siliguri (WB-73),HCV,Trailer,MAN,Diesel,BS6,3760.0,2,3,False,True,39.130434782608695,95.65217391304348
REG102545,19-07-2023,2023,Madhya Pradesh,Indore (MP-09),HCV,Bus,Tata Motors,Diesel,BS6,3760.0,52,1,False,True,36.36363636363637,96.36363636363636
REG102546,09-03-2023,2023,Punjab,Amritsar (PB-02),4W,SUV,Honda,Diesel,BS6,1968.0,6,1,False,True,33.33333333333333,100.0
REG102547,11-03-2020,2020,Delhi,Delhi West (DL-08),4W,MUV,Maruti Suzuki,Diesel,BS6,1968.0,5,4,False,True,38.23529411764706,85.29411764705883
REG102548,04-01-2023,2023,Kerala,Kollam (KL-02),2W,Motorcycle,Yamaha,EV,BS6,0.0,2,1,True,True,30.508474576271187,96.61016949152543
REG102549,21-07-2020,2020,Uttar Pradesh,Allahabad (UP-70),2W,Scooter,Hero,Petrol,BS6,150.0,2,4,False,True,35.714285714285715,78.57142857142857
REG102550,08-08-2019,2019,Uttar Pradesh,Lucknow (UP-32),2W,Motorcycle,Ather,EV,BS4,0.0,2,5,True,False,27.27272727272727,0.0
REG102551,02-03-2022,2022,Maharashtra,Aurangabad (MH-20),4W,Hatchback,Maruti Suzuki,Petrol,BS6,1197.0,5,2,False,True,41.86046511627907,97.67441860465115
REG102552,23-06-2018,2018,Kerala,Kochi (KL-07),4W,Sedan,Toyota,Petrol,BS4,1197.0,5,6,False,False,36.36363636363637,0.0
REG102553,20-07-2022,2022,West Bengal,Durgapur (WB-40),4W,SUV,Mahindra,Petrol,BS6,800.0,5,2,False,True,35.714285714285715,98.21428571428571
REG102554,31-05-2024,2024,Punjab,Patiala (PB-11),2W,Motorcycle,KTM,Petrol,BS6,200.0,2,0,False,True,31.25,100.0
REG102555,13-10-2021,2021,Gujarat,Vadodara (GJ-06),OTH,Road Roller,TAFE,Diesel,BS4,5329.0,2,3,False,False,50.0,95.0
REG102556,19-11-2019,2019,Kerala,Kozhikode (KL-11),HCV,Bus,Eicher,Diesel,BS4,5660.0,32,5,False,False,39.130434782608695,4.3478260869565215
REG102557,18-06-2020,2020,Kerala,Kollam (KL-02),4W,SUV,Toyota,Diesel,BS6,1968.0,8,4,False,True,37.5,87.5
REG102558,27-01-2022,2022,Tamil Nadu,Coimbatore (TN-37),4W,SUV,Tata Motors,Petrol,BS6,1598.0,8,2,False,True,48.148148148148145,96.29629629629629
REG102559,04-10-2024,2024,Uttar Pradesh,Lucknow (UP-32),2W,Scooter,Honda,Petrol,BS6,250.0,2,0,False,True,27.77777777777778,100.0
REG102560,09-01-2022,2022,Maharashtra,Nashik (MH-15),2W,Scooter,TVS,Hybrid,BS6,125.0,2,2,True,True,41.86046511627907,97.67441860465115
REG102561,11-07-2021,2021,Delhi,Delhi West (DL-08),4W,Hatchback,Toyota,Diesel,BS6,1462.0,5,3,False,True,44.11764705882353,94.11764705882352
REG102562,11-06-2022,2022,Karnataka,Mangalore (KA-19),2W,Moped,Honda,Petrol,BS6,250.0,2,2,False,True,43.333333333333336,96.66666666666667
REG102563,04-06-2019,2019,Maharashtra,Nagpur (MH-31),3W,Tempo,Bajaj,Diesel,BS4,200.0,3,5,False,False,36.84210526315789,5.263157894736842
REG102564,16-05-2018,2018,Delhi,Delhi South (DL-09),2W,Scooter,Ola Electric,Petrol,BS4,200.0,2,6,False,False,17.647058823529413,0.0
REG102565,24-08-2018,2018,Delhi,Delhi Central (DL-01),4W,SUV,MG,CNG,BS4,1000.0,5,6,True,False,17.647058823529413,0.0
REG102566,26-07-2024,2024,Madhya Pradesh,Ujjain (MP-13),4W,MUV,Honda,Hybrid,BS6,1462.0,8,0,True,True,48.837209302325576,100.0
REG102567,06-11-2024,2024,Rajasthan,Udaipur (RJ-27),LCV,Light Bus,Mahindra,Diesel,BS6,2956.0,12,0,False,True,41.02564102564102,100.0
REG102568,06-04-2023,2023,Madhya Pradesh,Ujjain (MP-13),3W,Tempo,Bajaj,Diesel,BS6,225.0,7,1,False,True,36.36363636363637,96.36363636363636
REG102569,25-11-2021,2021,Kerala,Thrissur (KL-08),LCV,Light Bus,Tata Motors,Diesel,BS6,2523.0,15,3,False,True,37.254901960784316,94.11764705882352
REG102570,14-03-2020,2020,Tamil Nadu,Coimbatore (TN-37),2W,Scooter,Suzuki,EV,BS6,0.0,2,4,True,True,34.285714285714285,85.71428571428571
REG102571,29-05-2022,2022,Kerala,Thrissur (KL-08),2W,Moped,TVS,Petrol,BS6,160.0,2,2,False,True,32.608695652173914,100.0
REG102572,24-08-2023,2023,Maharashtra,Pune (MH-12),LCV,Mini Truck,Ashok Leyland,Diesel,BS6,2956.0,9,1,False,True,32.72727272727273,98.18181818181819
REG102573,23-03-2023,2023,Punjab,Ludhiana (PB-10),2W,Scooter,KTM,Petrol,BS6,150.0,2,1,False,True,33.33333333333333,100.0
REG102574,04-04-2019,2019,Kerala,Kollam (KL-02),LCV,Light Bus,Mahindra,Diesel,BS4,2523.0,15,5,False,False,39.130434782608695,4.3478260869565215
REG102575,31-03-2022,2022,Karnataka,Hubli (KA-25),4W,Hatchback,Hyundai,Diesel,BS6,1498.0,5,2,False,True,43.333333333333336,96.66666666666667
REG102576,26-09-2019,2019,Gujarat,Surat (GJ-05),2W,Scooter,KTM,EV,BS4,0.0,2,5,True,False,55.00000000000001,0.0
REG102577,17-05-2024,2024,Punjab,Chandigarh (CH-01),4W,MUV,Toyota,Diesel,BS6,1598.0,6,0,False,True,31.25,100.0
REG102578,15-11-2022,2022,Uttar Pradesh,Lucknow (UP-32),HCV,Tanker,Volvo,Diesel,BS6,3760.0,2,2,False,True,42.592592592592595,96.29629629629629
REG102579,10-12-2024,2024,Telangana,Warangal (TS-03),2W,Motorcycle,Suzuki,Petrol,BS6,125.0,2,0,False,True,25.71428571428571,100.0
REG102580,28-08-2022,2022,Tamil Nadu,Salem (TN-30),OTH,Road Roller,TAFE,Diesel,BS6,4998.0,2,2,False,True,48.148148148148145,96.29629629629629
REG102581,02-09-2021,2021,Karnataka,Mangalore (KA-19),LCV,Light Bus,Tata Motors,Diesel,BS6,2523.0,12,3,False,True,32.88590604026846,94.63087248322147
REG102582,11-11-2023,2023,Maharashtra,Pune (MH-12),4W,Hatchback,Mahindra,Diesel,BS6,1598.0,5,1,False,True,32.72727272727273,98.18181818181819
REG102583,24-11-2023,2023,Punjab,Patiala (PB-11),4W,Sedan,Kia,Petrol,BS6,2179.0,5,1,False,True,33.33333333333333,100.0
REG102584,31-08-2023,2023,Kerala,Thiruvananthapuram (KL-01),2W,Scooter,Royal Enfield,Petrol,BS6,200.0,2,1,False,True,30.508474576271187,96.61016949152543
REG102585,09-08-2022,2022,Telangana,Warangal (TS-03),2W,Scooter,TVS,Petrol,BS6,125.0,2,2,False,True,37.5,97.91666666666666
REG102586,21-11-2023,2023,Maharashtra,Mumbai Central (MH-01),2W,Scooter,Bajaj,EV,BS6,0.0,2,1,True,True,32.72727272727273,98.18181818181819
REG102587,06-09-2021,2021,Gujarat,Rajkot (GJ-03),4W,SUV,Skoda,Diesel,BS6,1462.0,5,3,False,True,50.0,95.0
REG102588,05-10-2022,2022,Telangana,Warangal (TS-03),OTH,Road Roller,Escorts,Diesel,BS6,5660.0,2,2,False,True,37.5,97.91666666666666
REG102589,10-06-2023,2023,Karnataka,Hubli (KA-25),4W,MUV,Maruti Suzuki,CNG,BS6,800.0,7,1,True,True,37.17948717948718,99.14529914529915
REG102590,23-04-2020,2020,Punjab,Ludhiana (PB-10),2W,Scooter,Suzuki,Petrol,BS6,160.0,2,4,False,True,29.03225806451613,87.09677419354838
REG102591,01-10-2022,2022,Gujarat,Rajkot (GJ-03),2W,Motorcycle,TVS,CNG,BS6,110.0,2,2,True,True,50.0,95.65217391304348
REG102592,03-01-2020,2020,Madhya Pradesh,Bhopal (MP-04),2W,Scooter,Ather,Petrol,BS6,110.0,2,4,False,True,45.45454545454545,81.81818181818183
REG102593,28-09-2024,2024,Tamil Nadu,Salem (TN-30),2W,Moped,TVS,Petrol,BS6,160.0,2,0,False,True,38.88888888888889,100.0
REG102594,16-09-2021,2021,West Bengal,Durgapur (WB-40),2W,Moped,TVS,Petrol,BS6,350.0,2,3,False,True,39.130434782608695,95.65217391304348
REG102595,07-10-2022,2022,Karnataka,Belgaum (KA-22),4W,Sedan,Tata Motors,Petrol,BS6,2179.0,5,2,False,True,43.333333333333336,96.66666666666667
REG102596,24-12-2022,2022,Rajasthan,Ajmer (RJ-01),OTH,Crane,Mahindra,Diesel,BS6,3760.0,2,2,False,True,30.0,100.0
REG102597,03-11-2022,2022,Kerala,Kozhikode (KL-11),4W,SUV,Honda,Petrol,BS6,1498.0,7,2,False,True,32.608695652173914,100.0
REG102598,18-05-2023,2023,Uttar Pradesh,Lucknow (UP-32),4W,SUV,Renault,Diesel,BS6,1968.0,6,1,False,True,26.666666666666668,100.0
REG102599,02-03-2020,2020,Madhya Pradesh,Ujjain (MP-13),2W,Motorcycle,Ola Electric,EV,BS6,0.0,2,4,True,True,45.45454545454545,81.81818181818183
REG102600,04-01-2021,2021,Telangana,Hyderabad (TS-09),4W,Sedan,Honda,Petrol,BS6,1000.0,5,3,False,True,38.70967741935484,93.54838709677419
REG102601,19-06-2022,2022,Rajasthan,Kota (RJ-20),LCV,Light Bus,Force Motors,CNG,BS6,2956.0,15,2,True,True,30.0,100.0
REG102602,11-05-2019,2019,Telangana,Karimnagar (TS-01),2W,Scooter,KTM,Petrol,BS4,350.0,2,5,False,False,26.666666666666668,6.666666666666667
REG102603,01-08-2022,2022,Uttar Pradesh,Agra (UP-80),2W,Motorcycle,Suzuki,EV,BS6,0.0,2,2,True,True,42.592592592592595,96.29629629629629
REG102604,16-06-2021,2021,Tamil Nadu,Madurai (TN-58),4W,SUV,Hyundai,Diesel,BS6,1000.0,6,3,False,True,21.62162162162162,89.1891891891892
REG102605,30-08-2022,2022,Tamil Nadu,Madurai (TN-58),LCV,Pickup Van,Tata Motors,EV,BS6,0.0,9,2,True,True,48.148148148148145,96.29629629629629
REG102606,30-04-2018,2018,Tamil Nadu,Coimbatore (TN-37),2W,Scooter,Ather,Petrol,BS3,200.0,2,6,False,False,20.0,0.0
REG102607,15-11-2021,2021,West Bengal,Kolkata (WB-01),4W,MUV,Maruti Suzuki,Petrol,BS6,1498.0,7,3,False,True,39.130434782608695,95.65217391304348
REG102608,20-06-2018,2018,Tamil Nadu,Coimbatore (TN-37),3W,E-Rickshaw,Bajaj,CNG,BS4,200.0,3,6,True,False,20.0,0.0
REG102609,09-12-2019,2019,Punjab,Patiala (PB-11),2W,Moped,Royal Enfield,Hybrid,BS4,160.0,2,5,True,False,52.63157894736842,15.789473684210526
REG102610,07-09-2022,2022,Maharashtra,Aurangabad (MH-20),4W,Hatchback,Skoda,Diesel,BS6,1197.0,5,2,False,True,41.86046511627907,97.67441860465115
REG102611,27-09-2021,2021,Rajasthan,Jodhpur (RJ-19),4W,Hatchback,Mahindra,Diesel,BS6,800.0,5,3,False,True,42.857142857142854,95.23809523809523
REG102612,18-09-2023,2023,Rajasthan,Jaipur (RJ-14),3W,E-Rickshaw,Mahindra,Petrol,BS6,200.0,3,1,False,True,32.83582089552239,100.0
REG102613,27-10-2023,2023,Rajasthan,Udaipur (RJ-27),4W,Sedan,Skoda,Petrol,BS6,1462.0,5,1,False,True,32.83582089552239,100.0
REG102614,23-01-2021,2021,Tamil Nadu,Salem (TN-30),2W,Moped,Ola Electric,Petrol,BS6,150.0,2,3,False,True,21.62162162162162,89.1891891891892
REG102615,28-08-2021,2021,Karnataka,Hubli (KA-25),HCV,Bus,Volvo,Diesel,BS6,4998.0,32,3,False,True,32.88590604026846,94.63087248322147
REG102616,30-09-2022,2022,Tamil Nadu,Chennai Central (TN-01),2W,Moped,KTM,CNG,BS6,250.0,2,2,True,True,48.148148148148145,96.29629629629629
REG102617,17-05-2022,2022,West Bengal,Durgapur (WB-40),4W,Hatchback,Kia,Petrol,BS6,1498.0,5,2,False,True,35.714285714285715,98.21428571428571
REG102618,24-09-2021,2021,Delhi,Delhi Central (DL-01),3W,Tempo,Piaggio,EV,BS6,0.0,7,3,True,True,44.11764705882353,94.11764705882352
REG102619,28-03-2023,2023,Telangana,Nizamabad (TS-05),2W,Scooter,TVS,Petrol,BS6,250.0,2,1,False,True,32.25806451612903,98.38709677419355
REG102620,04-08-2021,2021,Maharashtra,Nagpur (MH-31),4W,MUV,Skoda,Hybrid,BS6,2179.0,7,3,True,True,44.73684210526316,100.0
REG102621,04-04-2018,2018,Telangana,Warangal (TS-03),2W,Scooter,Bajaj,CNG,BS4,160.0,2,6,True,False,41.66666666666667,0.0
REG102622,31-05-2022,2022,Delhi,Delhi Central (DL-01),2W,Moped,Honda,EV,BS6,0.0,2,2,True,True,28.57142857142857,100.0
REG102623,04-08-2022,2022,Uttar Pradesh,Agra (UP-80),4W,SUV,Honda,CNG,BS6,1197.0,6,2,True,True,42.592592592592595,96.29629629629629
REG102624,24-10-2022,2022,Tamil Nadu,Salem (TN-30),4W,Sedan,MG,Petrol,BS6,800.0,5,2,False,True,48.148148148148145,96.29629629629629
REG102625,08-08-2023,2023,Tamil Nadu,Coimbatore (TN-37),3W,Tempo,Bajaj,CNG,BS6,250.0,6,1,True,True,41.509433962264154,96.22641509433963
REG102626,26-08-2024,2024,Kerala,Kollam (KL-02),4W,MUV,Maruti Suzuki,EV,BS6,0.0,7,0,True,True,36.17021276595745,100.0
REG102627,31-10-2021,2021,Kerala,Kozhikode (KL-11),2W,Scooter,Suzuki,EV,BS6,0.0,2,3,True,True,37.254901960784316,94.11764705882352
REG102628,03-02-2020,2020,Karnataka,Belgaum (KA-22),4W,Hatchback,MG,Hybrid,BS6,1598.0,5,4,True,True,37.5,83.33333333333334
REG102629,30-12-2024,2024,Rajasthan,Udaipur (RJ-27),4W,SUV,Toyota,Diesel,BS6,1968.0,6,0,False,True,41.02564102564102,100.0
REG102630,26-09-2022,2022,Uttar Pradesh,Allahabad (UP-70),2W,Scooter,Ather,EV,BS6,0.0,2,2,True,True,42.592592592592595,96.29629629629629
REG102631,14-12-2020,2020,Tamil Nadu,Chennai Central (TN-01),4W,MUV,Hyundai,Petrol,BS6,1000.0,6,4,False,True,34.285714285714285,85.71428571428571
REG102632,21-02-2024,2024,Karnataka,Belgaum (KA-22),2W,Scooter,Honda,EV,BS6,0.0,2,0,True,True,41.29032258064516,100.0
REG102633,10-03-2019,2019,Punjab,Patiala (PB-11),3W,E-Rickshaw,Kinetic Green,Petrol,BS6,200.0,3,5,False,True,52.63157894736842,15.789473684210526
REG102634,19-01-2024,2024,West Bengal,Kolkata (WB-01),HCV,Tanker,MAN,EV,BS6,0.0,2,0,True,True,27.027027027027028,100.0
REG102635,11-10-2022,2022,West Bengal,Asansol (WB-39),2W,Scooter,TVS,EV,BS6,0.0,2,2,True,True,35.714285714285715,98.21428571428571
REG102636,04-12-2024,2024,Delhi,Delhi East (DL-02),2W,Moped,Ather,EV,BS6,0.0,2,0,True,True,41.02564102564102,100.0
REG102637,17-06-2018,2018,Punjab,Jalandhar (PB-08),HCV,Bus,MAN,Diesel,BS4,6700.0,52,6,False,False,18.181818181818183,0.0
REG102638,17-08-2021,2021,Punjab,Jalandhar (PB-08),LCV,Light Bus,Mahindra,Diesel,BS6,2523.0,12,3,False,True,38.46153846153847,100.0
REG102639,20-11-2021,2021,West Bengal,Howrah (WB-13),4W,Sedan,Mahindra,Petrol,BS6,800.0,5,3,False,True,39.130434782608695,95.65217391304348
REG102640,12-12-2022,2022,West Bengal,Kolkata (WB-01),2W,Moped,Honda,EV,BS6,0.0,2,2,True,True,35.714285714285715,98.21428571428571
REG102641,03-10-2021,2021,Telangana,Nizamabad (TS-05),4W,SUV,Kia,Petrol,BS6,1462.0,5,3,False,True,38.70967741935484,93.54838709677419
REG102642,19-03-2024,2024,Karnataka,Hubli (KA-25),2W,Scooter,Hero,EV,BS6,0.0,2,0,True,True,41.29032258064516,100.0
REG102643,15-06-2024,2024,Madhya Pradesh,Gwalior (MP-07),LCV,Mini Truck,Force Motors,Diesel,BS6,2956.0,9,0,False,True,48.837209302325576,100.0
REG102644,14-03-2022,2022,Punjab,Chandigarh (CH-01),4W,MUV,MG,CNG,BS6,1462.0,7,2,True,True,39.21568627450981,98.0392156862745
REG102645,22-10-2021,2021,Madhya Pradesh,Gwalior (MP-07),2W,Moped,Royal Enfield,Petrol,BS6,160.0,2,3,False,True,44.89795918367347,95.91836734693877
REG102646,10-08-2023,2023,Maharashtra,Pune (MH-12),4W,MUV,Honda,Petrol,BS6,1462.0,6,1,False,True,32.72727272727273,98.18181818181819
REG102647,30-06-2020,2020,Punjab,Amritsar (PB-02),3W,E-Rickshaw,Atul Auto,EV,BS6,0.0,3,4,True,True,29.03225806451613,87.09677419354838
REG102648,14-10-2019,2019,West Bengal,Howrah (WB-13),4W,Sedan,MG,Petrol,BS4,1462.0,5,5,False,False,42.10526315789473,10.526315789473683
REG102649,04-06-2024,2024,Tamil Nadu,Trichy (TN-45),4W,SUV,Renault,Diesel,BS6,1197.0,6,0,False,True,38.88888888888889,100.0
REG102650,11-05-2022,2022,Delhi,Delhi East (DL-02),2W,Scooter,Yamaha,Petrol,BS6,400.0,2,2,False,True,28.57142857142857,100.0
REG102651,29-05-2024,2024,Delhi,Delhi South (DL-09),2W,Scooter,Hero,EV,BS6,0.0,2,0,True,True,41.02564102564102,100.0
REG102652,02-07-2023,2023,West Bengal,Durgapur (WB-40),2W,Moped,Honda,Petrol,BS6,400.0,2,1,False,True,45.0,97.5
REG102653,28-02-2024,2024,Gujarat,Ahmedabad (GJ-01),HCV,Tanker,Volvo,CNG,BS6,6700.0,2,0,True,True,35.294117647058826,100.0
REG102654,27-07-2022,2022,West Bengal,Kolkata (WB-01),2W,Motorcycle,TVS,Petrol,BS6,150.0,2,2,False,True,35.714285714285715,98.21428571428571
REG102655,21-05-2023,2023,Telangana,Hyderabad (TS-09),4W,SUV,Hyundai,Petrol,BS6,2179.0,8,1,False,True,32.25806451612903,98.38709677419355
REG102656,28-05-2023,2023,Kerala,Thiruvananthapuram (KL-01),4W,SUV,Renault,Petrol,BS6,800.0,6,1,False,True,30.508474576271187,96.61016949152543
REG102657,19-03-2023,2023,Punjab,Ludhiana (PB-10),4W,SUV,Mahindra,Petrol,BS6,1968.0,7,1,False,True,33.33333333333333,100.0
REG102658,01-08-2022,2022,Kerala,Thiruvananthapuram (KL-01),4W,MUV,Tata Motors,Petrol,BS6,1968.0,8,2,False,True,32.608695652173914,100.0
REG102659,01-01-2022,2022,West Bengal,Kolkata (WB-01),4W,MUV,Honda,Diesel,BS6,1197.0,7,2,False,True,35.714285714285715,98.21428571428571
REG102660,10-03-2019,2019,Kerala,Thrissur (KL-08),HCV,Trailer,Ashok Leyland,Diesel,BS4,4998.0,2,5,False,False,39.130434782608695,4.3478260869565215
REG102661,11-10-2022,2022,Punjab,Patiala (PB-11),4W,Hatchback,Mahindra,Hybrid,BS6,1462.0,5,2,True,True,39.21568627450981,98.0392156862745
REG102662,06-02-2024,2024,West Bengal,Durgapur (WB-40),4W,Hatchback,Hyundai,Diesel,BS6,1598.0,5,0,False,True,27.027027027027028,100.0
REG102663,26-03-2021,2021,Madhya Pradesh,Gwalior (MP-07),2W,Scooter,Honda,Petrol,BS6,150.0,2,3,False,True,44.89795918367347,95.91836734693877
REG102664,13-03-2022,2022,Delhi,Delhi West (DL-08),2W,Scooter,Suzuki,Petrol,BS6,250.0,2,2,False,True,28.57142857142857,100.0
REG102665,04-02-2019,2019,Maharashtra,Mumbai Central (MH-01),4W,Sedan,MG,Hybrid,BS4,1598.0,5,5,True,False,36.84210526315789,5.263157894736842
REG102666,15-05-2023,2023,Punjab,Amritsar (PB-02),2W,Motorcycle,TVS,EV,BS6,0.0,2,1,True,True,33.33333333333333,100.0
REG102667,21-06-2018,2018,Gujarat,Gandhinagar (GJ-18),2W,Motorcycle,Ather,Petrol,BS4,200.0,2,6,False,False,41.66666666666667,0.0
REG102668,23-07-2020,2020,Karnataka,Mysore (KA-09),LCV,Pickup Van,Ashok Leyland,CNG,BS6,3298.0,9,4,True,True,37.5,83.33333333333334
REG102669,04-05-2021,2021,Tamil Nadu,Trichy (TN-45),HCV,Bus,Eicher,Diesel,BS4,4998.0,32,3,False,False,21.62162162162162,89.1891891891892
REG102670,25-10-2023,2023,Gujarat,Vadodara (GJ-06),2W,Moped,Honda,Petrol,BS6,150.0,2,1,False,True,36.84210526315789,100.0
REG102671,29-10-2022,2022,Tamil Nadu,Madurai (TN-58),2W,Scooter,Ola Electric,EV,BS6,0.0,2,2,True,True,48.148148148148145,96.29629629629629
REG102672,27-05-2018,2018,Delhi,Delhi Central (DL-01),2W,Moped,Hero,Petrol,BS4,150.0,2,6,False,False,17.647058823529413,0.0
REG102673,27-09-2020,2020,West Bengal,Siliguri (WB-73),4W,MUV,Hyundai,Diesel,BS4,1598.0,5,4,False,False,30.76923076923077,88.46153846153845
REG102674,13-02-2021,2021,Maharashtra,Mumbai Central (MH-01),4W,MUV,Mahindra,Petrol,BS6,1598.0,5,3,False,True,44.73684210526316,100.0
REG102675,08-01-2020,2020,Karnataka,Hubli (KA-25),2W,Scooter,Ather,Petrol,BS6,350.0,2,4,False,True,37.5,83.33333333333334
REG102676,26-09-2023,2023,Telangana,Hyderabad (TS-09),4W,Hatchback,Maruti Suzuki,CNG,BS6,1598.0,5,1,True,True,32.25806451612903,98.38709677419355
REG102677,02-01-2023,2023,Gujarat,Surat (GJ-05),2W,Scooter,Hero,Petrol,BS6,125.0,2,1,False,True,36.84210526315789,100.0
REG102678,27-12-2024,2024,Uttar Pradesh,Allahabad (UP-70),4W,Sedan,Hyundai,Diesel,BS6,1462.0,5,0,False,True,27.77777777777778,100.0
REG102679,20-06-2024,2024,Uttar Pradesh,Lucknow (UP-32),2W,Motorcycle,Hero,Petrol,BS6,200.0,2,0,False,True,27.77777777777778,100.0
REG102680,29-05-2023,2023,Kerala,Thiruvananthapuram (KL-01),4W,Sedan,Tata Motors,Petrol,BS6,1197.0,5,1,False,True,30.508474576271187,96.61016949152543
REG102681,28-10-2020,2020,Uttar Pradesh,Varanasi (UP-65),3W,Auto Rickshaw,TVS,CNG,BS4,225.0,3,4,True,False,35.714285714285715,78.57142857142857
REG102682,11-03-2022,2022,Karnataka,Mangalore (KA-19),2W,Motorcycle,Bajaj,CNG,BS6,125.0,2,2,True,True,43.333333333333336,96.66666666666667
REG102683,01-04-2019,2019,Gujarat,Ahmedabad (GJ-01),2W,Scooter,Bajaj,EV,BS4,0.0,2,5,True,False,55.00000000000001,0.0
REG102684,24-01-2023,2023,Rajasthan,Udaipur (RJ-27),2W,Motorcycle,Honda,EV,BS6,0.0,2,1,True,True,32.83582089552239,100.0
REG102685,27-04-2022,2022,Karnataka,Mysore (KA-09),2W,Scooter,Bajaj,Petrol,BS6,125.0,2,2,False,True,43.333333333333336,96.66666666666667
REG102686,10-05-2020,2020,Rajasthan,Jodhpur (RJ-19),3W,Auto Rickshaw,Piaggio,CNG,BS6,250.0,6,4,True,True,52.0,84.0
REG102687,02-06-2022,2022,Madhya Pradesh,Gwalior (MP-07),2W,Motorcycle,Royal Enfield,Petrol,BS6,150.0,2,2,False,True,39.53488372093023,100.0
REG102688,09-04-2022,2022,West Bengal,Siliguri (WB-73),4W,Sedan,Kia,CNG,BS6,1498.0,5,2,True,True,35.714285714285715,98.21428571428571
REG102689,10-12-2023,2023,Kerala,Thiruvananthapuram (KL-01),4W,SUV,Mahindra,Diesel,BS6,2179.0,6,1,False,True,30.508474576271187,96.61016949152543
REG102690,02-07-2022,2022,Gujarat,Gandhinagar (GJ-18),4W,SUV,Tata Motors,CNG,BS6,1968.0,5,2,True,True,50.0,95.65217391304348
REG102691,17-05-2022,2022,Rajasthan,Jodhpur (RJ-19),OTH,Crane,John Deere,Diesel,BS6,6700.0,1,2,False,True,30.0,100.0
REG102692,17-05-2021,2021,Tamil Nadu,Madurai (TN-58),4W,Hatchback,Skoda,Diesel,BS6,2179.0,5,3,False,True,21.62162162162162,89.1891891891892
REG102693,19-05-2021,2021,Delhi,Delhi East (DL-02),2W,Moped,Yamaha,Petrol,BS6,250.0,2,3,False,True,44.11764705882353,94.11764705882352
REG102694,25-12-2022,2022,Uttar Pradesh,Agra (UP-80),4W,SUV,Mahindra,CNG,BS6,1968.0,6,2,True,True,42.592592592592595,96.29629629629629
REG102695,18-07-2021,2021,Madhya Pradesh,Ujjain (MP-13),4W,SUV,Mahindra,Petrol,BS6,2179.0,6,3,False,True,44.89795918367347,95.91836734693877
REG102696,24-12-2022,2022,Gujarat,Ahmedabad (GJ-01),2W,Motorcycle,TVS,EV,BS6,0.0,2,2,True,True,50.0,95.65217391304348
REG102697,29-07-2024,2024,Delhi,Delhi South (DL-09),HCV,Trailer,Volvo,Diesel,BS6,5660.0,2,0,False,True,41.02564102564102,100.0
REG102698,03-10-2023,2023,Telangana,Karimnagar (TS-01),2W,Moped,Hero,Petrol,BS6,125.0,2,1,False,True,32.25806451612903,98.38709677419355
REG102699,07-10-2022,2022,Gujarat,Gandhinagar (GJ-18),3W,Tempo,Piaggio,EV,BS6,0.0,6,2,True,True,50.0,95.65217391304348
REG102700,02-12-2019,2019,Karnataka,Hubli (KA-25),LCV,Light Bus,Eicher,Diesel,BS4,2956.0,15,5,False,False,31.32530120481928,9.63855421686747
REG102701,31-01-2022,2022,West Bengal,Kolkata (WB-01),2W,Motorcycle,KTM,Petrol,BS6,350.0,2,2,False,True,35.714285714285715,98.21428571428571
REG102702,04-09-2022,2022,Kerala,Kochi (KL-07),4W,Hatchback,Hyundai,Petrol,BS6,1498.0,5,2,False,True,32.608695652173914,100.0
REG102703,27-05-2019,2019,Telangana,Warangal (TS-03),2W,Scooter,Ola Electric,Petrol,BS4,250.0,2,5,False,False,26.666666666666668,6.666666666666667
REG102704,15-03-2021,2021,Delhi,Delhi South (DL-09),4W,MUV,Honda,Petrol,BS6,1197.0,8,3,False,True,44.11764705882353,94.11764705882352
REG102705,13-03-2022,2022,Kerala,Kozhikode (KL-11),2W,Scooter,Bajaj,Petrol,BS6,160.0,2,2,False,True,32.608695652173914,100.0
REG102706,10-02-2022,2022,Punjab,Amritsar (PB-02),2W,Scooter,Ola Electric,Petrol,BS6,110.0,2,2,False,True,39.21568627450981,98.0392156862745
REG102707,29-07-2022,2022,Tamil Nadu,Salem (TN-30),4W,MUV,Kia,CNG,BS6,2179.0,5,2,True,True,48.148148148148145,96.29629629629629
REG102708,19-07-2019,2019,Uttar Pradesh,Allahabad (UP-70),2W,Scooter,Bajaj,EV,BS4,0.0,2,5,True,False,27.27272727272727,0.0
REG102709,18-10-2023,2023,Tamil Nadu,Madurai (TN-58),4W,Hatchback,Hyundai,Diesel,BS6,1498.0,5,1,False,True,41.509433962264154,96.22641509433963
REG102710,03-08-2022,2022,Karnataka,Mysore (KA-09),2W,Scooter,Royal Enfield,Petrol,BS6,350.0,2,2,False,True,43.333333333333336,96.66666666666667
REG102711,07-10-2021,2021,Madhya Pradesh,Indore (MP-09),HCV,Trailer,Eicher,Diesel,BS6,5660.0,2,3,False,True,44.89795918367347,95.91836734693877
REG102712,08-05-2020,2020,Kerala,Thiruvananthapuram (KL-01),HCV,Tanker,BharatBenz,Diesel,BS6,4998.0,2,4,False,True,37.5,87.5
REG102713,03-12-2023,2023,Karnataka,Mangalore (KA-19),2W,Scooter,Ola Electric,EV,BS6,0.0,2,1,True,True,37.17948717948718,99.14529914529915
REG102714,01-08-2020,2020,Maharashtra,Mumbai Central (MH-01),LCV,Light Bus,Mahindra,Diesel,BS6,2956.0,9,4,False,True,34.61538461538461,84.61538461538461
REG102715,30-05-2022,2022,Uttar Pradesh,Allahabad (UP-70),OTH,Road Roller,Mahindra,Diesel,BS6,4998.0,1,2,False,True,42.592592592592595,96.29629629629629
REG102716,31-01-2022,2022,Delhi,Delhi West (DL-08),3W,Tempo,TVS,CNG,BS6,225.0,6,2,True,True,28.57142857142857,100.0
REG102717,05-09-2024,2024,Delhi,Delhi Central (DL-01),2W,Moped,KTM,EV,BS6,0.0,2,0,True,True,41.02564102564102,100.0
REG102718,20-02-2021,2021,Karnataka,Mysore (KA-09),HCV,Tanker,Tata Motors,Diesel,BS6,3760.0,2,3,False,True,32.88590604026846,94.63087248322147
REG102719,11-03-2023,2023,Karnataka,Mysore (KA-09),LCV,Light Bus,Tata Motors,CNG,BS6,3298.0,12,1,True,True,37.17948717948718,99.14529914529915
REG102720,03-03-2019,2019,Madhya Pradesh,Bhopal (MP-04),2W,Moped,Ather,EV,BS4,0.0,2,5,True,False,44.44444444444444,7.4074074074074066
REG102721,08-02-2024,2024,Telangana,Karimnagar (TS-01),LCV,Pickup Van,Ashok Leyland,Diesel,BS6,2956.0,9,0,False,True,25.71428571428571,100.0
REG102722,02-05-2020,2020,West Bengal,Asansol (WB-39),2W,Scooter,Royal Enfield,Petrol,BS6,400.0,2,4,False,True,30.76923076923077,88.46153846153845
REG102723,13-07-2024,2024,Karnataka,Bangalore Central (KA-01),HCV,Tanker,Volvo,Diesel,BS6,3760.0,2,0,False,True,41.29032258064516,100.0
REG102724,08-02-2021,2021,Gujarat,Surat (GJ-05),2W,Motorcycle,Honda,Petrol,BS6,150.0,2,3,False,True,50.0,95.0
REG102725,05-04-2023,2023,Karnataka,Hubli (KA-25),2W,Motorcycle,Suzuki,EV,BS6,0.0,2,1,True,True,37.17948717948718,99.14529914529915
REG102726,01-12-2024,2024,Karnataka,Mangalore (KA-19),4W,SUV,Toyota,Petrol,BS6,2179.0,7,0,False,True,41.29032258064516,100.0
REG102727,29-12-2023,2023,Karnataka,Bangalore Central (KA-01),2W,Scooter,Royal Enfield,EV,BS6,0.0,2,1,True,True,37.17948717948718,99.14529914529915
REG102728,06-08-2024,2024,Punjab,Patiala (PB-11),4W,SUV,Renault,Diesel,BS6,1968.0,7,0,False,True,31.25,100.0
REG102729,30-10-2018,2018,Telangana,Khammam (TS-07),OTH,Road Roller,TAFE,Diesel,BS4,5660.0,2,6,False,False,41.66666666666667,0.0
REG102730,01-06-2021,2021,West Bengal,Durgapur (WB-40),HCV,Tanker,Ashok Leyland,Diesel,BS6,4998.0,2,3,False,True,39.130434782608695,95.65217391304348
REG102731,27-07-2023,2023,West Bengal,Kolkata (WB-01),3W,E-Rickshaw,Mahindra,CNG,BS6,250.0,3,1,True,True,45.0,97.5
REG102732,01-12-2018,2018,Gujarat,Rajkot (GJ-03),LCV,Pickup Van,Tata Motors,CNG,BS4,3298.0,9,6,True,False,41.66666666666667,0.0
REG102733,02-04-2024,2024,Delhi,Delhi Central (DL-01),OTH,Crane,Escorts,Diesel,BS6,5660.0,1,0,False,True,41.02564102564102,100.0
REG102734,28-07-2024,2024,Kerala,Kollam (KL-02),2W,Motorcycle,Hero,Petrol,BS6,400.0,2,0,False,True,36.17021276595745,100.0
REG102735,30-08-2022,2022,Punjab,Chandigarh (CH-01),4W,Hatchback,MG,Petrol,BS6,1968.0,5,2,False,True,39.21568627450981,98.0392156862745
REG102736,14-03-2020,2020,Delhi,Delhi South (DL-09),4W,Hatchback,Toyota,EV,BS6,0.0,5,4,True,True,38.23529411764706,85.29411764705883
REG102737,21-03-2021,2021,Tamil Nadu,Coimbatore (TN-37),4W,SUV,Maruti Suzuki,Diesel,BS6,1498.0,6,3,False,True,21.62162162162162,89.1891891891892
REG102738,11-10-2021,2021,Rajasthan,Ajmer (RJ-01),4W,SUV,Maruti Suzuki,Petrol,BS6,1498.0,8,3,False,True,42.857142857142854,95.23809523809523
REG102739,10-06-2021,2021,Punjab,Chandigarh (CH-01),2W,Motorcycle,Honda,Petrol,BS6,150.0,2,3,False,True,38.46153846153847,100.0
REG102740,12-08-2022,2022,Rajasthan,Udaipur (RJ-27),HCV,Bus,MAN,Diesel,BS6,5660.0,32,2,False,True,30.0,100.0
REG102741,15-01-2022,2022,Madhya Pradesh,Gwalior (MP-07),HCV,Truck,Eicher,EV,BS6,0.0,2,2,True,True,39.53488372093023,100.0
REG102742,18-06-2021,2021,Maharashtra,Mumbai Central (MH-01),2W,Scooter,Honda,EV,BS6,0.0,2,3,True,True,44.73684210526316,100.0
REG102743,14-05-2024,2024,Gujarat,Ahmedabad (GJ-01),4W,Sedan,Renault,Hybrid,BS6,1498.0,5,0,True,True,35.294117647058826,100.0
REG102744,25-11-2018,2018,Telangana,Karimnagar (TS-01),4W,SUV,Tata Motors,CNG,BS4,1462.0,6,6,True,False,41.66666666666667,0.0
REG102745,11-12-2023,2023,Maharashtra,Nashik (MH-15),2W,Scooter,KTM,EV,BS6,0.0,2,1,True,True,32.72727272727273,98.18181818181819
REG102746,13-11-2020,2020,West Bengal,Asansol (WB-39),4W,Hatchback,Tata Motors,Petrol,BS6,2179.0,5,4,False,True,30.76923076923077,88.46153846153845
REG102747,10-09-2022,2022,Delhi,Delhi North (DL-04),4W,Hatchback,Toyota,Diesel,BS6,1598.0,5,2,False,True,28.57142857142857,100.0
REG102748,02-08-2024,2024,Kerala,Thiruvananthapuram (KL-01),4W,SUV,Tata Motors,CNG,BS6,1968.0,5,0,True,True,36.17021276595745,100.0
REG102749,08-01-2023,2023,Kerala,Kozhikode (KL-11),2W,Motorcycle,Ather,EV,BS6,0.0,2,1,True,True,30.508474576271187,96.61016949152543
REG102750,19-05-2020,2020,Karnataka,Bangalore Central (KA-01),2W,Scooter,KTM,Petrol,BS4,200.0,2,4,False,False,37.5,83.33333333333334
REG102751,03-08-2021,2021,West Bengal,Kolkata (WB-01),2W,Scooter,TVS,EV,BS6,0.0,2,3,True,True,39.130434782608695,95.65217391304348
REG102752,19-09-2020,2020,Karnataka,Hubli (KA-25),4W,Hatchback,Tata Motors,Diesel,BS6,1498.0,5,4,False,True,37.5,83.33333333333334
REG102753,24-08-2021,2021,West Bengal,Siliguri (WB-73),4W,Sedan,Skoda,Diesel,BS6,2179.0,5,3,False,True,39.130434782608695,95.65217391304348
REG102754,30-03-2020,2020,Rajasthan,Jaipur (RJ-14),4W,Sedan,Mahindra,Hybrid,BS6,1462.0,5,4,True,True,52.0,84.0
REG102755,26-02-2023,2023,Telangana,Hyderabad (TS-09),4W,SUV,Hyundai,Diesel,BS6,1598.0,7,1,False,True,32.25806451612903,98.38709677419355
REG102756,27-10-2021,2021,Delhi,Delhi North (DL-04),4W,SUV,Renault,Diesel,BS6,800.0,8,3,False,True,44.11764705882353,94.11764705882352
REG102757,20-08-2021,2021,Tamil Nadu,Salem (TN-30),4W,MUV,Maruti Suzuki,Petrol,BS6,800.0,6,3,False,True,21.62162162162162,89.1891891891892
REG102758,12-02-2021,2021,Delhi,Delhi East (DL-02),4W,SUV,Skoda,Petrol,BS6,1598.0,6,3,False,True,44.11764705882353,94.11764705882352
REG102759,05-04-2022,2022,Telangana,Karimnagar (TS-01),2W,Scooter,Hero,Petrol,BS6,160.0,2,2,False,True,37.5,97.91666666666666
REG102760,12-03-2024,2024,Punjab,Chandigarh (CH-01),2W,Motorcycle,KTM,Petrol,BS6,125.0,2,0,False,True,31.25,100.0
REG102761,02-07-2020,2020,Maharashtra,Nagpur (MH-31),2W,Scooter,Ather,Hybrid,BS6,150.0,2,4,True,True,34.61538461538461,84.61538461538461
REG102762,22-07-2022,2022,Punjab,Ludhiana (PB-10),LCV,Pickup Van,Eicher,Diesel,BS6,2956.0,9,2,False,True,39.21568627450981,98.0392156862745
REG102763,03-06-2020,2020,Rajasthan,Jaipur (RJ-14),OTH,Tractor,TAFE,Diesel,BS6,4998.0,1,4,False,True,52.0,84.0
REG102764,23-10-2022,2022,Maharashtra,Pune (MH-12),2W,Scooter,Honda,CNG,BS6,150.0,2,2,True,True,41.86046511627907,97.67441860465115
REG102765,06-11-2022,2022,Madhya Pradesh,Indore (MP-09),2W,Moped,Bajaj,EV,BS6,0.0,2,2,True,True,39.53488372093023,100.0
REG102766,12-07-2021,2021,Maharashtra,Mumbai Central (MH-01),4W,Sedan,Skoda,EV,BS6,0.0,5,3,True,True,44.73684210526316,100.0
REG102767,01-07-2022,2022,Rajasthan,Udaipur (RJ-27),4W,SUV,MG,Petrol,BS6,1498.0,5,2,False,True,30.0,100.0
REG102768,26-06-2021,2021,Kerala,Thrissur (KL-08),4W,Sedan,Mahindra,Petrol,BS4,1462.0,5,3,False,False,37.254901960784316,94.11764705882352
REG102769,08-02-2024,2024,Kerala,Kochi (KL-07),2W,Scooter,KTM,EV,BS6,0.0,2,0,True,True,36.17021276595745,100.0
REG102770,02-03-2022,2022,Rajasthan,Udaipur (RJ-27),2W,Moped,Royal Enfield,Petrol,BS6,160.0,2,2,False,True,30.0,100.0
REG102771,08-08-2023,2023,Gujarat,Vadodara (GJ-06),2W,Moped,Honda,Petrol,BS6,250.0,2,1,False,True,36.84210526315789,100.0
REG102772,03-08-2022,2022,Kerala,Thrissur (KL-08),2W,Scooter,TVS,EV,BS6,0.0,2,2,True,True,32.608695652173914,100.0
REG102773,14-06-2023,2023,Tamil Nadu,Chennai Central (TN-01),4W,Sedan,Renault,Petrol,BS6,2179.0,5,1,False,True,41.509433962264154,96.22641509433963
REG102774,28-02-2020,2020,Uttar Pradesh,Lucknow (UP-32),4W,Hatchback,Tata Motors,Petrol,BS4,1968.0,5,4,False,False,35.714285714285715,78.57142857142857
REG102775,20-11-2023,2023,Madhya Pradesh,Ujjain (MP-13),4W,MUV,Maruti Suzuki,Diesel,BS6,1968.0,6,1,False,True,36.36363636363637,96.36363636363636
REG102776,21-03-2022,2022,Rajasthan,Jodhpur (RJ-19),2W,Motorcycle,KTM,Petrol,BS6,110.0,2,2,False,True,30.0,100.0
REG102777,12-02-2021,2021,Tamil Nadu,Salem (TN-30),4W,SUV,Renault,Diesel,BS6,1000.0,7,3,False,True,21.62162162162162,89.1891891891892
REG102778,20-08-2024,2024,Tamil Nadu,Trichy (TN-45),2W,Motorcycle,Hero,Petrol,BS6,200.0,2,0,False,True,38.88888888888889,100.0
REG102779,15-03-2023,2023,Delhi,Delhi South (DL-09),4W,Sedan,Mahindra,EV,BS6,0.0,5,1,True,True,36.666666666666664,98.33333333333333
REG102780,01-10-2020,2020,Rajasthan,Ajmer (RJ-01),4W,MUV,Honda,CNG,BS6,1498.0,5,4,True,True,52.0,84.0
REG102781,24-06-2021,2021,West Bengal,Asansol (WB-39),2W,Moped,KTM,Petrol,BS6,150.0,2,3,False,True,39.130434782608695,95.65217391304348
REG102782,29-06-2024,2024,Telangana,Warangal (TS-03),2W,Motorcycle,Royal Enfield,CNG,BS6,125.0,2,0,True,True,25.71428571428571,100.0
REG102783,07-07-2024,2024,Kerala,Thrissur (KL-08),2W,Motorcycle,Suzuki,EV,BS6,0.0,2,0,True,True,36.17021276595745,100.0
REG102784,07-09-2020,2020,Tamil Nadu,Salem (TN-30),2W,Scooter,Yamaha,Petrol,BS6,200.0,2,4,False,True,34.285714285714285,85.71428571428571
REG102785,27-09-2024,2024,Madhya Pradesh,Jabalpur (MP-20),2W,Scooter,Ola Electric,EV,BS6,0.0,2,0,True,True,48.837209302325576,100.0
REG102786,28-05-2023,2023,Telangana,Nizamabad (TS-05),4W,Sedan,Tata Motors,Petrol,BS6,1598.0,5,1,False,True,32.25806451612903,98.38709677419355
REG102787,07-03-2024,2024,Maharashtra,Nagpur (MH-31),2W,Motorcycle,Yamaha,Petrol,BS6,150.0,2,0,False,True,45.714285714285715,100.0
REG102788,04-08-2023,2023,Uttar Pradesh,Agra (UP-80),2W,Scooter,Honda,Petrol,BS6,125.0,2,1,False,True,26.666666666666668,100.0
REG102789,12-01-2023,2023,West Bengal,Siliguri (WB-73),4W,Sedan,Skoda,Petrol,BS6,2179.0,5,1,False,True,45.0,97.5
REG102790,03-12-2019,2019,Gujarat,Vadodara (GJ-06),LCV,Mini Truck,Mahindra,CNG,BS4,3298.0,9,5,True,False,55.00000000000001,0.0
REG102791,25-12-2022,2022,Tamil Nadu,Coimbatore (TN-37),4W,SUV,MG,Diesel,BS6,800.0,7,2,False,True,48.148148148148145,96.29629629629629
REG102792,30-05-2019,2019,Rajasthan,Udaipur (RJ-27),4W,MUV,Tata Motors,Diesel,BS4,800.0,8,5,False,False,23.809523809523807,14.285714285714285
REG102793,12-10-2019,2019,Maharashtra,Pune (MH-12),2W,Moped,Ather,Petrol,BS4,125.0,2,5,False,False,36.84210526315789,5.263157894736842
REG102794,24-12-2018,2018,Delhi,Delhi East (DL-02),2W,Moped,TVS,CNG,BS4,160.0,2,6,True,False,17.647058823529413,0.0
REG102795,07-01-2023,2023,Rajasthan,Jaipur (RJ-14),4W,MUV,MG,Diesel,BS6,1968.0,6,1,False,True,32.83582089552239,100.0
REG102796,19-03-2019,2019,Uttar Pradesh,Kanpur (UP-78),4W,MUV,Mahindra,Petrol,BS4,800.0,5,5,False,False,27.27272727272727,0.0
REG102797,06-10-2023,2023,Kerala,Kollam (KL-02),2W,Scooter,TVS,Petrol,BS6,150.0,2,1,False,True,30.508474576271187,96.61016949152543
REG102798,27-03-2018,2018,Delhi,Delhi East (DL-02),2W,Scooter,Ola Electric,Petrol,BS4,400.0,2,6,False,False,17.647058823529413,0.0
REG102799,05-01-2023,2023,Punjab,Jalandhar (PB-08),3W,Tempo,Kinetic Green,CNG,BS6,250.0,7,1,True,True,33.33333333333333,100.0
REG102800,09-07-2019,2019,Madhya Pradesh,Gwalior (MP-07),4W,SUV,Honda,CNG,BS4,1968.0,7,5,True,False,44.44444444444444,7.4074074074074066
REG102801,17-02-2023,2023,Punjab,Chandigarh (CH-01),2W,Motorcycle,TVS,Petrol,BS6,150.0,2,1,False,True,33.33333333333333,100.0
REG102802,30-05-2019,2019,Delhi,Delhi West (DL-08),2W,Moped,Hero,Petrol,BS4,250.0,2,5,False,False,17.647058823529413,11.76470588235294
REG102803,25-09-2024,2024,Karnataka,Mangalore (KA-19),2W,Moped,Hero,EV,BS6,0.0,2,0,True,True,41.29032258064516,100.0
REG102804,04-05-2021,2021,Punjab,Chandigarh (CH-01),2W,Moped,Honda,Petrol,BS6,110.0,2,3,False,True,38.46153846153847,100.0
REG102805,08-04-2023,2023,Rajasthan,Udaipur (RJ-27),2W,Moped,Yamaha,Petrol,BS6,400.0,2,1,False,True,32.83582089552239,100.0
REG102806,30-06-2021,2021,Madhya Pradesh,Bhopal (MP-04),2W,Moped,Bajaj,EV,BS6,0.0,2,3,True,True,44.89795918367347,95.91836734693877
REG102807,11-06-2024,2024,Maharashtra,Pune (MH-12),2W,Moped,Hero,Petrol,BS6,250.0,2,0,False,True,45.714285714285715,100.0
REG102808,20-01-2018,2018,Gujarat,Rajkot (GJ-03),2W,Scooter,Ather,Petrol,BS4,125.0,2,6,False,False,41.66666666666667,0.0
REG102809,15-04-2022,2022,West Bengal,Kolkata (WB-01),2W,Moped,Ather,CNG,BS6,350.0,2,2,True,True,35.714285714285715,98.21428571428571
REG102810,21-09-2024,2024,Kerala,Thiruvananthapuram (KL-01),2W,Motorcycle,Yamaha,EV,BS6,0.0,2,0,True,True,36.17021276595745,100.0
REG102811,31-12-2021,2021,Karnataka,Bangalore Central (KA-01),4W,MUV,Honda,Diesel,BS6,1480.0,6,3,False,True,32.88590604026846,94.63087248322147
REG102812,20-06-2023,2023,Madhya Pradesh,Indore (MP-09),2W,Motorcycle,KTM,Petrol,BS6,400.0,2,1,False,True,36.36363636363637,96.36363636363636
REG102813,17-06-2022,2022,Delhi,Delhi West (DL-08),2W,Scooter,Ather,Petrol,BS6,350.0,2,2,False,True,28.57142857142857,100.0
REG102814,01-12-2024,2024,Kerala,Kochi (KL-07),4W,Sedan,Toyota,Petrol,BS6,1462.0,5,0,False,True,36.17021276595745,100.0
REG102815,25-12-2022,2022,Gujarat,Surat (GJ-05),2W,Moped,TVS,Petrol,BS4,350.0,2,2,False,False,50.0,95.65217391304348
REG102816,08-08-2023,2023,Rajasthan,Ajmer (RJ-01),2W,Moped,Yamaha,EV,BS6,0.0,2,1,True,True,32.83582089552239,100.0
REG102817,23-06-2020,2020,West Bengal,Asansol (WB-39),LCV,Mini Truck,Mahindra,Diesel,BS6,2956.0,9,4,False,True,30.76923076923077,88.46153846153845
REG102818,24-04-2022,2022,West Bengal,Howrah (WB-13),3W,E-Rickshaw,Mahindra,EV,BS6,0.0,3,2,True,True,35.714285714285715,98.21428571428571
REG102819,09-07-2019,2019,Karnataka,Hubli (KA-25),4W,Hatchback,Tata Motors,Diesel,BS4,1498.0,5,5,False,False,31.32530120481928,9.63855421686747
REG102820,01-10-2024,2024,Karnataka,Mysore (KA-09),2W,Moped,KTM,Petrol,BS6,160.0,2,0,False,True,41.29032258064516,100.0
REG102821,27-03-2023,2023,West Bengal,Howrah (WB-13),LCV,Mini Truck,Force Motors,EV,BS6,0.0,9,1,True,True,45.0,97.5
REG102822,13-06-2022,2022,West Bengal,Siliguri (WB-73),HCV,Truck,Tata Motors,EV,BS6,0.0,2,2,True,True,35.714285714285715,98.21428571428571
REG102823,15-08-2022,2022,Madhya Pradesh,Ujjain (MP-13),HCV,Bus,Tata Motors,EV,BS6,0.0,32,2,True,True,39.53488372093023,100.0
REG102824,08-09-2021,2021,Karnataka,Bangalore Central (KA-01),4W,SUV,Tata Motors,Petrol,BS6,1462.0,5,3,False,True,32.88590604026846,94.63087248322147
REG102825,31-12-2019,2019,Rajasthan,Udaipur (RJ-27),LCV,Light Bus,Force Motors,Diesel,BS4,2956.0,9,5,False,False,23.809523809523807,14.285714285714285
REG102826,11-08-2021,2021,Madhya Pradesh,Ujjain (MP-13),4W,MUV,Hyundai,Diesel,BS6,1598.0,8,3,False,True,44.89795918367347,95.91836734693877
REG102827,26-09-2023,2023,Uttar Pradesh,Varanasi (UP-65),2W,Motorcycle,Ola Electric,EV,BS6,0.0,2,1,True,True,26.666666666666668,100.0
REG102828,24-03-2023,2023,Delhi,Delhi West (DL-08),4W,Hatchback,Maruti Suzuki,CNG,BS6,1498.0,5,1,True,True,36.666666666666664,98.33333333333333
REG102829,22-12-2022,2022,Madhya Pradesh,Jabalpur (MP-20),4W,SUV,Mahindra,Hybrid,BS6,1197.0,6,2,True,True,39.53488372093023,100.0
REG102830,11-01-2023,2023,Karnataka,Belgaum (KA-22),2W,Scooter,Bajaj,EV,BS6,0.0,2,1,True,True,37.17948717948718,99.14529914529915
REG102831,10-09-2023,2023,Kerala,Kozhikode (KL-11),3W,Auto Rickshaw,Mahindra,CNG,BS6,200.0,3,1,True,True,30.508474576271187,96.61016949152543
REG102832,03-08-2021,2021,Rajasthan,Jaipur (RJ-14),4W,Hatchback,Maruti Suzuki,Petrol,BS6,800.0,5,3,False,True,42.857142857142854,95.23809523809523
REG102833,14-05-2023,2023,Telangana,Hyderabad (TS-09),2W,Scooter,Ather,EV,BS6,0.0,2,1,True,True,32.25806451612903,98.38709677419355
REG102834,14-09-2021,2021,Rajasthan,Ajmer (RJ-01),3W,Tempo,Piaggio,CNG,BS6,225.0,6,3,True,True,42.857142857142854,95.23809523809523
REG102835,16-02-2021,2021,West Bengal,Kolkata (WB-01),4W,Hatchback,Kia,CNG,BS6,1498.0,5,3,True,True,39.130434782608695,95.65217391304348
REG102836,12-01-2023,2023,Delhi,Delhi South (DL-09),HCV,Tanker,Volvo,CNG,BS6,4998.0,2,1,True,True,36.666666666666664,98.33333333333333
REG102837,13-03-2020,2020,West Bengal,Howrah (WB-13),4W,MUV,Honda,Diesel,BS6,1498.0,8,4,False,True,30.76923076923077,88.46153846153845
REG102838,29-05-2022,2022,Telangana,Nizamabad (TS-05),2W,Moped,TVS,CNG,BS6,100.0,2,2,True,True,37.5,97.91666666666666
REG102839,14-02-2021,2021,Maharashtra,Mumbai Central (MH-01),4W,Sedan,Maruti Suzuki,Diesel,BS6,1498.0,5,3,False,True,44.73684210526316,100.0
REG102840,15-03-2021,2021,Maharashtra,Nagpur (MH-31),2W,Motorcycle,Ather,Hybrid,BS6,350.0,2,3,True,True,44.73684210526316,100.0
REG102841,11-04-2024,2024,Karnataka,Mangalore (KA-19),HCV,Bus,MAN,Diesel,BS6,4998.0,32,0,False,True,41.29032258064516,100.0
REG102842,30-01-2019,2019,Uttar Pradesh,Kanpur (UP-78),2W,Moped,Bajaj,Petrol,BS4,100.0,2,5,False,False,27.27272727272727,0.0
REG102843,24-09-2019,2019,Punjab,Chandigarh (CH-01),3W,Tempo,Atul Auto,CNG,BS4,200.0,7,5,True,False,52.63157894736842,15.789473684210526
REG102844,21-06-2022,2022,Maharashtra,Nagpur (MH-31),LCV,Light Bus,Tata Motors,Diesel,BS6,3298.0,9,2,False,True,41.86046511627907,97.67441860465115
REG102845,28-04-2023,2023,Rajasthan,Ajmer (RJ-01),LCV,Light Bus,Mahindra,CNG,BS6,2523.0,12,1,True,True,32.83582089552239,100.0
REG102846,20-07-2020,2020,Kerala,Kochi (KL-07),4W,MUV,Honda,Petrol,BS6,1197.0,5,4,False,True,37.5,87.5
REG102847,20-10-2019,2019,Telangana,Hyderabad (TS-09),2W,Motorcycle,Suzuki,EV,BS6,0.0,2,5,True,True,26.666666666666668,6.666666666666667
REG102848,19-01-2020,2020,West Bengal,Durgapur (WB-40),4W,Hatchback,Toyota,EV,BS6,0.0,5,4,True,True,30.76923076923077,88.46153846153845
REG102849,17-08-2024,2024,Madhya Pradesh,Indore (MP-09),2W,Moped,Suzuki,EV,BS6,0.0,2,0,True,True,48.837209302325576,100.0
REG102850,06-06-2024,2024,Telangana,Nizamabad (TS-05),OTH,Tractor,Escorts,Diesel,BS6,4998.0,1,0,False,True,25.71428571428571,100.0
REG102851,23-02-2023,2023,Punjab,Ludhiana (PB-10),3W,E-Rickshaw,Kinetic Green,Diesel,BS6,225.0,3,1,False,True,33.33333333333333,100.0
REG102852,03-12-2022,2022,Uttar Pradesh,Varanasi (UP-65),4W,Hatchback,Renault,Diesel,BS6,1498.0,5,2,False,True,42.592592592592595,96.29629629629629
REG102853,23-07-2019,2019,Uttar Pradesh,Kanpur (UP-78),2W,Moped,Yamaha,Petrol,BS4,125.0,2,5,False,False,27.27272727272727,0.0
REG102854,21-09-2022,2022,West Bengal,Siliguri (WB-73),2W,Motorcycle,TVS,Petrol,BS6,400.0,2,2,False,True,35.714285714285715,98.21428571428571
REG102855,16-06-2021,2021,Maharashtra,Aurangabad (MH-20),4W,Sedan,MG,EV,BS6,0.0,5,3,True,True,44.73684210526316,100.0
REG102856,12-06-2022,2022,Telangana,Khammam (TS-07),4W,Hatchback,MG,Petrol,BS6,1498.0,5,2,False,True,37.5,97.91666666666666
REG102857,04-11-2020,2020,Tamil Nadu,Madurai (TN-58),2W,Scooter,KTM,EV,BS6,0.0,2,4,True,True,34.285714285714285,85.71428571428571
REG102858,13-01-2024,2024,Uttar Pradesh,Agra (UP-80),2W,Motorcycle,Ather,Petrol,BS6,200.0,2,0,False,True,27.77777777777778,100.0
REG102859,18-07-2022,2022,Maharashtra,Mumbai Central (MH-01),HCV,Trailer,Tata Motors,EV,BS4,0.0,2,2,True,False,41.86046511627907,97.67441860465115
REG102860,21-07-2024,2024,Telangana,Khammam (TS-07),2W,Motorcycle,TVS,EV,BS6,0.0,2,0,True,True,25.71428571428571,100.0
REG102861,29-01-2022,2022,Karnataka,Belgaum (KA-22),4W,Hatchback,Hyundai,Petrol,BS6,1598.0,5,2,False,True,43.333333333333336,96.66666666666667
REG102862,17-08-2023,2023,Maharashtra,Aurangabad (MH-20),2W,Scooter,Ola Electric,CNG,BS6,400.0,2,1,True,True,32.72727272727273,98.18181818181819
REG102863,29-10-2018,2018,West Bengal,Durgapur (WB-40),4W,Hatchback,Mahindra,EV,BS4,0.0,5,6,True,False,50.0,0.0
REG102864,17-09-2018,2018,Karnataka,Bangalore Central (KA-01),4W,Sedan,Toyota,EV,BS4,0.0,5,6,True,False,40.74074074074074,0.0
REG102865,18-03-2023,2023,West Bengal,Durgapur (WB-40),2W,Motorcycle,Suzuki,EV,BS6,0.0,2,1,True,True,45.0,97.5
REG102866,15-10-2023,2023,Tamil Nadu,Coimbatore (TN-37),LCV,Pickup Van,Eicher,Diesel,BS6,2523.0,9,1,False,True,41.509433962264154,96.22641509433963
REG102867,29-03-2024,2024,Tamil Nadu,Chennai Central (TN-01),2W,Scooter,Bajaj,Petrol,BS6,250.0,2,0,False,True,38.88888888888889,100.0
REG102868,22-11-2021,2021,Madhya Pradesh,Jabalpur (MP-20),2W,Moped,Ola Electric,EV,BS6,0.0,2,3,True,True,44.89795918367347,95.91836734693877
REG102869,20-07-2023,2023,Maharashtra,Nagpur (MH-31),3W,Tempo,Bajaj,EV,BS6,0.0,6,1,True,True,32.72727272727273,98.18181818181819
REG102870,04-07-2024,2024,Madhya Pradesh,Jabalpur (MP-20),2W,Moped,Suzuki,EV,BS6,0.0,2,0,True,True,48.837209302325576,100.0
REG102871,09-10-2021,2021,Gujarat,Vadodara (GJ-06),2W,Scooter,Honda,Petrol,BS6,400.0,2,3,False,True,50.0,95.0
REG102872,17-09-2023,2023,Madhya Pradesh,Jabalpur (MP-20),2W,Moped,Bajaj,CNG,BS6,150.0,2,1,True,True,36.36363636363637,96.36363636363636
REG102873,19-11-2022,2022,Gujarat,Gandhinagar (GJ-18),4W,Sedan,Toyota,EV,BS6,0.0,5,2,True,True,50.0,95.65217391304348
REG102874,16-01-2021,2021,West Bengal,Howrah (WB-13),2W,Scooter,Royal Enfield,EV,BS6,0.0,2,3,True,True,39.130434782608695,95.65217391304348
REG102875,30-11-2021,2021,West Bengal,Durgapur (WB-40),3W,Auto Rickshaw,Atul Auto,EV,BS6,0.0,7,3,True,True,39.130434782608695,95.65217391304348
REG102876,08-08-2024,2024,Telangana,Warangal (TS-03),4W,SUV,Kia,Petrol,BS6,1598.0,5,0,False,True,25.71428571428571,100.0
REG102877,17-01-2021,2021,Rajasthan,Jaipur (RJ-14),4W,SUV,Toyota,Petrol,BS6,1197.0,7,3,False,True,42.857142857142854,95.23809523809523
REG102878,04-11-2020,2020,Uttar Pradesh,Varanasi (UP-65),2W,Motorcycle,Hero,EV,BS6,0.0,2,4,True,True,35.714285714285715,78.57142857142857
REG102879,30-10-2022,2022,Punjab,Chandigarh (CH-01),4W,MUV,Mahindra,Hybrid,BS6,1598.0,7,2,True,True,39.21568627450981,98.0392156862745
REG102880,03-08-2024,2024,Madhya Pradesh,Gwalior (MP-07),4W,Hatchback,Mahindra,CNG,BS6,1197.0,5,0,True,True,48.837209302325576,100.0
REG102881,03-06-2023,2023,Telangana,Nizamabad (TS-05),2W,Motorcycle,TVS,CNG,BS6,200.0,2,1,True,True,32.25806451612903,98.38709677419355
REG102882,13-03-2021,2021,Maharashtra,Pune (MH-12),HCV,Truck,Volvo,Diesel,BS6,6700.0,2,3,False,True,44.73684210526316,100.0
REG102883,21-02-2021,2021,Gujarat,Surat (GJ-05),4W,MUV,Skoda,Hybrid,BS6,1000.0,6,3,True,True,50.0,95.0
REG102884,16-05-2021,2021,Delhi,Delhi West (DL-08),4W,SUV,Tata Motors,Diesel,BS6,1197.0,8,3,False,True,44.11764705882353,94.11764705882352
REG102885,06-07-2023,2023,Madhya Pradesh,Jabalpur (MP-20),LCV,Light Bus,Ashok Leyland,Diesel,BS6,2956.0,9,1,False,True,36.36363636363637,96.36363636363636
REG102886,13-05-2021,2021,Telangana,Warangal (TS-03),4W,SUV,Toyota,Petrol,BS6,1968.0,5,3,False,True,38.70967741935484,93.54838709677419
REG102887,26-06-2022,2022,Punjab,Chandigarh (CH-01),4W,SUV,Hyundai,Petrol,BS6,1598.0,7,2,False,True,39.21568627450981,98.0392156862745
REG102888,25-02-2022,2022,Madhya Pradesh,Indore (MP-09),4W,Hatchback,Honda,Petrol,BS6,1968.0,5,2,False,True,39.53488372093023,100.0
REG102889,11-06-2024,2024,Delhi,Delhi East (DL-02),2W,Scooter,Honda,Petrol,BS6,350.0,2,0,False,True,41.02564102564102,100.0
REG102890,05-08-2024,2024,Rajasthan,Udaipur (RJ-27),4W,Sedan,Honda,Petrol,BS6,800.0,5,0,False,True,41.02564102564102,100.0
REG102891,14-11-2020,2020,Telangana,Hyderabad (TS-09),3W,Tempo,Mahindra,Diesel,BS6,200.0,6,4,False,True,45.16129032258064,90.32258064516128
REG102892,13-11-2023,2023,Punjab,Ludhiana (PB-10),2W,Scooter,Bajaj,Petrol,BS6,160.0,2,1,False,True,33.33333333333333,100.0
REG102893,18-06-2021,2021,Rajasthan,Jaipur (RJ-14),2W,Scooter,Hero,Petrol,BS6,160.0,2,3,False,True,42.857142857142854,95.23809523809523
REG102894,29-03-2020,2020,Punjab,Patiala (PB-11),2W,Motorcycle,Suzuki,EV,BS6,0.0,2,4,True,True,29.03225806451613,87.09677419354838
REG102895,03-12-2021,2021,Gujarat,Surat (GJ-05),4W,Hatchback,Kia,Diesel,BS6,1498.0,5,3,False,True,50.0,95.0
REG102896,16-03-2021,2021,Maharashtra,Pune (MH-12),2W,Motorcycle,Suzuki,Petrol,BS6,400.0,2,3,False,True,44.73684210526316,100.0
REG102897,15-08-2021,2021,Tamil Nadu,Coimbatore (TN-37),2W,Scooter,TVS,EV,BS6,0.0,2,3,True,True,21.62162162162162,89.1891891891892
REG102898,13-01-2021,2021,West Bengal,Howrah (WB-13),4W,Hatchback,Hyundai,EV,BS6,0.0,5,3,True,True,39.130434782608695,95.65217391304348
REG102899,11-11-2021,2021,Delhi,Delhi Central (DL-01),3W,Tempo,Piaggio,EV,BS6,0.0,3,3,True,True,44.11764705882353,94.11764705882352
REG102900,25-11-2022,2022,Karnataka,Bangalore Central (KA-01),4W,Sedan,Skoda,Diesel,BS6,1000.0,5,2,False,True,43.333333333333336,96.66666666666667
REG102901,05-03-2024,2024,Maharashtra,Nashik (MH-15),2W,Moped,Honda,CNG,BS6,250.0,2,0,True,True,45.714285714285715,100.0
REG102902,14-03-2019,2019,Rajasthan,Jaipur (RJ-14),LCV,Mini Truck,Mahindra,Diesel,BS4,2523.0,9,5,False,False,23.809523809523807,14.285714285714285
REG102903,07-05-2019,2019,Maharashtra,Aurangabad (MH-20),3W,Tempo,Piaggio,CNG,BS4,225.0,7,5,True,False,36.84210526315789,5.263157894736842
REG102904,14-01-2023,2023,Karnataka,Hubli (KA-25),2W,Moped,KTM,EV,BS6,0.0,2,1,True,True,37.17948717948718,99.14529914529915
REG102905,27-06-2022,2022,Tamil Nadu,Trichy (TN-45),3W,E-Rickshaw,Mahindra,CNG,BS6,200.0,3,2,True,True,48.148148148148145,96.29629629629629
REG102906,04-01-2023,2023,Delhi,Delhi Central (DL-01),2W,Scooter,Hero,Petrol,BS6,125.0,2,1,False,True,36.666666666666664,98.33333333333333
REG102907,20-04-2022,2022,Madhya Pradesh,Jabalpur (MP-20),4W,Sedan,Renault,Diesel,BS6,1498.0,5,2,False,True,39.53488372093023,100.0
REG102908,29-11-2021,2021,Maharashtra,Pune (MH-12),4W,MUV,MG,Hybrid,BS6,800.0,7,3,True,True,44.73684210526316,100.0
REG102909,14-12-2023,2023,Maharashtra,Aurangabad (MH-20),4W,Sedan,Kia,Diesel,BS6,1598.0,5,1,False,True,32.72727272727273,98.18181818181819
REG102910,23-01-2022,2022,Madhya Pradesh,Bhopal (MP-04),4W,Sedan,Mahindra,Diesel,BS6,1000.0,5,2,False,True,39.53488372093023,100.0
REG102911,06-05-2021,2021,Telangana,Warangal (TS-03),2W,Motorcycle,Hero,Hybrid,BS6,160.0,2,3,True,True,38.70967741935484,93.54838709677419
REG102912,02-10-2018,2018,Uttar Pradesh,Lucknow (UP-32),2W,Scooter,TVS,Petrol,BS4,400.0,2,6,False,False,37.5,0.0
REG102913,17-12-2022,2022,Tamil Nadu,Madurai (TN-58),4W,Sedan,Maruti Suzuki,Hybrid,BS6,1000.0,5,2,True,True,48.148148148148145,96.29629629629629
REG102914,02-10-2024,2024,Telangana,Hyderabad (TS-09),4W,MUV,Mahindra,Diesel,BS6,1000.0,8,0,False,True,25.71428571428571,100.0
REG102915,06-09-2023,2023,Delhi,Delhi North (DL-04),4W,MUV,Renault,CNG,BS6,1968.0,8,1,True,True,36.666666666666664,98.33333333333333
REG102916,21-02-2020,2020,Tamil Nadu,Chennai Central (TN-01),2W,Scooter,TVS,Petrol,BS4,100.0,2,4,False,False,34.285714285714285,85.71428571428571
REG102917,01-12-2022,2022,West Bengal,Kolkata (WB-01),3W,E-Rickshaw,Piaggio,CNG,BS6,250.0,3,2,True,True,35.714285714285715,98.21428571428571
REG102918,27-10-2023,2023,Tamil Nadu,Coimbatore (TN-37),3W,Tempo,TVS,CNG,BS4,200.0,7,1,True,False,41.509433962264154,96.22641509433963
REG102919,22-07-2022,2022,Gujarat,Vadodara (GJ-06),2W,Scooter,Suzuki,EV,BS6,0.0,2,2,True,True,50.0,95.65217391304348
REG102920,13-08-2022,2022,Rajasthan,Udaipur (RJ-27),4W,Sedan,MG,Diesel,BS6,2179.0,5,2,False,True,30.0,100.0
REG102921,24-02-2022,2022,Kerala,Kollam (KL-02),3W,Auto Rickshaw,Mahindra,CNG,BS6,225.0,7,2,True,True,32.608695652173914,100.0
REG102922,05-07-2024,2024,Uttar Pradesh,Varanasi (UP-65),HCV,Tanker,Eicher,Diesel,BS6,6700.0,2,0,False,True,27.77777777777778,100.0
REG102923,26-03-2021,2021,West Bengal,Kolkata (WB-01),2W,Moped,KTM,Hybrid,BS6,125.0,2,3,True,True,39.130434782608695,95.65217391304348
REG102924,01-04-2023,2023,Delhi,Delhi West (DL-08),4W,Hatchback,Kia,Petrol,BS6,2179.0,5,1,False,True,36.666666666666664,98.33333333333333
REG102925,19-02-2023,2023,Delhi,Delhi East (DL-02),2W,Moped,Honda,Petrol,BS6,160.0,2,1,False,True,36.666666666666664,98.33333333333333
REG102926,30-09-2019,2019,Tamil Nadu,Chennai Central (TN-01),2W,Scooter,Ather,Petrol,BS4,250.0,2,5,False,False,31.818181818181817,9.090909090909092
REG102927,17-10-2021,2021,Delhi,Delhi North (DL-04),2W,Motorcycle,Royal Enfield,Petrol,BS6,250.0,2,3,False,True,44.11764705882353,94.11764705882352
REG102928,29-04-2022,2022,Punjab,Patiala (PB-11),LCV,Mini Truck,Mahindra,Diesel,BS4,2523.0,9,2,False,False,39.21568627450981,98.0392156862745
REG102929,26-04-2020,2020,Gujarat,Gandhinagar (GJ-18),2W,Moped,Ola Electric,EV,BS4,0.0,2,4,True,False,33.33333333333333,81.81818181818183
REG102930,28-02-2024,2024,Rajasthan,Ajmer (RJ-01),OTH,Road Roller,TAFE,Petrol,BS6,4998.0,2,0,False,True,41.02564102564102,100.0
REG102931,26-01-2018,2018,Maharashtra,Nashik (MH-15),2W,Motorcycle,Royal Enfield,Petrol,BS4,250.0,2,6,False,False,44.44444444444444,0.0
REG102932,21-03-2020,2020,Kerala,Kochi (KL-07),4W,Hatchback,Renault,Diesel,BS6,1498.0,5,4,False,True,37.5,87.5
REG102933,25-07-2022,2022,Karnataka,Belgaum (KA-22),2W,Motorcycle,Ather,Petrol,BS6,100.0,2,2,False,True,43.333333333333336,96.66666666666667
REG102934,10-11-2024,2024,West Bengal,Durgapur (WB-40),4W,SUV,Skoda,Diesel,BS6,2179.0,5,0,False,True,27.027027027027028,100.0
REG102935,07-10-2019,2019,Rajasthan,Jodhpur (RJ-19),HCV,Bus,Tata Motors,Diesel,BS4,6700.0,32,5,False,False,23.809523809523807,14.285714285714285
REG102936,05-01-2022,2022,Uttar Pradesh,Agra (UP-80),3W,Auto Rickshaw,Atul Auto,EV,BS6,0.0,3,2,True,True,42.592592592592595,96.29629629629629
REG102937,13-04-2019,2019,West Bengal,Howrah (WB-13),4W,SUV,Honda,Petrol,BS4,1000.0,6,5,False,False,42.10526315789473,10.526315789473683
REG102938,01-08-2023,2023,Punjab,Jalandhar (PB-08),OTH,Crane,John Deere,Diesel,BS6,3760.0,1,1,False,True,33.33333333333333,100.0
REG102939,21-10-2022,2022,Punjab,Amritsar (PB-02),4W,Sedan,MG,CNG,BS6,1462.0,5,2,True,True,39.21568627450981,98.0392156862745
REG102940,07-01-2023,2023,Uttar Pradesh,Allahabad (UP-70),OTH,Tractor,Mahindra,Diesel,BS6,6700.0,1,1,False,True,26.666666666666668,100.0
REG102941,10-04-2021,2021,Uttar Pradesh,Varanasi (UP-65),2W,Moped,TVS,Petrol,BS6,250.0,2,3,False,True,30.76923076923077,94.87179487179486
REG102942,24-01-2021,2021,Karnataka,Mysore (KA-09),2W,Moped,Ather,Petrol,BS6,160.0,2,3,False,True,32.88590604026846,94.63087248322147
REG102943,31-05-2020,2020,Kerala,Kollam (KL-02),LCV,Mini Truck,Force Motors,CNG,BS6,3298.0,9,4,True,True,37.5,87.5
REG102944,08-10-2023,2023,Rajasthan,Ajmer (RJ-01),2W,Moped,Suzuki,Petrol,BS6,110.0,2,1,False,True,32.83582089552239,100.0
REG102945,14-06-2023,2023,Tamil Nadu,Salem (TN-30),LCV,Light Bus,Mahindra,CNG,BS6,3298.0,9,1,True,True,41.509433962264154,96.22641509433963
REG102946,19-11-2022,2022,West Bengal,Durgapur (WB-40),2W,Moped,TVS,Petrol,BS6,160.0,2,2,False,True,35.714285714285715,98.21428571428571
REG102947,03-03-2020,2020,West Bengal,Siliguri (WB-73),LCV,Mini Truck,Mahindra,EV,BS6,0.0,9,4,True,True,30.76923076923077,88.46153846153845
REG102948,09-05-2023,2023,Punjab,Patiala (PB-11),2W,Scooter,Honda,Petrol,BS6,200.0,2,1,False,True,33.33333333333333,100.0
REG102949,28-08-2020,2020,Delhi,Delhi Central (DL-01),2W,Motorcycle,Hero,EV,BS4,0.0,2,4,True,False,38.23529411764706,85.29411764705883
REG102950,23-12-2023,2023,Uttar Pradesh,Allahabad (UP-70),4W,SUV,Skoda,Petrol,BS6,1498.0,7,1,False,True,26.666666666666668,100.0
REG102951,09-11-2018,2018,Punjab,Patiala (PB-11),3W,Tempo,TVS,Petrol,BS3,225.0,7,6,False,False,18.181818181818183,0.0
REG102952,02-08-2024,2024,Karnataka,Mangalore (KA-19),3W,Auto Rickshaw,TVS,EV,BS6,0.0,7,0,True,True,41.29032258064516,100.0
REG102953,19-08-2020,2020,Karnataka,Bangalore Central (KA-01),LCV,Mini Truck,Eicher,Diesel,BS6,2523.0,9,4,False,True,37.5,83.33333333333334
REG102954,28-12-2021,2021,Kerala,Kochi (KL-07),2W,Moped,Bajaj,CNG,BS6,125.0,2,3,True,True,37.254901960784316,94.11764705882352
REG102955,28-04-2023,2023,Gujarat,Surat (GJ-05),4W,Sedan,Kia,Petrol,BS6,800.0,5,1,False,True,36.84210526315789,100.0
REG102956,18-02-2021,2021,Madhya Pradesh,Indore (MP-09),2W,Motorcycle,Suzuki,Petrol,BS6,400.0,2,3,False,True,44.89795918367347,95.91836734693877
REG102957,20-03-2024,2024,Karnataka,Hubli (KA-25),2W,Motorcycle,Royal Enfield,Hybrid,BS6,100.0,2,0,True,True,41.29032258064516,100.0
REG102958,30-07-2022,2022,Tamil Nadu,Madurai (TN-58),2W,Scooter,Hero,CNG,BS6,200.0,2,2,True,True,48.148148148148145,96.29629629629629
REG102959,02-08-2023,2023,Kerala,Thiruvananthapuram (KL-01),2W,Moped,Ather,Petrol,BS6,160.0,2,1,False,True,30.508474576271187,96.61016949152543
REG102960,14-11-2022,2022,Maharashtra,Aurangabad (MH-20),4W,SUV,Hyundai,Petrol,BS6,1498.0,5,2,False,True,41.86046511627907,97.67441860465115
REG102961,17-12-2023,2023,Delhi,Delhi North (DL-04),2W,Scooter,TVS,Petrol,BS6,160.0,2,1,False,True,36.666666666666664,98.33333333333333
REG102962,06-02-2023,2023,Maharashtra,Aurangabad (MH-20),LCV,Mini Truck,Force Motors,Diesel,BS4,2523.0,9,1,False,False,32.72727272727273,98.18181818181819
REG102963,31-03-2023,2023,Delhi,Delhi West (DL-08),2W,Moped,Royal Enfield,Petrol,BS6,100.0,2,1,False,True,36.666666666666664,98.33333333333333
REG102964,04-11-2022,2022,Madhya Pradesh,Indore (MP-09),2W,Scooter,Suzuki,EV,BS6,0.0,2,2,True,True,39.53488372093023,100.0
REG102965,17-02-2019,2019,Tamil Nadu,Trichy (TN-45),2W,Motorcycle,Ather,Petrol,BS4,110.0,2,5,False,False,31.818181818181817,9.090909090909092
REG102966,29-04-2018,2018,Madhya Pradesh,Ujjain (MP-13),4W,Sedan,Skoda,EV,BS4,0.0,5,6,True,False,34.78260869565217,0.0
REG102967,06-04-2020,2020,Gujarat,Surat (GJ-05),2W,Scooter,Suzuki,CNG,BS4,160.0,2,4,True,False,33.33333333333333,81.81818181818183
REG102968,12-05-2022,2022,Uttar Pradesh,Kanpur (UP-78),2W,Scooter,Ather,EV,BS6,0.0,2,2,True,True,42.592592592592595,96.29629629629629
REG102969,11-05-2022,2022,West Bengal,Durgapur (WB-40),2W,Moped,Ather,Petrol,BS6,100.0,2,2,False,True,35.714285714285715,98.21428571428571
REG102970,15-10-2021,2021,Telangana,Karimnagar (TS-01),4W,SUV,Kia,Petrol,BS6,1197.0,8,3,False,True,38.70967741935484,93.54838709677419
REG102971,12-01-2021,2021,Punjab,Ludhiana (PB-10),4W,SUV,Maruti Suzuki,Diesel,BS6,1598.0,6,3,False,True,38.46153846153847,100.0
REG102972,19-11-2024,2024,Telangana,Khammam (TS-07),4W,SUV,Skoda,Petrol,BS6,800.0,6,0,False,True,25.71428571428571,100.0
REG102973,19-02-2020,2020,Punjab,Jalandhar (PB-08),4W,MUV,Kia,Diesel,BS6,2179.0,8,4,False,True,29.03225806451613,87.09677419354838
REG102974,30-10-2020,2020,Rajasthan,Jaipur (RJ-14),2W,Motorcycle,Ather,EV,BS6,0.0,2,4,True,True,52.0,84.0
REG102975,08-11-2024,2024,Rajasthan,Kota (RJ-20),2W,Moped,KTM,Petrol,BS6,250.0,2,0,False,True,41.02564102564102,100.0
REG102976,24-10-2022,2022,Madhya Pradesh,Jabalpur (MP-20),3W,E-Rickshaw,Mahindra,Diesel,BS6,250.0,3,2,False,True,39.53488372093023,100.0
REG102977,14-05-2022,2022,Maharashtra,Nashik (MH-15),4W,MUV,Maruti Suzuki,Diesel,BS6,2179.0,5,2,False,True,41.86046511627907,97.67441860465115
REG102978,18-08-2023,2023,Karnataka,Bangalore Central (KA-01),HCV,Bus,Eicher,Diesel,BS6,3760.0,32,1,False,True,37.17948717948718,99.14529914529915
REG102979,23-06-2021,2021,Uttar Pradesh,Varanasi (UP-65),4W,MUV,Honda,Hybrid,BS6,1000.0,8,3,True,True,30.76923076923077,94.87179487179486
REG102980,16-12-2022,2022,Maharashtra,Mumbai Central (MH-01),2W,Moped,Royal Enfield,Petrol,BS6,125.0,2,2,False,True,41.86046511627907,97.67441860465115
REG102981,21-09-2024,2024,Delhi,Delhi West (DL-08),4W,SUV,Skoda,EV,BS6,0.0,5,0,True,True,41.02564102564102,100.0
REG102982,23-10-2021,2021,Gujarat,Vadodara (GJ-06),4W,Hatchback,Toyota,Diesel,BS6,1462.0,5,3,False,True,50.0,95.0
REG102983,06-02-2023,2023,Rajasthan,Kota (RJ-20),2W,Moped,Royal Enfield,Petrol,BS6,350.0,2,1,False,True,32.83582089552239,100.0
REG102984,08-03-2021,2021,Kerala,Kollam (KL-02),4W,SUV,MG,Petrol,BS6,1598.0,5,3,False,True,37.254901960784316,94.11764705882352
REG102985,03-06-2020,2020,Madhya Pradesh,Indore (MP-09),4W,MUV,Honda,Hybrid,BS6,1462.0,5,4,True,True,45.45454545454545,81.81818181818183
REG102986,28-07-2021,2021,Madhya Pradesh,Jabalpur (MP-20),4W,Sedan,Renault,EV,BS6,0.0,5,3,True,True,44.89795918367347,95.91836734693877
REG102987,12-01-2018,2018,Madhya Pradesh,Jabalpur (MP-20),2W,Moped,Yamaha,Petrol,BS4,110.0,2,6,False,False,34.78260869565217,0.0
REG102988,29-11-2019,2019,Tamil Nadu,Salem (TN-30),4W,MUV,Skoda,Diesel,BS4,1462.0,5,5,False,False,31.818181818181817,9.090909090909092
REG102989,01-09-2021,2021,Gujarat,Gandhinagar (GJ-18),LCV,Mini Truck,Force Motors,Diesel,BS6,2523.0,9,3,False,True,50.0,95.0
REG102990,05-06-2022,2022,Uttar Pradesh,Agra (UP-80),2W,Motorcycle,Bajaj,Hybrid,BS6,160.0,2,2,True,True,42.592592592592595,96.29629629629629
REG102991,06-05-2023,2023,Delhi,Delhi South (DL-09),2W,Moped,Ola Electric,Petrol,BS6,150.0,2,1,False,True,36.666666666666664,98.33333333333333
REG102992,04-08-2021,2021,Karnataka,Belgaum (KA-22),2W,Motorcycle,Bajaj,Petrol,BS6,110.0,2,3,False,True,32.88590604026846,94.63087248322147
REG102993,25-08-2021,2021,West Bengal,Kolkata (WB-01),2W,Motorcycle,Honda,EV,BS6,0.0,2,3,True,True,39.130434782608695,95.65217391304348
REG102994,02-10-2024,2024,Uttar Pradesh,Kanpur (UP-78),4W,Sedan,Honda,Petrol,BS6,1598.0,5,0,False,True,27.77777777777778,100.0
REG102995,11-09-2023,2023,Telangana,Khammam (TS-07),LCV,Light Bus,Eicher,Diesel,BS6,3298.0,15,1,False,True,32.25806451612903,98.38709677419355
REG102996,01-07-2021,2021,Gujarat,Vadodara (GJ-06),4W,SUV,Renault,EV,BS6,0.0,8,3,True,True,50.0,95.0
REG102997,13-10-2021,2021,Kerala,Thrissur (KL-08),4W,Hatchback,Mahindra,Diesel,BS6,2179.0,5,3,False,True,37.254901960784316,94.11764705882352
REG102998,07-06-2022,2022,Maharashtra,Nagpur (MH-31),LCV,Mini Truck,Force Motors,Diesel,BS6,2956.0,9,2,False,True,41.86046511627907,97.67441860465115
REG102999,16-04-2020,2020,Delhi,Delhi West (DL-08),2W,Scooter,KTM,Hybrid,BS4,100.0,2,4,True,False,38.23529411764706,85.29411764705883
REG103000,18-01-2024,2024,Punjab,Patiala (PB-11),2W,Motorcycle,Hero,EV,BS6,0.0,2,0,True,True,31.25,100.0
REG103001,15-05-2023,2023,Rajasthan,Udaipur (RJ-27),2W,Moped,TVS,Petrol,BS6,200.0,2,1,False,True,32.83582089552239,100.0
REG103002,12-04-2020,2020,Delhi,Delhi South (DL-09),OTH,Crane,Sonalika,Diesel,BS6,4998.0,1,4,False,True,38.23529411764706,85.29411764705883
REG103003,10-02-2022,2022,Uttar Pradesh,Lucknow (UP-32),4W,Hatchback,Maruti Suzuki,Petrol,BS6,1000.0,5,2,False,True,42.592592592592595,96.29629629629629
REG103004,03-11-2019,2019,Kerala,Kochi (KL-07),4W,SUV,Honda,Petrol,BS4,1498.0,8,5,False,False,39.130434782608695,4.3478260869565215
REG103005,21-05-2020,2020,Rajasthan,Jaipur (RJ-14),2W,Motorcycle,Yamaha,EV,BS6,0.0,2,4,True,True,52.0,84.0
REG103006,19-09-2022,2022,Uttar Pradesh,Lucknow (UP-32),2W,Scooter,KTM,EV,BS6,0.0,2,2,True,True,42.592592592592595,96.29629629629629
REG103007,10-12-2022,2022,Telangana,Karimnagar (TS-01),4W,SUV,MG,Hybrid,BS6,1968.0,6,2,True,True,37.5,97.91666666666666
REG103008,28-10-2021,2021,Kerala,Kollam (KL-02),2W,Scooter,TVS,Petrol,BS6,200.0,2,3,False,True,37.254901960784316,94.11764705882352
REG103009,20-12-2020,2020,Maharashtra,Aurangabad (MH-20),4W,Hatchback,Kia,EV,BS6,0.0,5,4,True,True,34.61538461538461,84.61538461538461
REG103010,10-06-2024,2024,Kerala,Kochi (KL-07),4W,Sedan,MG,Diesel,BS6,1498.0,5,0,False,True,36.17021276595745,100.0
REG103011,01-07-2019,2019,Madhya Pradesh,Indore (MP-09),4W,MUV,Tata Motors,Petrol,BS4,1000.0,6,5,False,False,44.44444444444444,7.4074074074074066
REG103012,20-04-2021,2021,Karnataka,Belgaum (KA-22),2W,Motorcycle,Royal Enfield,EV,BS6,0.0,2,3,True,True,32.88590604026846,94.63087248322147
REG103013,02-06-2020,2020,Punjab,Chandigarh (CH-01),2W,Moped,Ather,Petrol,BS6,160.0,2,4,False,True,29.03225806451613,87.09677419354838
REG103014,11-12-2019,2019,Tamil Nadu,Chennai Central (TN-01),2W,Moped,Royal Enfield,Petrol,BS6,125.0,2,5,False,True,31.818181818181817,9.090909090909092
REG103015,15-12-2024,2024,Kerala,Kochi (KL-07),4W,MUV,Mahindra,Diesel,BS6,1968.0,8,0,False,True,36.17021276595745,100.0
REG103016,09-02-2024,2024,Gujarat,Rajkot (GJ-03),3W,Auto Rickshaw,Piaggio,CNG,BS6,225.0,3,0,True,True,35.294117647058826,100.0
REG103017,10-02-2023,2023,Tamil Nadu,Madurai (TN-58),3W,Auto Rickshaw,TVS,Diesel,BS6,250.0,3,1,False,True,41.509433962264154,96.22641509433963
REG103018,05-11-2019,2019,Punjab,Patiala (PB-11),4W,SUV,Tata Motors,EV,BS4,0.0,7,5,True,False,52.63157894736842,15.789473684210526
REG103019,08-02-2023,2023,Punjab,Patiala (PB-11),2W,Moped,Ather,Petrol,BS6,125.0,2,1,False,True,33.33333333333333,100.0
REG103020,14-11-2022,2022,Telangana,Karimnagar (TS-01),2W,Moped,Honda,Petrol,BS6,125.0,2,2,False,True,37.5,97.91666666666666
REG103021,20-10-2021,2021,Delhi,Delhi South (DL-09),2W,Motorcycle,Ola Electric,Petrol,BS4,110.0,2,3,False,False,44.11764705882353,94.11764705882352
REG103022,07-04-2023,2023,Telangana,Hyderabad (TS-09),4W,Sedan,Renault,Petrol,BS6,1498.0,5,1,False,True,32.25806451612903,98.38709677419355
REG103023,09-07-2019,2019,Kerala,Kollam (KL-02),OTH,Tractor,John Deere,Diesel,BS4,4998.0,1,5,False,False,39.130434782608695,4.3478260869565215
REG103024,02-02-2024,2024,Kerala,Kochi (KL-07),OTH,Tractor,Escorts,Petrol,BS6,6700.0,1,0,False,True,36.17021276595745,100.0
REG103025,15-02-2021,2021,Tamil Nadu,Salem (TN-30),LCV,Pickup Van,Tata Motors,Diesel,BS6,2956.0,9,3,False,True,21.62162162162162,89.1891891891892
REG103026,13-06-2024,2024,Karnataka,Hubli (KA-25),LCV,Pickup Van,Ashok Leyland,Diesel,BS6,2956.0,9,0,False,True,41.29032258064516,100.0
REG103027,10-12-2022,2022,Delhi,Delhi Central (DL-01),4W,SUV,Maruti Suzuki,Diesel,BS6,1000.0,5,2,False,True,28.57142857142857,100.0
REG103028,22-08-2023,2023,Punjab,Jalandhar (PB-08),2W,Moped,Royal Enfield,EV,BS6,0.0,2,1,True,True,33.33333333333333,100.0
REG103029,05-04-2019,2019,Kerala,Thrissur (KL-08),2W,Scooter,Yamaha,Petrol,BS4,160.0,2,5,False,False,39.130434782608695,4.3478260869565215
REG103030,02-08-2021,2021,Punjab,Chandigarh (CH-01),2W,Moped,Ola Electric,Petrol,BS6,160.0,2,3,False,True,38.46153846153847,100.0
REG103031,14-07-2024,2024,Madhya Pradesh,Bhopal (MP-04),HCV,Truck,Tata Motors,Diesel,BS6,6700.0,2,0,False,True,48.837209302325576,100.0
REG103032,09-05-2019,2019,Karnataka,Bangalore Central (KA-01),2W,Moped,Ather,EV,BS4,0.0,2,5,True,False,31.32530120481928,9.63855421686747
REG103033,17-12-2024,2024,Kerala,Thiruvananthapuram (KL-01),2W,Motorcycle,Suzuki,EV,BS6,0.0,2,0,True,True,36.17021276595745,100.0
REG103034,13-11-2023,2023,Madhya Pradesh,Jabalpur (MP-20),2W,Moped,Suzuki,Petrol,BS6,160.0,2,1,False,True,36.36363636363637,96.36363636363636
REG103035,14-02-2022,2022,Uttar Pradesh,Kanpur (UP-78),2W,Motorcycle,Royal Enfield,EV,BS6,0.0,2,2,True,True,42.592592592592595,96.29629629629629
REG103036,10-10-2019,2019,Maharashtra,Nagpur (MH-31),4W,Sedan,Toyota,Diesel,BS4,2179.0,5,5,False,False,36.84210526315789,5.263157894736842
REG103037,14-10-2023,2023,Kerala,Kochi (KL-07),2W,Motorcycle,Hero,EV,BS6,0.0,2,1,True,True,30.508474576271187,96.61016949152543
REG103038,16-03-2022,2022,Punjab,Jalandhar (PB-08),4W,SUV,Mahindra,CNG,BS6,1598.0,5,2,True,True,39.21568627450981,98.0392156862745
REG103039,25-11-2023,2023,Gujarat,Vadodara (GJ-06),2W,Moped,Hero,Petrol,BS6,100.0,2,1,False,True,36.84210526315789,100.0
REG103040,15-01-2018,2018,Kerala,Kochi (KL-07),HCV,Tanker,Tata Motors,Diesel,BS4,4998.0,2,6,False,False,36.36363636363637,0.0
REG103041,21-12-2021,2021,Gujarat,Ahmedabad (GJ-01),2W,Scooter,Royal Enfield,EV,BS6,0.0,2,3,True,True,50.0,95.0
REG103042,27-10-2023,2023,Rajasthan,Jaipur (RJ-14),4W,Hatchback,Kia,Petrol,BS6,1498.0,5,1,False,True,32.83582089552239,100.0
REG103043,18-06-2019,2019,Uttar Pradesh,Varanasi (UP-65),HCV,Trailer,Ashok Leyland,Diesel,BS4,5660.0,2,5,False,False,27.27272727272727,0.0
REG103044,14-07-2024,2024,Tamil Nadu,Coimbatore (TN-37),3W,E-Rickshaw,Atul Auto,EV,BS6,0.0,3,0,True,True,38.88888888888889,100.0
REG103045,02-08-2021,2021,Kerala,Kollam (KL-02),4W,Sedan,Hyundai,Petrol,BS6,1197.0,5,3,False,True,37.254901960784316,94.11764705882352
REG103046,04-09-2021,2021,Punjab,Chandigarh (CH-01),LCV,Mini Truck,Mahindra,CNG,BS6,3298.0,9,3,True,True,38.46153846153847,100.0
REG103047,04-03-2018,2018,West Bengal,Kolkata (WB-01),4W,Hatchback,Mahindra,Diesel,BS4,1498.0,5,6,False,False,50.0,0.0
REG103048,04-03-2022,2022,Kerala,Kochi (KL-07),4W,SUV,Kia,Petrol,BS6,1498.0,8,2,False,True,32.608695652173914,100.0
REG103049,29-10-2019,2019,Punjab,Chandigarh (CH-01),HCV,Bus,Volvo,Diesel,BS4,5660.0,32,5,False,False,52.63157894736842,15.789473684210526
REG103050,06-03-2021,2021,Kerala,Thrissur (KL-08),3W,Tempo,Bajaj,EV,BS6,0.0,6,3,True,True,37.254901960784316,94.11764705882352
REG103051,31-07-2023,2023,Maharashtra,Aurangabad (MH-20),2W,Moped,Ather,Petrol,BS6,200.0,2,1,False,True,32.72727272727273,98.18181818181819
REG103052,01-10-2023,2023,Uttar Pradesh,Kanpur (UP-78),4W,Sedan,Toyota,Hybrid,BS6,1197.0,5,1,True,True,26.666666666666668,100.0
REG103053,10-07-2020,2020,Telangana,Warangal (TS-03),4W,Hatchback,Hyundai,Diesel,BS6,1462.0,5,4,False,True,45.16129032258064,90.32258064516128
REG103054,06-09-2021,2021,Uttar Pradesh,Allahabad (UP-70),3W,E-Rickshaw,Atul Auto,Petrol,BS6,200.0,3,3,False,True,30.76923076923077,94.87179487179486
REG103055,03-09-2023,2023,West Bengal,Asansol (WB-39),2W,Scooter,Royal Enfield,Petrol,BS6,160.0,2,1,False,True,45.0,97.5
REG103056,22-11-2019,2019,Kerala,Kozhikode (KL-11),4W,MUV,Toyota,Petrol,BS4,1462.0,5,5,False,False,39.130434782608695,4.3478260869565215
REG103057,25-12-2023,2023,West Bengal,Durgapur (WB-40),LCV,Light Bus,Ashok Leyland,CNG,BS6,2956.0,12,1,True,True,45.0,97.5
REG103058,27-09-2023,2023,Telangana,Karimnagar (TS-01),HCV,Truck,MAN,Diesel,BS6,6700.0,2,1,False,True,32.25806451612903,98.38709677419355
REG103059,12-05-2022,2022,Uttar Pradesh,Varanasi (UP-65),2W,Motorcycle,Honda,EV,BS6,0.0,2,2,True,True,42.592592592592595,96.29629629629629
REG103060,25-11-2023,2023,Delhi,Delhi West (DL-08),4W,SUV,Toyota,Petrol,BS4,1968.0,7,1,False,False,36.666666666666664,98.33333333333333
REG103061,05-01-2020,2020,Karnataka,Belgaum (KA-22),2W,Moped,Ola Electric,Petrol,BS4,100.0,2,4,False,False,37.5,83.33333333333334
REG103062,09-04-2023,2023,Punjab,Ludhiana (PB-10),2W,Moped,TVS,Petrol,BS6,100.0,2,1,False,True,33.33333333333333,100.0
REG103063,23-05-2020,2020,Karnataka,Hubli (KA-25),4W,Sedan,Tata Motors,Petrol,BS6,1462.0,5,4,False,True,37.5,83.33333333333334
REG103064,24-09-2018,2018,Gujarat,Gandhinagar (GJ-18),2W,Scooter,Suzuki,EV,BS4,0.0,2,6,True,False,41.66666666666667,0.0
REG103065,03-06-2023,2023,Uttar Pradesh,Lucknow (UP-32),HCV,Truck,Volvo,Diesel,BS6,5660.0,2,1,False,True,26.666666666666668,100.0
REG103066,24-07-2023,2023,Karnataka,Hubli (KA-25),LCV,Pickup Van,Mahindra,Diesel,BS6,2956.0,9,1,False,True,37.17948717948718,99.14529914529915
REG103067,26-06-2021,2021,West Bengal,Kolkata (WB-01),HCV,Trailer,Volvo,Diesel,BS6,4998.0,2,3,False,True,39.130434782608695,95.65217391304348
REG103068,20-11-2024,2024,Tamil Nadu,Salem (TN-30),2W,Scooter,KTM,Petrol,BS6,125.0,2,0,False,True,38.88888888888889,100.0
REG103069,15-11-2024,2024,West Bengal,Howrah (WB-13),2W,Scooter,Bajaj,Petrol,BS6,160.0,2,0,False,True,27.027027027027028,100.0
REG103070,17-11-2021,2021,Karnataka,Bangalore Central (KA-01),4W,Sedan,Renault,Diesel,BS6,1197.0,5,3,False,True,32.88590604026846,94.63087248322147
REG103071,03-12-2023,2023,Kerala,Thiruvananthapuram (KL-01),2W,Motorcycle,Yamaha,Petrol,BS6,150.0,2,1,False,True,30.508474576271187,96.61016949152543
REG103072,09-10-2021,2021,Telangana,Warangal (TS-03),LCV,Light Bus,Force Motors,Diesel,BS6,2956.0,9,3,False,True,38.70967741935484,93.54838709677419
REG103073,25-11-2021,2021,Tamil Nadu,Salem (TN-30),2W,Scooter,Bajaj,EV,BS6,0.0,2,3,True,True,21.62162162162162,89.1891891891892
REG103074,04-09-2022,2022,Gujarat,Vadodara (GJ-06),4W,Hatchback,MG,CNG,BS6,1598.0,5,2,True,True,50.0,95.65217391304348
REG103075,11-07-2019,2019,Madhya Pradesh,Ujjain (MP-13),4W,Hatchback,Skoda,Diesel,BS4,1598.0,5,5,False,False,44.44444444444444,7.4074074074074066
REG103076,26-03-2023,2023,Tamil Nadu,Trichy (TN-45),4W,SUV,Kia,Petrol,BS6,1598.0,6,1,False,True,41.509433962264154,96.22641509433963
REG103077,10-12-2020,2020,Madhya Pradesh,Bhopal (MP-04),2W,Scooter,Ola Electric,EV,BS4,0.0,2,4,True,False,45.45454545454545,81.81818181818183
REG103078,14-07-2022,2022,Telangana,Nizamabad (TS-05),4W,MUV,Kia,Diesel,BS6,1598.0,5,2,False,True,37.5,97.91666666666666
REG103079,18-04-2023,2023,West Bengal,Kolkata (WB-01),2W,Scooter,Ola Electric,Petrol,BS6,160.0,2,1,False,True,45.0,97.5
REG103080,30-03-2024,2024,Delhi,Delhi North (DL-04),4W,MUV,Hyundai,Diesel,BS6,1197.0,5,0,False,True,41.02564102564102,100.0
REG103081,03-05-2024,2024,Punjab,Amritsar (PB-02),4W,Hatchback,MG,Diesel,BS6,1498.0,5,0,False,True,31.25,100.0
REG103082,25-01-2024,2024,Rajasthan,Jodhpur (RJ-19),2W,Scooter,KTM,Petrol,BS6,110.0,2,0,False,True,41.02564102564102,100.0
REG103083,15-05-2023,2023,Karnataka,Hubli (KA-25),4W,MUV,MG,Petrol,BS6,1462.0,5,1,False,True,37.17948717948718,99.14529914529915
REG103084,28-08-2021,2021,Madhya Pradesh,Gwalior (MP-07),4W,MUV,Tata Motors,Petrol,BS6,1462.0,7,3,False,True,44.89795918367347,95.91836734693877
REG103085,06-09-2024,2024,Uttar Pradesh,Agra (UP-80),2W,Scooter,Royal Enfield,EV,BS6,0.0,2,0,True,True,27.77777777777778,100.0
REG103086,19-03-2022,2022,Karnataka,Mangalore (KA-19),4W,SUV,MG,Petrol,BS6,1462.0,6,2,False,True,43.333333333333336,96.66666666666667
REG103087,26-10-2023,2023,Telangana,Nizamabad (TS-05),HCV,Trailer,Eicher,Diesel,BS6,5660.0,2,1,False,True,32.25806451612903,98.38709677419355
REG103088,26-07-2019,2019,Kerala,Kollam (KL-02),2W,Scooter,Yamaha,EV,BS4,0.0,2,5,True,False,39.130434782608695,4.3478260869565215
REG103089,02-05-2020,2020,Tamil Nadu,Trichy (TN-45),4W,SUV,Hyundai,Hybrid,BS6,1462.0,7,4,True,True,34.285714285714285,85.71428571428571
REG103090,16-08-2021,2021,West Bengal,Kolkata (WB-01),2W,Scooter,Honda,Petrol,BS6,110.0,2,3,False,True,39.130434782608695,95.65217391304348
REG103091,13-06-2019,2019,Gujarat,Rajkot (GJ-03),4W,MUV,Mahindra,Petrol,BS4,1598.0,5,5,False,False,55.00000000000001,0.0
REG103092,04-03-2023,2023,Telangana,Warangal (TS-03),3W,E-Rickshaw,TVS,Petrol,BS6,200.0,3,1,False,True,32.25806451612903,98.38709677419355
REG103093,14-12-2022,2022,Delhi,Delhi South (DL-09),4W,Hatchback,Maruti Suzuki,Petrol,BS6,800.0,5,2,False,True,28.57142857142857,100.0
REG103094,22-10-2023,2023,Karnataka,Mangalore (KA-19),4W,MUV,MG,CNG,BS6,800.0,8,1,True,True,37.17948717948718,99.14529914529915
REG103095,23-07-2021,2021,Telangana,Karimnagar (TS-01),4W,Sedan,Renault,Diesel,BS6,1197.0,5,3,False,True,38.70967741935484,93.54838709677419
REG103096,06-08-2023,2023,Kerala,Kozhikode (KL-11),4W,Sedan,Renault,Hybrid,BS6,2179.0,5,1,True,True,30.508474576271187,96.61016949152543
REG103097,10-12-2024,2024,Madhya Pradesh,Indore (MP-09),2W,Motorcycle,Suzuki,EV,BS6,0.0,2,0,True,True,48.837209302325576,100.0
REG103098,01-10-2022,2022,Kerala,Kollam (KL-02),4W,Hatchback,MG,Petrol,BS6,1498.0,5,2,False,True,32.608695652173914,100.0
REG103099,04-01-2023,2023,Gujarat,Ahmedabad (GJ-01),HCV,Bus,Volvo,Diesel,BS6,3760.0,32,1,False,True,36.84210526315789,100.0
REG103100,27-04-2023,2023,Delhi,Delhi Central (DL-01),4W,SUV,Tata Motors,Diesel,BS6,1968.0,8,1,False,True,36.666666666666664,98.33333333333333
REG103101,22-12-2022,2022,Madhya Pradesh,Indore (MP-09),2W,Moped,Ola Electric,Petrol,BS6,160.0,2,2,False,True,39.53488372093023,100.0
REG103102,11-12-2018,2018,Telangana,Hyderabad (TS-09),2W,Moped,Hero,CNG,BS4,150.0,2,6,True,False,41.66666666666667,0.0
REG103103,31-03-2023,2023,Rajasthan,Udaipur (RJ-27),LCV,Light Bus,Mahindra,Diesel,BS6,3298.0,9,1,False,True,32.83582089552239,100.0
REG103104,04-02-2024,2024,Madhya Pradesh,Jabalpur (MP-20),2W,Moped,KTM,EV,BS6,0.0,2,0,True,True,48.837209302325576,100.0
REG103105,07-03-2023,2023,Telangana,Khammam (TS-07),2W,Moped,Honda,Petrol,BS6,150.0,2,1,False,True,32.25806451612903,98.38709677419355
REG103106,12-02-2024,2024,Tamil Nadu,Chennai Central (TN-01),2W,Moped,TVS,Petrol,BS6,110.0,2,0,False,True,38.88888888888889,100.0
REG103107,12-06-2024,2024,Punjab,Jalandhar (PB-08),4W,Sedan,Toyota,CNG,BS6,2179.0,5,0,True,True,31.25,100.0
REG103108,24-05-2021,2021,Madhya Pradesh,Gwalior (MP-07),2W,Scooter,Bajaj,Petrol,BS6,160.0,2,3,False,True,44.89795918367347,95.91836734693877
REG103109,24-06-2024,2024,Karnataka,Bangalore Central (KA-01),3W,Tempo,Atul Auto,EV,BS6,0.0,3,0,True,True,41.29032258064516,100.0
REG103110,28-11-2018,2018,Uttar Pradesh,Varanasi (UP-65),2W,Motorcycle,Yamaha,Petrol,BS4,400.0,2,6,False,False,37.5,0.0
REG103111,02-10-2021,2021,Karnataka,Belgaum (KA-22),2W,Moped,Suzuki,EV,BS6,0.0,2,3,True,True,32.88590604026846,94.63087248322147
REG103112,14-05-2018,2018,West Bengal,Kolkata (WB-01),2W,Moped,TVS,Petrol,BS4,400.0,2,6,False,False,50.0,0.0
REG103113,28-03-2019,2019,Delhi,Delhi East (DL-02),2W,Scooter,Hero,Petrol,BS4,400.0,2,5,False,False,17.647058823529413,11.76470588235294
REG103114,29-05-2024,2024,Delhi,Delhi North (DL-04),2W,Motorcycle,Ather,EV,BS6,0.0,2,0,True,True,41.02564102564102,100.0
REG103115,25-02-2023,2023,West Bengal,Kolkata (WB-01),4W,Hatchback,Honda,EV,BS6,0.0,5,1,True,True,45.0,97.5
REG103116,05-09-2022,2022,West Bengal,Siliguri (WB-73),2W,Moped,Yamaha,Petrol,BS6,110.0,2,2,False,True,35.714285714285715,98.21428571428571
REG103117,26-09-2018,2018,Madhya Pradesh,Jabalpur (MP-20),2W,Motorcycle,KTM,Petrol,BS4,400.0,2,6,False,False,34.78260869565217,0.0
REG103118,24-04-2021,2021,Uttar Pradesh,Allahabad (UP-70),2W,Scooter,Honda,EV,BS6,0.0,2,3,True,True,30.76923076923077,94.87179487179486
REG103119,27-08-2020,2020,Delhi,Delhi East (DL-02),2W,Scooter,Yamaha,Petrol,BS6,160.0,2,4,False,True,38.23529411764706,85.29411764705883
REG103120,29-04-2023,2023,Karnataka,Belgaum (KA-22),4W,MUV,Maruti Suzuki,Diesel,BS6,800.0,8,1,False,True,37.17948717948718,99.14529914529915
REG103121,08-03-2018,2018,Gujarat,Gandhinagar (GJ-18),2W,Moped,KTM,EV,BS4,0.0,2,6,True,False,41.66666666666667,0.0
REG103122,11-07-2022,2022,Madhya Pradesh,Bhopal (MP-04),4W,MUV,Maruti Suzuki,Petrol,BS6,1462.0,5,2,False,True,39.53488372093023,100.0
REG103123,25-08-2022,2022,Delhi,Delhi North (DL-04),OTH,Tractor,Escorts,Diesel,BS6,5660.0,2,2,False,True,28.57142857142857,100.0
REG103124,12-03-2023,2023,Karnataka,Hubli (KA-25),HCV,Truck,Eicher,Diesel,BS6,5660.0,2,1,False,True,37.17948717948718,99.14529914529915
REG103125,13-01-2023,2023,Uttar Pradesh,Lucknow (UP-32),2W,Motorcycle,Suzuki,EV,BS6,0.0,2,1,True,True,26.666666666666668,100.0
REG103126,28-04-2020,2020,Kerala,Kollam (KL-02),3W,E-Rickshaw,Atul Auto,CNG,BS6,225.0,3,4,True,True,37.5,87.5
REG103127,12-02-2023,2023,Telangana,Warangal (TS-03),4W,SUV,Mahindra,EV,BS6,0.0,8,1,True,True,32.25806451612903,98.38709677419355
REG103128,13-07-2021,2021,Rajasthan,Udaipur (RJ-27),2W,Scooter,Honda,EV,BS6,0.0,2,3,True,True,42.857142857142854,95.23809523809523
REG103129,15-02-2018,2018,Delhi,Delhi West (DL-08),2W,Motorcycle,Honda,Petrol,BS3,125.0,2,6,False,False,17.647058823529413,0.0
REG103130,26-10-2022,2022,Telangana,Warangal (TS-03),2W,Moped,Yamaha,Petrol,BS6,350.0,2,2,False,True,37.5,97.91666666666666
REG103131,21-02-2024,2024,Punjab,Patiala (PB-11),2W,Motorcycle,Yamaha,Hybrid,BS6,350.0,2,0,True,True,31.25,100.0
REG103132,14-09-2018,2018,West Bengal,Kolkata (WB-01),LCV,Light Bus,Tata Motors,Diesel,BS4,2956.0,9,6,False,False,50.0,0.0
REG103133,10-05-2021,2021,Punjab,Amritsar (PB-02),2W,Scooter,Suzuki,Petrol,BS6,400.0,2,3,False,True,38.46153846153847,100.0
REG103134,01-03-2021,2021,Delhi,Delhi South (DL-09),4W,Sedan,Mahindra,Diesel,BS6,1462.0,5,3,False,True,44.11764705882353,94.11764705882352
REG103135,25-04-2018,2018,Uttar Pradesh,Varanasi (UP-65),3W,Tempo,Mahindra,CNG,BS4,250.0,6,6,True,False,37.5,0.0
REG103136,02-05-2023,2023,Madhya Pradesh,Ujjain (MP-13),4W,MUV,Mahindra,Petrol,BS6,800.0,6,1,False,True,36.36363636363637,96.36363636363636
REG103137,15-05-2024,2024,Delhi,Delhi East (DL-02),2W,Scooter,KTM,Petrol,BS6,200.0,2,0,False,True,41.02564102564102,100.0
REG103138,13-08-2022,2022,Karnataka,Bangalore Central (KA-01),2W,Scooter,Ather,Petrol,BS6,150.0,2,2,False,True,43.333333333333336,96.66666666666667
REG103139,24-03-2024,2024,Karnataka,Belgaum (KA-22),2W,Scooter,Suzuki,Petrol,BS6,350.0,2,0,False,True,41.29032258064516,100.0
REG103140,30-07-2024,2024,Maharashtra,Nashik (MH-15),4W,SUV,Skoda,EV,BS6,0.0,5,0,True,True,45.714285714285715,100.0
REG103141,05-07-2021,2021,Karnataka,Bangalore Central (KA-01),3W,Tempo,Mahindra,Diesel,BS6,250.0,7,3,False,True,32.88590604026846,94.63087248322147
REG103142,19-03-2022,2022,Kerala,Kozhikode (KL-11),2W,Scooter,TVS,EV,BS6,0.0,2,2,True,True,32.608695652173914,100.0
REG103143,13-01-2024,2024,Uttar Pradesh,Allahabad (UP-70),2W,Moped,Yamaha,Petrol,BS6,150.0,2,0,False,True,27.77777777777778,100.0
REG103144,01-08-2024,2024,Punjab,Chandigarh (CH-01),4W,SUV,Honda,Diesel,BS6,800.0,8,0,False,True,31.25,100.0
REG103145,28-07-2020,2020,Uttar Pradesh,Allahabad (UP-70),4W,Sedan,Honda,Petrol,BS6,1462.0,5,4,False,True,35.714285714285715,78.57142857142857
REG103146,28-08-2022,2022,Maharashtra,Aurangabad (MH-20),4W,MUV,MG,Diesel,BS6,800.0,6,2,False,True,41.86046511627907,97.67441860465115
REG103147,28-10-2020,2020,Punjab,Patiala (PB-11),LCV,Pickup Van,Mahindra,Diesel,BS6,2956.0,9,4,False,True,29.03225806451613,87.09677419354838
REG103148,05-03-2023,2023,West Bengal,Kolkata (WB-01),4W,Hatchback,Maruti Suzuki,Diesel,BS6,1197.0,5,1,False,True,45.0,97.5
REG103149,26-03-2024,2024,Tamil Nadu,Coimbatore (TN-37),4W,Hatchback,Honda,Diesel,BS6,1498.0,5,0,False,True,38.88888888888889,100.0
REG103150,27-04-2020,2020,Tamil Nadu,Coimbatore (TN-37),2W,Motorcycle,Hero,Petrol,BS6,160.0,2,4,False,True,34.285714285714285,85.71428571428571
REG103151,29-12-2022,2022,Gujarat,Rajkot (GJ-03),2W,Scooter,Hero,Petrol,BS6,150.0,2,2,False,True,50.0,95.65217391304348
REG103152,20-07-2021,2021,Madhya Pradesh,Bhopal (MP-04),2W,Scooter,TVS,Petrol,BS6,200.0,2,3,False,True,44.89795918367347,95.91836734693877
REG103153,25-01-2020,2020,Tamil Nadu,Trichy (TN-45),2W,Motorcycle,Ather,Petrol,BS4,100.0,2,4,False,False,34.285714285714285,85.71428571428571
REG103154,24-06-2022,2022,Uttar Pradesh,Agra (UP-80),2W,Moped,Yamaha,Petrol,BS4,150.0,2,2,False,False,42.592592592592595,96.29629629629629
REG103155,15-03-2021,2021,Karnataka,Bangalore Central (KA-01),HCV,Truck,Volvo,Diesel,BS6,5660.0,2,3,False,True,32.88590604026846,94.63087248322147
REG103156,03-09-2021,2021,Rajasthan,Jodhpur (RJ-19),OTH,Crane,John Deere,Diesel,BS6,4998.0,1,3,False,True,42.857142857142854,95.23809523809523
REG103157,22-01-2018,2018,Telangana,Khammam (TS-07),4W,MUV,Renault,Diesel,BS4,1462.0,6,6,False,False,41.66666666666667,0.0
REG103158,14-11-2024,2024,Tamil Nadu,Chennai Central (TN-01),2W,Motorcycle,KTM,Petrol,BS6,200.0,2,0,False,True,38.88888888888889,100.0
REG103159,04-10-2022,2022,Telangana,Karimnagar (TS-01),HCV,Bus,Eicher,EV,BS6,0.0,52,2,True,True,37.5,97.91666666666666
REG103160,09-02-2023,2023,Telangana,Karimnagar (TS-01),2W,Moped,KTM,Petrol,BS6,160.0,2,1,False,True,32.25806451612903,98.38709677419355
REG103161,08-12-2023,2023,Tamil Nadu,Madurai (TN-58),4W,MUV,Tata Motors,CNG,BS6,1968.0,7,1,True,True,41.509433962264154,96.22641509433963
REG103162,16-09-2020,2020,Gujarat,Ahmedabad (GJ-01),2W,Motorcycle,Bajaj,Hybrid,BS6,100.0,2,4,True,True,33.33333333333333,81.81818181818183
REG103163,23-06-2022,2022,West Bengal,Kolkata (WB-01),2W,Motorcycle,Hero,Petrol,BS6,110.0,2,2,False,True,35.714285714285715,98.21428571428571
REG103164,04-07-2023,2023,Tamil Nadu,Chennai Central (TN-01),2W,Motorcycle,Hero,Petrol,BS6,160.0,2,1,False,True,41.509433962264154,96.22641509433963
REG103165,23-12-2022,2022,Rajasthan,Kota (RJ-20),2W,Scooter,Ather,EV,BS6,0.0,2,2,True,True,30.0,100.0
REG103166,20-02-2023,2023,Maharashtra,Nagpur (MH-31),2W,Motorcycle,KTM,Petrol,BS6,200.0,2,1,False,True,32.72727272727273,98.18181818181819
REG103167,27-04-2020,2020,Tamil Nadu,Salem (TN-30),4W,MUV,Kia,Petrol,BS6,1968.0,5,4,False,True,34.285714285714285,85.71428571428571
REG103168,14-04-2022,2022,West Bengal,Asansol (WB-39),LCV,Pickup Van,Ashok Leyland,EV,BS6,0.0,9,2,True,True,35.714285714285715,98.21428571428571
REG103169,01-10-2022,2022,Rajasthan,Ajmer (RJ-01),HCV,Bus,Ashok Leyland,CNG,BS6,3760.0,45,2,True,True,30.0,100.0
REG103170,24-07-2020,2020,Maharashtra,Mumbai Central (MH-01),LCV,Pickup Van,Force Motors,CNG,BS6,3298.0,9,4,True,True,34.61538461538461,84.61538461538461
REG103171,18-02-2023,2023,Gujarat,Gandhinagar (GJ-18),2W,Moped,Honda,EV,BS6,0.0,2,1,True,True,36.84210526315789,100.0
REG103172,13-11-2023,2023,Maharashtra,Mumbai Central (MH-01),4W,MUV,Skoda,Diesel,BS6,1197.0,7,1,False,True,32.72727272727273,98.18181818181819
REG103173,30-06-2022,2022,Karnataka,Belgaum (KA-22),2W,Motorcycle,Ather,Petrol,BS6,125.0,2,2,False,True,43.333333333333336,96.66666666666667
REG103174,02-09-2022,2022,Delhi,Delhi East (DL-02),4W,MUV,Maruti Suzuki,Petrol,BS6,1598.0,6,2,False,True,28.57142857142857,100.0
REG103175,08-08-2023,2023,Punjab,Chandigarh (CH-01),2W,Moped,Yamaha,Petrol,BS6,150.0,2,1,False,True,33.33333333333333,100.0
REG103176,20-06-2024,2024,Punjab,Jalandhar (PB-08),2W,Moped,TVS,Petrol,BS6,350.0,2,0,False,True,31.25,100.0
REG103177,02-05-2022,2022,Gujarat,Ahmedabad (GJ-01),OTH,Crane,TAFE,Diesel,BS6,4998.0,1,2,False,True,50.0,95.65217391304348
REG103178,20-12-2024,2024,Tamil Nadu,Salem (TN-30),2W,Moped,Honda,EV,BS6,0.0,2,0,True,True,38.88888888888889,100.0
REG103179,11-08-2023,2023,Tamil Nadu,Madurai (TN-58),4W,MUV,MG,Petrol,BS6,2179.0,8,1,False,True,41.509433962264154,96.22641509433963
REG103180,05-06-2023,2023,Tamil Nadu,Madurai (TN-58),2W,Moped,Royal Enfield,Petrol,BS6,160.0,2,1,False,True,41.509433962264154,96.22641509433963
REG103181,27-07-2022,2022,West Bengal,Asansol (WB-39),3W,Tempo,Mahindra,Diesel,BS6,250.0,3,2,False,True,35.714285714285715,98.21428571428571
REG103182,19-05-2023,2023,Telangana,Hyderabad (TS-09),LCV,Light Bus,Eicher,Diesel,BS6,2523.0,15,1,False,True,32.25806451612903,98.38709677419355
REG103183,26-01-2023,2023,Gujarat,Surat (GJ-05),2W,Moped,Suzuki,Petrol,BS6,160.0,2,1,False,True,36.84210526315789,100.0
REG103184,06-03-2020,2020,Gujarat,Ahmedabad (GJ-01),4W,MUV,Toyota,Diesel,BS6,1498.0,6,4,False,True,33.33333333333333,81.81818181818183
REG103185,17-01-2021,2021,Uttar Pradesh,Varanasi (UP-65),4W,Sedan,Tata Motors,Diesel,BS6,1462.0,5,3,False,True,30.76923076923077,94.87179487179486
REG103186,13-12-2024,2024,Punjab,Ludhiana (PB-10),2W,Motorcycle,Royal Enfield,EV,BS6,0.0,2,0,True,True,31.25,100.0
REG103187,22-07-2022,2022,Tamil Nadu,Salem (TN-30),2W,Moped,Honda,Hybrid,BS6,160.0,2,2,True,True,48.148148148148145,96.29629629629629
REG103188,06-01-2024,2024,Karnataka,Hubli (KA-25),3W,E-Rickshaw,Mahindra,EV,BS6,0.0,3,0,True,True,41.29032258064516,100.0
REG103189,20-05-2022,2022,Gujarat,Surat (GJ-05),HCV,Bus,Ashok Leyland,Diesel,BS6,6700.0,32,2,False,True,50.0,95.65217391304348
REG103190,22-12-2021,2021,Tamil Nadu,Coimbatore (TN-37),4W,Sedan,Toyota,CNG,BS6,2179.0,5,3,True,True,21.62162162162162,89.1891891891892
REG103191,24-03-2020,2020,Karnataka,Hubli (KA-25),2W,Moped,Hero,Petrol,BS4,160.0,2,4,False,False,37.5,83.33333333333334
REG103192,15-10-2020,2020,West Bengal,Howrah (WB-13),2W,Motorcycle,Hero,CNG,BS6,100.0,2,4,True,True,30.76923076923077,88.46153846153845
REG103193,04-02-2024,2024,Punjab,Chandigarh (CH-01),4W,Hatchback,Honda,Petrol,BS6,1498.0,5,0,False,True,31.25,100.0
REG103194,04-12-2021,2021,Tamil Nadu,Salem (TN-30),3W,Auto Rickshaw,Kinetic Green,Petrol,BS6,200.0,7,3,False,True,21.62162162162162,89.1891891891892
REG103195,28-12-2022,2022,Gujarat,Surat (GJ-05),4W,Hatchback,Honda,CNG,BS6,800.0,5,2,True,True,50.0,95.65217391304348
REG103196,29-04-2023,2023,West Bengal,Durgapur (WB-40),4W,SUV,Skoda,Petrol,BS6,1968.0,5,1,False,True,45.0,97.5
REG103197,27-06-2023,2023,Gujarat,Vadodara (GJ-06),LCV,Light Bus,Eicher,Diesel,BS6,2956.0,15,1,False,True,36.84210526315789,100.0
REG103198,20-02-2020,2020,West Bengal,Asansol (WB-39),4W,SUV,MG,Petrol,BS6,1462.0,6,4,False,True,30.76923076923077,88.46153846153845
REG103199,16-04-2024,2024,Maharashtra,Nashik (MH-15),2W,Scooter,Bajaj,EV,BS6,0.0,2,0,True,True,45.714285714285715,100.0
REG103200,10-05-2021,2021,Tamil Nadu,Coimbatore (TN-37),2W,Motorcycle,TVS,Petrol,BS6,100.0,2,3,False,True,21.62162162162162,89.1891891891892
REG103201,27-06-2018,2018,Madhya Pradesh,Ujjain (MP-13),4W,Sedan,MG,Petrol,BS4,800.0,5,6,False,False,34.78260869565217,0.0
REG103202,07-09-2019,2019,Karnataka,Mangalore (KA-19),2W,Motorcycle,TVS,Petrol,BS4,110.0,2,5,False,False,31.32530120481928,9.63855421686747
REG103203,20-11-2024,2024,Rajasthan,Kota (RJ-20),2W,Scooter,Hero,EV,BS6,0.0,2,0,True,True,41.02564102564102,100.0
REG103204,10-02-2021,2021,Gujarat,Surat (GJ-05),2W,Moped,Royal Enfield,Petrol,BS6,160.0,2,3,False,True,50.0,95.0
REG103205,19-01-2021,2021,Punjab,Ludhiana (PB-10),2W,Scooter,Honda,Petrol,BS6,350.0,2,3,False,True,38.46153846153847,100.0
REG103206,25-04-2021,2021,Telangana,Hyderabad (TS-09),4W,Sedan,Toyota,Petrol,BS4,1498.0,5,3,False,False,38.70967741935484,93.54838709677419
REG103207,10-06-2023,2023,Karnataka,Belgaum (KA-22),4W,MUV,Hyundai,Diesel,BS6,1598.0,8,1,False,True,37.17948717948718,99.14529914529915
REG103208,23-05-2023,2023,Karnataka,Mangalore (KA-19),2W,Motorcycle,TVS,EV,BS6,0.0,2,1,True,True,37.17948717948718,99.14529914529915
REG103209,10-12-2021,2021,Delhi,Delhi Central (DL-01),LCV,Pickup Van,Tata Motors,EV,BS6,0.0,9,3,True,True,44.11764705882353,94.11764705882352
REG103210,10-06-2022,2022,Uttar Pradesh,Kanpur (UP-78),2W,Motorcycle,Hero,EV,BS6,0.0,2,2,True,True,42.592592592592595,96.29629629629629
REG103211,08-12-2021,2021,Gujarat,Surat (GJ-05),2W,Moped,Ather,EV,BS6,0.0,2,3,True,True,50.0,95.0
REG103212,05-08-2023,2023,Punjab,Jalandhar (PB-08),3W,Auto Rickshaw,TVS,CNG,BS6,200.0,7,1,True,True,33.33333333333333,100.0
REG103213,19-02-2023,2023,Maharashtra,Aurangabad (MH-20),2W,Motorcycle,Honda,Petrol,BS6,100.0,2,1,False,True,32.72727272727273,98.18181818181819
REG103214,03-10-2022,2022,Kerala,Kochi (KL-07),4W,MUV,Renault,Diesel,BS6,1462.0,5,2,False,True,32.608695652173914,100.0
REG103215,18-09-2022,2022,Gujarat,Rajkot (GJ-03),4W,MUV,Mahindra,CNG,BS6,2179.0,7,2,True,True,50.0,95.65217391304348
REG103216,18-11-2018,2018,Karnataka,Belgaum (KA-22),4W,SUV,Honda,CNG,BS4,800.0,8,6,True,False,40.74074074074074,0.0
REG103217,07-01-2020,2020,Rajasthan,Udaipur (RJ-27),4W,Sedan,Honda,Diesel,BS6,2179.0,5,4,False,True,52.0,84.0
REG103218,18-08-2023,2023,Kerala,Thrissur (KL-08),2W,Motorcycle,Ather,Petrol,BS6,125.0,2,1,False,True,30.508474576271187,96.61016949152543
REG103219,25-04-2018,2018,Madhya Pradesh,Indore (MP-09),3W,E-Rickshaw,Mahindra,CNG,BS4,200.0,3,6,True,False,34.78260869565217,0.0
REG103220,19-10-2022,2022,Delhi,Delhi Central (DL-01),4W,MUV,Renault,Hybrid,BS6,1598.0,5,2,True,True,28.57142857142857,100.0
REG103221,10-02-2020,2020,Madhya Pradesh,Gwalior (MP-07),2W,Scooter,Ola Electric,EV,BS6,0.0,2,4,True,True,45.45454545454545,81.81818181818183
REG103222,02-08-2022,2022,Uttar Pradesh,Varanasi (UP-65),2W,Motorcycle,Suzuki,Petrol,BS6,350.0,2,2,False,True,42.592592592592595,96.29629629629629
REG103223,01-07-2019,2019,Rajasthan,Jaipur (RJ-14),LCV,Pickup Van,Force Motors,Diesel,BS4,2956.0,9,5,False,False,23.809523809523807,14.285714285714285
REG103224,15-02-2020,2020,Rajasthan,Ajmer (RJ-01),4W,MUV,Mahindra,Petrol,BS4,1462.0,5,4,False,False,52.0,84.0
REG103225,28-09-2018,2018,Madhya Pradesh,Jabalpur (MP-20),2W,Motorcycle,Hero,CNG,BS4,200.0,2,6,True,False,34.78260869565217,0.0
REG103226,04-09-2022,2022,Uttar Pradesh,Agra (UP-80),4W,Sedan,Mahindra,Hybrid,BS6,1462.0,5,2,True,True,42.592592592592595,96.29629629629629
REG103227,01-08-2019,2019,Madhya Pradesh,Indore (MP-09),2W,Scooter,Ather,EV,BS4,0.0,2,5,True,False,44.44444444444444,7.4074074074074066
REG103228,30-01-2020,2020,Rajasthan,Kota (RJ-20),4W,Sedan,Maruti Suzuki,Petrol,BS4,1197.0,5,4,False,False,52.0,84.0
REG103229,17-09-2021,2021,Gujarat,Vadodara (GJ-06),2W,Moped,Hero,Petrol,BS6,100.0,2,3,False,True,50.0,95.0
REG103230,02-05-2021,2021,Madhya Pradesh,Ujjain (MP-13),4W,Sedan,Skoda,Diesel,BS6,1462.0,5,3,False,True,44.89795918367347,95.91836734693877
REG103231,24-05-2020,2020,Tamil Nadu,Madurai (TN-58),2W,Scooter,Bajaj,Petrol,BS4,150.0,2,4,False,False,34.285714285714285,85.71428571428571
REG103232,25-04-2022,2022,Telangana,Warangal (TS-03),4W,Hatchback,Maruti Suzuki,Petrol,BS6,1598.0,5,2,False,True,37.5,97.91666666666666
REG103233,23-05-2023,2023,Punjab,Amritsar (PB-02),4W,Sedan,Maruti Suzuki,Diesel,BS6,1000.0,5,1,False,True,33.33333333333333,100.0
REG103234,20-03-2021,2021,Punjab,Patiala (PB-11),HCV,Tanker,Volvo,Diesel,BS6,4998.0,2,3,False,True,38.46153846153847,100.0
REG103235,20-03-2020,2020,West Bengal,Howrah (WB-13),2W,Moped,Ola Electric,Petrol,BS6,350.0,2,4,False,True,30.76923076923077,88.46153846153845
REG103236,27-05-2018,2018,Rajasthan,Udaipur (RJ-27),2W,Motorcycle,TVS,Petrol,BS4,100.0,2,6,False,False,54.54545454545454,0.0
REG103237,08-07-2021,2021,Rajasthan,Udaipur (RJ-27),4W,MUV,Hyundai,Petrol,BS6,1462.0,5,3,False,True,42.857142857142854,95.23809523809523
REG103238,26-07-2021,2021,Gujarat,Ahmedabad (GJ-01),HCV,Bus,Eicher,Diesel,BS6,6700.0,32,3,False,True,50.0,95.0
REG103239,11-10-2019,2019,Kerala,Kollam (KL-02),4W,Sedan,Mahindra,CNG,BS4,1498.0,5,5,True,False,39.130434782608695,4.3478260869565215
REG103240,13-03-2021,2021,West Bengal,Asansol (WB-39),2W,Moped,Suzuki,Petrol,BS6,350.0,2,3,False,True,39.130434782608695,95.65217391304348
REG103241,16-03-2021,2021,Uttar Pradesh,Allahabad (UP-70),2W,Moped,Royal Enfield,Petrol,BS6,125.0,2,3,False,True,30.76923076923077,94.87179487179486
REG103242,05-05-2020,2020,Gujarat,Gandhinagar (GJ-18),2W,Moped,Ather,Petrol,BS6,350.0,2,4,False,True,33.33333333333333,81.81818181818183
REG103243,29-09-2024,2024,Delhi,Delhi North (DL-04),2W,Scooter,Hero,Petrol,BS6,100.0,2,0,False,True,41.02564102564102,100.0
REG103244,05-11-2024,2024,Kerala,Kochi (KL-07),2W,Scooter,Ola Electric,Petrol,BS6,150.0,2,0,False,True,36.17021276595745,100.0
REG103245,14-09-2021,2021,Madhya Pradesh,Ujjain (MP-13),2W,Scooter,Honda,Petrol,BS6,160.0,2,3,False,True,44.89795918367347,95.91836734693877
REG103246,03-12-2023,2023,Kerala,Thiruvananthapuram (KL-01),LCV,Light Bus,Eicher,Diesel,BS6,2956.0,12,1,False,True,30.508474576271187,96.61016949152543
REG103247,23-04-2019,2019,Kerala,Thrissur (KL-08),2W,Moped,Bajaj,Petrol,BS4,160.0,2,5,False,False,39.130434782608695,4.3478260869565215
REG103248,21-11-2019,2019,Karnataka,Hubli (KA-25),2W,Motorcycle,Ather,Petrol,BS4,110.0,2,5,False,False,31.32530120481928,9.63855421686747
REG103249,11-06-2023,2023,Gujarat,Ahmedabad (GJ-01),HCV,Trailer,Tata Motors,CNG,BS6,3760.0,2,1,True,True,36.84210526315789,100.0
REG103250,21-10-2021,2021,Punjab,Chandigarh (CH-01),2W,Scooter,Hero,EV,BS6,0.0,2,3,True,True,38.46153846153847,100.0
REG103251,05-02-2022,2022,Maharashtra,Nashik (MH-15),3W,E-Rickshaw,Kinetic Green,Diesel,BS6,200.0,3,2,False,True,41.86046511627907,97.67441860465115
REG103252,20-03-2021,2021,Karnataka,Hubli (KA-25),4W,SUV,Honda,Petrol,BS6,2179.0,7,3,False,True,32.88590604026846,94.63087248322147
REG103253,20-04-2021,2021,Madhya Pradesh,Jabalpur (MP-20),4W,Hatchback,MG,Hybrid,BS6,2179.0,5,3,True,True,44.89795918367347,95.91836734693877
REG103254,07-11-2024,2024,Gujarat,Gandhinagar (GJ-18),4W,MUV,Maruti Suzuki,CNG,BS6,1000.0,6,0,True,True,35.294117647058826,100.0
REG103255,09-01-2019,2019,Uttar Pradesh,Allahabad (UP-70),2W,Motorcycle,Suzuki,Petrol,BS4,150.0,2,5,False,False,27.27272727272727,0.0
REG103256,26-11-2024,2024,Tamil Nadu,Salem (TN-30),4W,MUV,Toyota,Petrol,BS6,1462.0,5,0,False,True,38.88888888888889,100.0
REG103257,11-02-2023,2023,Rajasthan,Udaipur (RJ-27),HCV,Tanker,Ashok Leyland,Diesel,BS6,3760.0,2,1,False,True,32.83582089552239,100.0
REG103258,21-07-2020,2020,Punjab,Jalandhar (PB-08),4W,SUV,Honda,Petrol,BS6,800.0,8,4,False,True,29.03225806451613,87.09677419354838
REG103259,03-06-2021,2021,Gujarat,Ahmedabad (GJ-01),2W,Scooter,Royal Enfield,EV,BS6,0.0,2,3,True,True,50.0,95.0
REG103260,07-01-2022,2022,Uttar Pradesh,Allahabad (UP-70),4W,SUV,Renault,Petrol,BS6,1462.0,8,2,False,True,42.592592592592595,96.29629629629629
REG103261,06-09-2023,2023,Karnataka,Bangalore Central (KA-01),OTH,Crane,Sonalika,Diesel,BS6,4998.0,1,1,False,True,37.17948717948718,99.14529914529915
REG103262,16-08-2023,2023,Rajasthan,Ajmer (RJ-01),LCV,Light Bus,Mahindra,Diesel,BS6,2523.0,9,1,False,True,32.83582089552239,100.0
REG103263,11-11-2024,2024,Karnataka,Mangalore (KA-19),2W,Moped,Suzuki,Petrol,BS6,100.0,2,0,False,True,41.29032258064516,100.0
REG103264,05-08-2021,2021,Tamil Nadu,Chennai Central (TN-01),2W,Scooter,Honda,Petrol,BS6,350.0,2,3,False,True,21.62162162162162,89.1891891891892
REG103265,28-07-2023,2023,Gujarat,Surat (GJ-05),2W,Moped,Ather,Petrol,BS6,200.0,2,1,False,True,36.84210526315789,100.0
REG103266,30-04-2023,2023,Rajasthan,Jodhpur (RJ-19),2W,Motorcycle,KTM,Hybrid,BS6,200.0,2,1,True,True,32.83582089552239,100.0
REG103267,26-10-2023,2023,Delhi,Delhi Central (DL-01),LCV,Mini Truck,Ashok Leyland,CNG,BS6,2956.0,9,1,True,True,36.666666666666664,98.33333333333333
REG103268,11-11-2019,2019,Madhya Pradesh,Jabalpur (MP-20),OTH,Tractor,Sonalika,Petrol,BS6,6700.0,1,5,False,True,44.44444444444444,7.4074074074074066
REG103269,21-03-2023,2023,Delhi,Delhi Central (DL-01),OTH,Tractor,Escorts,Diesel,BS6,5660.0,1,1,False,True,36.666666666666664,98.33333333333333
REG103270,12-07-2023,2023,West Bengal,Howrah (WB-13),HCV,Bus,MAN,Diesel,BS6,5660.0,32,1,False,True,45.0,97.5
REG103271,14-05-2022,2022,Punjab,Ludhiana (PB-10),LCV,Light Bus,Force Motors,CNG,BS6,2523.0,9,2,True,True,39.21568627450981,98.0392156862745
REG103272,09-08-2021,2021,Gujarat,Gandhinagar (GJ-18),2W,Motorcycle,KTM,EV,BS6,0.0,2,3,True,True,50.0,95.0
REG103273,08-11-2023,2023,Rajasthan,Kota (RJ-20),4W,Hatchback,MG,Petrol,BS6,1197.0,5,1,False,True,32.83582089552239,100.0
REG103274,13-10-2023,2023,Kerala,Thiruvananthapuram (KL-01),2W,Scooter,Hero,Petrol,BS6,160.0,2,1,False,True,30.508474576271187,96.61016949152543
REG103275,30-09-2020,2020,Delhi,Delhi West (DL-08),4W,MUV,Kia,Diesel,BS6,2179.0,5,4,False,True,38.23529411764706,85.29411764705883
REG103276,03-11-2018,2018,Karnataka,Hubli (KA-25),4W,SUV,Toyota,Diesel,BS4,1462.0,7,6,False,False,40.74074074074074,0.0
REG103277,25-10-2024,2024,Madhya Pradesh,Indore (MP-09),3W,Auto Rickshaw,Kinetic Green,EV,BS6,0.0,6,0,True,True,48.837209302325576,100.0
REG103278,19-07-2023,2023,Rajasthan,Jodhpur (RJ-19),4W,Hatchback,Toyota,Petrol,BS6,800.0,5,1,False,True,32.83582089552239,100.0
REG103279,07-02-2023,2023,Maharashtra,Mumbai Central (MH-01),4W,Hatchback,Maruti Suzuki,Petrol,BS6,1968.0,5,1,False,True,32.72727272727273,98.18181818181819
REG103280,21-09-2023,2023,Punjab,Jalandhar (PB-08),2W,Scooter,Royal Enfield,Hybrid,BS6,110.0,2,1,True,True,33.33333333333333,100.0
REG103281,13-03-2023,2023,Tamil Nadu,Chennai Central (TN-01),LCV,Mini Truck,Tata Motors,CNG,BS6,2956.0,9,1,True,True,41.509433962264154,96.22641509433963
REG103282,15-10-2023,2023,Gujarat,Rajkot (GJ-03),LCV,Light Bus,Tata Motors,EV,BS6,0.0,12,1,True,True,36.84210526315789,100.0
REG103283,28-09-2021,2021,Tamil Nadu,Coimbatore (TN-37),4W,Sedan,Hyundai,Petrol,BS6,1000.0,5,3,False,True,21.62162162162162,89.1891891891892
REG103284,11-06-2024,2024,Madhya Pradesh,Jabalpur (MP-20),HCV,Bus,MAN,Diesel,BS6,6700.0,32,0,False,True,48.837209302325576,100.0
REG103285,11-01-2019,2019,Punjab,Ludhiana (PB-10),2W,Motorcycle,Ather,EV,BS4,0.0,2,5,True,False,52.63157894736842,15.789473684210526
REG103286,23-11-2022,2022,Delhi,Delhi Central (DL-01),3W,E-Rickshaw,TVS,CNG,BS6,225.0,3,2,True,True,28.57142857142857,100.0
REG103287,06-04-2020,2020,Tamil Nadu,Coimbatore (TN-37),2W,Motorcycle,Suzuki,EV,BS6,0.0,2,4,True,True,34.285714285714285,85.71428571428571
REG103288,17-03-2021,2021,Madhya Pradesh,Ujjain (MP-13),4W,MUV,MG,Diesel,BS6,1462.0,5,3,False,True,44.89795918367347,95.91836734693877
REG103289,18-03-2023,2023,Kerala,Kollam (KL-02),4W,Sedan,Toyota,Petrol,BS6,1968.0,5,1,False,True,30.508474576271187,96.61016949152543
REG103290,16-11-2022,2022,Karnataka,Mysore (KA-09),2W,Moped,Bajaj,EV,BS6,0.0,2,2,True,True,43.333333333333336,96.66666666666667
REG103291,13-05-2021,2021,Rajasthan,Jodhpur (RJ-19),HCV,Trailer,Ashok Leyland,Diesel,BS6,5660.0,2,3,False,True,42.857142857142854,95.23809523809523
REG103292,08-02-2022,2022,Gujarat,Surat (GJ-05),4W,MUV,Renault,Diesel,BS6,1498.0,6,2,False,True,50.0,95.65217391304348
REG103293,15-10-2022,2022,Delhi,Delhi Central (DL-01),2W,Motorcycle,Ola Electric,CNG,BS6,350.0,2,2,True,True,28.57142857142857,100.0
REG103294,29-01-2023,2023,West Bengal,Kolkata (WB-01),LCV,Pickup Van,Ashok Leyland,CNG,BS6,3298.0,9,1,True,True,45.0,97.5
REG103295,19-03-2022,2022,Tamil Nadu,Salem (TN-30),4W,Hatchback,Tata Motors,Diesel,BS6,800.0,5,2,False,True,48.148148148148145,96.29629629629629
REG103296,21-07-2024,2024,Uttar Pradesh,Kanpur (UP-78),3W,Auto Rickshaw,Mahindra,CNG,BS6,200.0,3,0,True,True,27.77777777777778,100.0
REG103297,15-11-2023,2023,Tamil Nadu,Coimbatore (TN-37),2W,Scooter,Honda,EV,BS6,0.0,2,1,True,True,41.509433962264154,96.22641509433963
REG103298,19-10-2020,2020,Rajasthan,Ajmer (RJ-01),4W,MUV,MG,Hybrid,BS6,1462.0,7,4,True,True,52.0,84.0
REG103299,10-05-2024,2024,West Bengal,Asansol (WB-39),2W,Scooter,Honda,EV,BS6,0.0,2,0,True,True,27.027027027027028,100.0
REG103300,07-01-2024,2024,Gujarat,Ahmedabad (GJ-01),2W,Scooter,Bajaj,Petrol,BS6,150.0,2,0,False,True,35.294117647058826,100.0
REG103301,23-02-2022,2022,Kerala,Kollam (KL-02),2W,Scooter,Suzuki,EV,BS6,0.0,2,2,True,True,32.608695652173914,100.0
REG103302,08-01-2020,2020,Tamil Nadu,Madurai (TN-58),HCV,Trailer,MAN,Diesel,BS6,5660.0,2,4,False,True,34.285714285714285,85.71428571428571
REG103303,27-03-2023,2023,Rajasthan,Udaipur (RJ-27),HCV,Truck,MAN,Diesel,BS6,5660.0,2,1,False,True,32.83582089552239,100.0
REG103304,24-09-2024,2024,Tamil Nadu,Trichy (TN-45),3W,Auto Rickshaw,Bajaj,CNG,BS6,225.0,3,0,True,True,38.88888888888889,100.0
REG103305,27-06-2024,2024,Tamil Nadu,Salem (TN-30),2W,Scooter,Yamaha,Hybrid,BS6,125.0,2,0,True,True,38.88888888888889,100.0
REG103306,09-10-2022,2022,Tamil Nadu,Chennai Central (TN-01),3W,Auto Rickshaw,Bajaj,EV,BS6,0.0,3,2,True,True,48.148148148148145,96.29629629629629
REG103307,08-09-2023,2023,Telangana,Karimnagar (TS-01),2W,Moped,Honda,EV,BS6,0.0,2,1,True,True,32.25806451612903,98.38709677419355
REG103308,17-06-2019,2019,Kerala,Thrissur (KL-08),4W,Sedan,Honda,Diesel,BS4,1598.0,5,5,False,False,39.130434782608695,4.3478260869565215
REG103309,05-06-2022,2022,Karnataka,Bangalore Central (KA-01),2W,Scooter,Honda,Petrol,BS6,400.0,2,2,False,True,43.333333333333336,96.66666666666667
REG103310,03-08-2018,2018,Gujarat,Surat (GJ-05),2W,Motorcycle,Bajaj,CNG,BS4,100.0,2,6,True,False,41.66666666666667,0.0
REG103311,29-04-2023,2023,West Bengal,Howrah (WB-13),2W,Scooter,Hero,Petrol,BS6,100.0,2,1,False,True,45.0,97.5
REG103312,14-04-2024,2024,Kerala,Kochi (KL-07),4W,Sedan,Kia,Petrol,BS6,1000.0,5,0,False,True,36.17021276595745,100.0
REG103313,30-12-2019,2019,Punjab,Ludhiana (PB-10),LCV,Light Bus,Tata Motors,CNG,BS4,2956.0,9,5,True,False,52.63157894736842,15.789473684210526
REG103314,13-12-2023,2023,Karnataka,Mangalore (KA-19),LCV,Pickup Van,Eicher,Diesel,BS6,3298.0,9,1,False,True,37.17948717948718,99.14529914529915
REG103315,10-01-2024,2024,Delhi,Delhi East (DL-02),LCV,Pickup Van,Ashok Leyland,Diesel,BS6,2956.0,9,0,False,True,41.02564102564102,100.0
REG103316,29-05-2023,2023,Uttar Pradesh,Varanasi (UP-65),2W,Scooter,Hero,Petrol,BS6,200.0,2,1,False,True,26.666666666666668,100.0
REG103317,25-10-2021,2021,Telangana,Hyderabad (TS-09),2W,Moped,Honda,EV,BS6,0.0,2,3,True,True,38.70967741935484,93.54838709677419
REG103318,04-01-2019,2019,Kerala,Kochi (KL-07),3W,Tempo,Piaggio,CNG,BS4,250.0,3,5,True,False,39.130434782608695,4.3478260869565215
REG103319,20-02-2024,2024,Madhya Pradesh,Ujjain (MP-13),HCV,Tanker,Eicher,Diesel,BS6,4998.0,2,0,False,True,48.837209302325576,100.0
REG103320,09-03-2020,2020,Rajasthan,Jodhpur (RJ-19),4W,SUV,Tata Motors,EV,BS6,0.0,5,4,True,True,52.0,84.0
REG103321,01-05-2022,2022,Rajasthan,Ajmer (RJ-01),LCV,Mini Truck,Force Motors,CNG,BS6,3298.0,9,2,True,True,30.0,100.0
REG103322,12-12-2020,2020,Kerala,Thiruvananthapuram (KL-01),HCV,Trailer,BharatBenz,Diesel,BS6,4998.0,2,4,False,True,37.5,87.5
REG103323,13-06-2023,2023,Rajasthan,Jaipur (RJ-14),4W,Hatchback,Hyundai,Diesel,BS6,1498.0,5,1,False,True,32.83582089552239,100.0
REG103324,23-04-2020,2020,Tamil Nadu,Salem (TN-30),2W,Moped,Ather,EV,BS6,0.0,2,4,True,True,34.285714285714285,85.71428571428571
REG103325,30-09-2020,2020,West Bengal,Durgapur (WB-40),4W,Hatchback,Mahindra,Petrol,BS6,1498.0,5,4,False,True,30.76923076923077,88.46153846153845
REG103326,09-03-2023,2023,Kerala,Kollam (KL-02),3W,Tempo,Mahindra,CNG,BS6,225.0,7,1,True,True,30.508474576271187,96.61016949152543
REG103327,06-07-2021,2021,Delhi,Delhi West (DL-08),HCV,Trailer,MAN,EV,BS6,0.0,2,3,True,True,44.11764705882353,94.11764705882352
REG103328,11-09-2022,2022,Maharashtra,Nagpur (MH-31),4W,SUV,Skoda,Diesel,BS6,1000.0,5,2,False,True,41.86046511627907,97.67441860465115
REG103329,28-08-2021,2021,Madhya Pradesh,Indore (MP-09),4W,Sedan,Maruti Suzuki,EV,BS6,0.0,5,3,True,True,44.89795918367347,95.91836734693877
REG103330,08-10-2024,2024,West Bengal,Durgapur (WB-40),2W,Moped,Honda,Petrol,BS6,160.0,2,0,False,True,27.027027027027028,100.0
REG103331,03-04-2023,2023,Rajasthan,Ajmer (RJ-01),4W,Hatchback,Hyundai,Diesel,BS6,1000.0,5,1,False,True,32.83582089552239,100.0
REG103332,19-05-2024,2024,Delhi,Delhi North (DL-04),4W,MUV,Maruti Suzuki,Petrol,BS6,2179.0,8,0,False,True,41.02564102564102,100.0
REG103333,27-04-2022,2022,Madhya Pradesh,Bhopal (MP-04),2W,Moped,Ola Electric,EV,BS6,0.0,2,2,True,True,39.53488372093023,100.0
REG103334,05-11-2020,2020,Madhya Pradesh,Jabalpur (MP-20),2W,Motorcycle,Honda,Hybrid,BS6,350.0,2,4,True,True,45.45454545454545,81.81818181818183
REG103335,23-04-2021,2021,Punjab,Patiala (PB-11),2W,Motorcycle,Yamaha,CNG,BS6,150.0,2,3,True,True,38.46153846153847,100.0
REG103336,15-10-2021,2021,Telangana,Karimnagar (TS-01),4W,SUV,Tata Motors,Diesel,BS6,1498.0,8,3,False,True,38.70967741935484,93.54838709677419
REG103337,05-05-2022,2022,Telangana,Hyderabad (TS-09),4W,SUV,Mahindra,CNG,BS6,800.0,5,2,True,True,37.5,97.91666666666666
REG103338,01-12-2022,2022,Madhya Pradesh,Bhopal (MP-04),3W,E-Rickshaw,Atul Auto,CNG,BS6,250.0,3,2,True,True,39.53488372093023,100.0
REG103339,20-08-2019,2019,Rajasthan,Udaipur (RJ-27),4W,SUV,Kia,Petrol,BS4,1968.0,6,5,False,False,23.809523809523807,14.285714285714285
REG103340,20-08-2023,2023,Kerala,Thrissur (KL-08),2W,Moped,Yamaha,Petrol,BS6,200.0,2,1,False,True,30.508474576271187,96.61016949152543
REG103341,21-09-2021,2021,Punjab,Chandigarh (CH-01),4W,Hatchback,Kia,Petrol,BS6,1462.0,5,3,False,True,38.46153846153847,100.0
REG103342,06-07-2023,2023,Madhya Pradesh,Ujjain (MP-13),4W,MUV,Skoda,EV,BS6,0.0,7,1,True,True,36.36363636363637,96.36363636363636
REG103343,06-02-2023,2023,West Bengal,Asansol (WB-39),4W,MUV,Toyota,Diesel,BS6,1968.0,8,1,False,True,45.0,97.5
REG103344,18-04-2018,2018,Telangana,Nizamabad (TS-05),OTH,Tractor,John Deere,Diesel,BS4,3760.0,1,6,False,False,41.66666666666667,0.0
REG103345,23-11-2019,2019,Madhya Pradesh,Bhopal (MP-04),4W,MUV,MG,Diesel,BS4,1462.0,7,5,False,False,44.44444444444444,7.4074074074074066
REG103346,26-10-2022,2022,Madhya Pradesh,Bhopal (MP-04),4W,Hatchback,MG,Diesel,BS6,1197.0,5,2,False,True,39.53488372093023,100.0
REG103347,28-07-2020,2020,Delhi,Delhi East (DL-02),4W,SUV,Kia,Petrol,BS6,1598.0,6,4,False,True,38.23529411764706,85.29411764705883
REG103348,16-12-2019,2019,Telangana,Nizamabad (TS-05),4W,Hatchback,Tata Motors,Petrol,BS4,1968.0,5,5,False,False,26.666666666666668,6.666666666666667
REG103349,26-05-2023,2023,Delhi,Delhi East (DL-02),3W,E-Rickshaw,Kinetic Green,EV,BS6,0.0,3,1,True,True,36.666666666666664,98.33333333333333
REG103350,06-09-2020,2020,Gujarat,Gandhinagar (GJ-18),4W,Sedan,Tata Motors,Petrol,BS6,1000.0,5,4,False,True,33.33333333333333,81.81818181818183
REG103351,08-07-2023,2023,Uttar Pradesh,Allahabad (UP-70),2W,Motorcycle,Ola Electric,Petrol,BS6,200.0,2,1,False,True,26.666666666666668,100.0
REG103352,29-08-2018,2018,Kerala,Thrissur (KL-08),OTH,Tractor,TAFE,Diesel,BS4,5660.0,1,6,False,False,36.36363636363637,0.0
REG103353,20-07-2021,2021,Delhi,Delhi North (DL-04),OTH,Crane,John Deere,Diesel,BS6,3760.0,2,3,False,True,44.11764705882353,94.11764705882352
REG103354,08-01-2023,2023,Karnataka,Belgaum (KA-22),4W,Hatchback,Tata Motors,Diesel,BS6,1968.0,5,1,False,True,37.17948717948718,99.14529914529915
REG103355,28-11-2024,2024,Maharashtra,Nashik (MH-15),4W,Hatchback,Tata Motors,Petrol,BS6,1462.0,5,0,False,True,45.714285714285715,100.0
REG103356,03-01-2021,2021,Rajasthan,Udaipur (RJ-27),2W,Scooter,Ather,CNG,BS6,160.0,2,3,True,True,42.857142857142854,95.23809523809523
REG103357,19-04-2018,2018,Rajasthan,Kota (RJ-20),2W,Scooter,Ola Electric,Petrol,BS4,200.0,2,6,False,False,54.54545454545454,0.0
REG103358,21-04-2023,2023,Uttar Pradesh,Lucknow (UP-32),3W,E-Rickshaw,Atul Auto,EV,BS6,0.0,3,1,True,True,26.666666666666668,100.0
REG103359,14-12-2022,2022,Tamil Nadu,Salem (TN-30),2W,Motorcycle,Ola Electric,CNG,BS6,250.0,2,2,True,True,48.148148148148145,96.29629629629629
REG103360,05-12-2021,2021,Maharashtra,Mumbai Central (MH-01),3W,Tempo,Kinetic Green,CNG,BS6,225.0,6,3,True,True,44.73684210526316,100.0
REG103361,11-07-2019,2019,Punjab,Chandigarh (CH-01),2W,Moped,TVS,Petrol,BS4,200.0,2,5,False,False,52.63157894736842,15.789473684210526
REG103362,13-01-2022,2022,Madhya Pradesh,Bhopal (MP-04),2W,Scooter,Ola Electric,Petrol,BS6,110.0,2,2,False,True,39.53488372093023,100.0
REG103363,07-06-2024,2024,Rajasthan,Jaipur (RJ-14),2W,Motorcycle,Bajaj,EV,BS6,0.0,2,0,True,True,41.02564102564102,100.0
REG103364,07-02-2021,2021,Maharashtra,Nashik (MH-15),2W,Scooter,TVS,Petrol,BS6,400.0,2,3,False,True,44.73684210526316,100.0
REG103365,02-11-2023,2023,Madhya Pradesh,Indore (MP-09),4W,Sedan,Skoda,Hybrid,BS6,1197.0,5,1,True,True,36.36363636363637,96.36363636363636
REG103366,23-03-2018,2018,Madhya Pradesh,Ujjain (MP-13),2W,Motorcycle,Yamaha,Petrol,BS4,125.0,2,6,False,False,34.78260869565217,0.0
REG103367,26-08-2022,2022,Uttar Pradesh,Lucknow (UP-32),LCV,Light Bus,Mahindra,Diesel,BS6,2956.0,15,2,False,True,42.592592592592595,96.29629629629629
REG103368,09-09-2023,2023,Gujarat,Surat (GJ-05),3W,Auto Rickshaw,TVS,CNG,BS6,225.0,3,1,True,True,36.84210526315789,100.0
REG103369,22-12-2023,2023,Telangana,Warangal (TS-03),2W,Motorcycle,TVS,Petrol,BS6,100.0,2,1,False,True,32.25806451612903,98.38709677419355
REG103370,31-07-2024,2024,Karnataka,Mysore (KA-09),2W,Moped,Ather,Petrol,BS6,250.0,2,0,False,True,41.29032258064516,100.0
REG103371,02-08-2021,2021,Rajasthan,Ajmer (RJ-01),4W,Sedan,Kia,Diesel,BS6,800.0,5,3,False,True,42.857142857142854,95.23809523809523
REG103372,21-04-2020,2020,Gujarat,Rajkot (GJ-03),2W,Moped,Royal Enfield,Petrol,BS6,350.0,2,4,False,True,33.33333333333333,81.81818181818183
REG103373,08-01-2024,2024,Telangana,Karimnagar (TS-01),4W,MUV,MG,CNG,BS6,2179.0,5,0,True,True,25.71428571428571,100.0
REG103374,11-08-2022,2022,Kerala,Kollam (KL-02),2W,Scooter,KTM,EV,BS6,0.0,2,2,True,True,32.608695652173914,100.0
REG103375,24-07-2022,2022,Tamil Nadu,Trichy (TN-45),3W,Tempo,Mahindra,CNG,BS6,200.0,7,2,True,True,48.148148148148145,96.29629629629629
REG103376,26-11-2023,2023,Tamil Nadu,Trichy (TN-45),4W,Sedan,Honda,EV,BS6,0.0,5,1,True,True,41.509433962264154,96.22641509433963
REG103377,06-08-2019,2019,Karnataka,Mangalore (KA-19),2W,Scooter,Bajaj,EV,BS4,0.0,2,5,True,False,31.32530120481928,9.63855421686747
REG103378,08-02-2018,2018,Rajasthan,Udaipur (RJ-27),4W,MUV,Renault,Diesel,BS4,1968.0,8,6,False,False,54.54545454545454,0.0
REG103379,25-09-2020,2020,Gujarat,Rajkot (GJ-03),HCV,Trailer,MAN,Diesel,BS6,4998.0,2,4,False,True,33.33333333333333,81.81818181818183
REG103380,17-12-2024,2024,Tamil Nadu,Madurai (TN-58),2W,Moped,Yamaha,Petrol,BS6,160.0,2,0,False,True,38.88888888888889,100.0
REG103381,12-10-2019,2019,Karnataka,Mangalore (KA-19),4W,Hatchback,Skoda,CNG,BS4,1498.0,5,5,True,False,31.32530120481928,9.63855421686747
REG103382,17-12-2018,2018,Telangana,Karimnagar (TS-01),2W,Moped,Honda,EV,BS4,0.0,2,6,True,False,41.66666666666667,0.0
REG103383,29-01-2023,2023,West Bengal,Kolkata (WB-01),2W,Motorcycle,KTM,EV,BS6,0.0,2,1,True,True,45.0,97.5
REG103384,15-08-2022,2022,Gujarat,Ahmedabad (GJ-01),2W,Motorcycle,Suzuki,EV,BS6,0.0,2,2,True,True,50.0,95.65217391304348
REG103385,04-02-2023,2023,Uttar Pradesh,Varanasi (UP-65),4W,SUV,Honda,Petrol,BS6,1000.0,5,1,False,True,26.666666666666668,100.0
REG103386,05-07-2022,2022,Punjab,Chandigarh (CH-01),2W,Scooter,Hero,Petrol,BS6,100.0,2,2,False,True,39.21568627450981,98.0392156862745
REG103387,31-08-2023,2023,Kerala,Kochi (KL-07),2W,Motorcycle,TVS,Petrol,BS6,125.0,2,1,False,True,30.508474576271187,96.61016949152543
REG103388,30-03-2018,2018,Madhya Pradesh,Indore (MP-09),4W,Sedan,Maruti Suzuki,Petrol,BS4,2179.0,5,6,False,False,34.78260869565217,0.0
REG103389,20-06-2023,2023,Punjab,Patiala (PB-11),3W,Tempo,Mahindra,EV,BS6,0.0,7,1,True,True,33.33333333333333,100.0
REG103390,27-06-2023,2023,Uttar Pradesh,Agra (UP-80),4W,MUV,Kia,Petrol,BS6,1197.0,8,1,False,True,26.666666666666668,100.0
REG103391,26-05-2021,2021,Madhya Pradesh,Ujjain (MP-13),4W,SUV,Tata Motors,Petrol,BS6,1000.0,7,3,False,True,44.89795918367347,95.91836734693877
REG103392,02-05-2024,2024,Kerala,Kochi (KL-07),2W,Motorcycle,Yamaha,Petrol,BS6,350.0,2,0,False,True,36.17021276595745,100.0
REG103393,08-11-2022,2022,Punjab,Ludhiana (PB-10),LCV,Pickup Van,Force Motors,EV,BS6,0.0,9,2,True,True,39.21568627450981,98.0392156862745
REG103394,15-02-2021,2021,Telangana,Hyderabad (TS-09),4W,MUV,Maruti Suzuki,Diesel,BS6,2179.0,7,3,False,True,38.70967741935484,93.54838709677419
REG103395,10-02-2021,2021,Punjab,Chandigarh (CH-01),4W,SUV,Skoda,Hybrid,BS6,1498.0,7,3,True,True,38.46153846153847,100.0
REG103396,26-05-2022,2022,Punjab,Patiala (PB-11),2W,Motorcycle,Bajaj,Petrol,BS6,100.0,2,2,False,True,39.21568627450981,98.0392156862745
REG103397,13-10-2022,2022,Madhya Pradesh,Gwalior (MP-07),2W,Scooter,Yamaha,Petrol,BS6,250.0,2,2,False,True,39.53488372093023,100.0
REG103398,29-10-2024,2024,Delhi,Delhi East (DL-02),2W,Motorcycle,Yamaha,Petrol,BS6,110.0,2,0,False,True,41.02564102564102,100.0
REG103399,01-10-2023,2023,Karnataka,Bangalore Central (KA-01),2W,Motorcycle,Ather,Petrol,BS6,160.0,2,1,False,True,37.17948717948718,99.14529914529915
REG103400,01-11-2024,2024,Uttar Pradesh,Varanasi (UP-65),LCV,Light Bus,Eicher,CNG,BS6,2956.0,9,0,True,True,27.77777777777778,100.0
REG103401,27-01-2022,2022,Karnataka,Mysore (KA-09),2W,Moped,Suzuki,Petrol,BS6,350.0,2,2,False,True,43.333333333333336,96.66666666666667
REG103402,15-05-2020,2020,Kerala,Kochi (KL-07),4W,Hatchback,Maruti Suzuki,Petrol,BS6,1197.0,5,4,False,True,37.5,87.5
REG103403,06-10-2024,2024,Punjab,Jalandhar (PB-08),4W,Sedan,Maruti Suzuki,Diesel,BS6,1197.0,5,0,False,True,31.25,100.0
REG103404,16-12-2023,2023,Telangana,Hyderabad (TS-09),4W,Sedan,Hyundai,Hybrid,BS6,1498.0,5,1,True,True,32.25806451612903,98.38709677419355
REG103405,23-02-2020,2020,West Bengal,Durgapur (WB-40),2W,Scooter,TVS,EV,BS6,0.0,2,4,True,True,30.76923076923077,88.46153846153845
REG103406,23-08-2021,2021,Kerala,Kollam (KL-02),HCV,Tanker,Ashok Leyland,Diesel,BS6,4998.0,2,3,False,True,37.254901960784316,94.11764705882352
REG103407,05-08-2023,2023,Rajasthan,Ajmer (RJ-01),2W,Scooter,Yamaha,Petrol,BS6,350.0,2,1,False,True,32.83582089552239,100.0
REG103408,19-06-2022,2022,Uttar Pradesh,Allahabad (UP-70),HCV,Tanker,Eicher,Diesel,BS6,5660.0,2,2,False,True,42.592592592592595,96.29629629629629
REG103409,29-02-2020,2020,Rajasthan,Ajmer (RJ-01),2W,Scooter,Royal Enfield,Petrol,BS6,160.0,2,4,False,True,52.0,84.0
REG103410,11-08-2023,2023,Tamil Nadu,Trichy (TN-45),OTH,Tractor,Sonalika,Diesel,BS6,4998.0,1,1,False,True,41.509433962264154,96.22641509433963
REG103411,22-09-2021,2021,Rajasthan,Jaipur (RJ-14),OTH,Road Roller,TAFE,Diesel,BS6,5329.0,1,3,False,True,42.857142857142854,95.23809523809523
REG103412,05-08-2022,2022,Karnataka,Mysore (KA-09),LCV,Light Bus,Ashok Leyland,Diesel,BS6,3298.0,12,2,False,True,43.333333333333336,96.66666666666667
REG103413,26-12-2019,2019,Karnataka,Bangalore Central (KA-01),OTH,Crane,Escorts,Diesel,BS4,4998.0,1,5,False,False,31.32530120481928,9.63855421686747
REG103414,29-04-2022,2022,West Bengal,Kolkata (WB-01),4W,SUV,Skoda,Petrol,BS6,1000.0,8,2,False,True,35.714285714285715,98.21428571428571
REG103415,13-08-2020,2020,Maharashtra,Pune (MH-12),4W,MUV,Kia,Petrol,BS6,1197.0,8,4,False,True,34.61538461538461,84.61538461538461
REG103416,03-08-2021,2021,Karnataka,Belgaum (KA-22),2W,Moped,TVS,Petrol,BS6,150.0,2,3,False,True,32.88590604026846,94.63087248322147
REG103417,06-10-2023,2023,Karnataka,Bangalore Central (KA-01),2W,Motorcycle,Bajaj,EV,BS6,0.0,2,1,True,True,37.17948717948718,99.14529914529915
REG103418,02-06-2019,2019,Telangana,Karimnagar (TS-01),4W,Hatchback,Honda,Diesel,BS4,1598.0,5,5,False,False,26.666666666666668,6.666666666666667
REG103419,10-02-2023,2023,Telangana,Karimnagar (TS-01),2W,Scooter,Suzuki,Petrol,BS6,400.0,2,1,False,True,32.25806451612903,98.38709677419355
REG103420,06-12-2019,2019,Maharashtra,Pune (MH-12),4W,Sedan,Toyota,Petrol,BS4,1462.0,5,5,False,False,36.84210526315789,5.263157894736842
REG103421,07-11-2021,2021,Uttar Pradesh,Allahabad (UP-70),2W,Scooter,Ola Electric,Petrol,BS6,400.0,2,3,False,True,30.76923076923077,94.87179487179486
REG103422,18-06-2022,2022,Gujarat,Surat (GJ-05),4W,Sedan,Renault,Petrol,BS6,1197.0,5,2,False,True,50.0,95.65217391304348
REG103423,16-02-2022,2022,Delhi,Delhi Central (DL-01),4W,Sedan,Skoda,Diesel,BS6,1197.0,5,2,False,True,28.57142857142857,100.0
REG103424,06-03-2022,2022,Kerala,Kochi (KL-07),HCV,Bus,BharatBenz,Diesel,BS6,6700.0,45,2,False,True,32.608695652173914,100.0
REG103425,25-08-2022,2022,Telangana,Karimnagar (TS-01),2W,Moped,Yamaha,Petrol,BS6,250.0,2,2,False,True,37.5,97.91666666666666
REG103426,13-08-2022,2022,Maharashtra,Pune (MH-12),2W,Moped,KTM,EV,BS6,0.0,2,2,True,True,41.86046511627907,97.67441860465115
REG103427,23-11-2023,2023,Kerala,Thiruvananthapuram (KL-01),2W,Moped,Ather,Petrol,BS6,200.0,2,1,False,True,30.508474576271187,96.61016949152543
REG103428,07-03-2020,2020,Madhya Pradesh,Gwalior (MP-07),3W,E-Rickshaw,Mahindra,CNG,BS6,225.0,3,4,True,True,45.45454545454545,81.81818181818183
REG103429,27-10-2022,2022,Madhya Pradesh,Bhopal (MP-04),2W,Scooter,Bajaj,Petrol,BS6,350.0,2,2,False,True,39.53488372093023,100.0
REG103430,29-03-2023,2023,Delhi,Delhi Central (DL-01),HCV,Tanker,Ashok Leyland,EV,BS6,0.0,2,1,True,True,36.666666666666664,98.33333333333333
REG103431,19-06-2023,2023,West Bengal,Kolkata (WB-01),2W,Motorcycle,Royal Enfield,Petrol,BS6,200.0,2,1,False,True,45.0,97.5
REG103432,25-04-2023,2023,Rajasthan,Kota (RJ-20),LCV,Light Bus,Eicher,EV,BS6,0.0,12,1,True,True,32.83582089552239,100.0
REG103433,05-02-2024,2024,Madhya Pradesh,Bhopal (MP-04),2W,Motorcycle,Suzuki,EV,BS6,0.0,2,0,True,True,48.837209302325576,100.0
REG103434,20-07-2022,2022,Punjab,Jalandhar (PB-08),4W,SUV,Honda,EV,BS6,0.0,8,2,True,True,39.21568627450981,98.0392156862745
REG103435,09-12-2024,2024,Punjab,Chandigarh (CH-01),2W,Scooter,Ather,CNG,BS6,250.0,2,0,True,True,31.25,100.0
REG103436,24-03-2024,2024,West Bengal,Howrah (WB-13),2W,Moped,TVS,EV,BS6,0.0,2,0,True,True,27.027027027027028,100.0
REG103437,04-12-2022,2022,Telangana,Khammam (TS-07),2W,Moped,KTM,CNG,BS6,250.0,2,2,True,True,37.5,97.91666666666666
REG103438,22-05-2024,2024,Tamil Nadu,Coimbatore (TN-37),4W,SUV,Toyota,CNG,BS6,1197.0,8,0,True,True,38.88888888888889,100.0
REG103439,31-01-2022,2022,Gujarat,Ahmedabad (GJ-01),3W,Auto Rickshaw,Kinetic Green,EV,BS6,0.0,3,2,True,True,50.0,95.65217391304348
REG103440,04-05-2018,2018,Kerala,Thiruvananthapuram (KL-01),2W,Motorcycle,Ola Electric,EV,BS4,0.0,2,6,True,False,36.36363636363637,0.0
REG103441,05-08-2020,2020,West Bengal,Kolkata (WB-01),LCV,Pickup Van,Mahindra,Diesel,BS6,2523.0,9,4,False,True,30.76923076923077,88.46153846153845
REG103442,16-04-2021,2021,Telangana,Hyderabad (TS-09),2W,Moped,Hero,Petrol,BS6,350.0,2,3,False,True,38.70967741935484,93.54838709677419
REG103443,09-09-2023,2023,Gujarat,Surat (GJ-05),2W,Scooter,Hero,Petrol,BS6,125.0,2,1,False,True,36.84210526315789,100.0
REG103444,14-11-2022,2022,Telangana,Karimnagar (TS-01),2W,Scooter,Suzuki,Petrol,BS6,200.0,2,2,False,True,37.5,97.91666666666666
REG103445,10-11-2021,2021,West Bengal,Asansol (WB-39),4W,SUV,Toyota,Diesel,BS6,1598.0,7,3,False,True,39.130434782608695,95.65217391304348
REG103446,16-10-2023,2023,Maharashtra,Nagpur (MH-31),2W,Moped,Bajaj,CNG,BS6,110.0,2,1,True,True,32.72727272727273,98.18181818181819
REG103447,26-06-2022,2022,West Bengal,Kolkata (WB-01),2W,Scooter,Royal Enfield,Petrol,BS6,125.0,2,2,False,True,35.714285714285715,98.21428571428571
REG103448,21-08-2023,2023,Kerala,Kozhikode (KL-11),2W,Moped,Yamaha,Petrol,BS6,400.0,2,1,False,True,30.508474576271187,96.61016949152543
REG103449,09-11-2021,2021,Madhya Pradesh,Ujjain (MP-13),2W,Motorcycle,Suzuki,EV,BS6,0.0,2,3,True,True,44.89795918367347,95.91836734693877
REG103450,18-03-2023,2023,Karnataka,Hubli (KA-25),LCV,Pickup Van,Force Motors,Diesel,BS6,2523.0,9,1,False,True,37.17948717948718,99.14529914529915
REG103451,20-09-2022,2022,Maharashtra,Pune (MH-12),3W,E-Rickshaw,Atul Auto,CNG,BS6,225.0,3,2,True,True,41.86046511627907,97.67441860465115
REG103452,28-03-2023,2023,Maharashtra,Pune (MH-12),4W,SUV,Mahindra,Petrol,BS6,1498.0,7,1,False,True,32.72727272727273,98.18181818181819
REG103453,22-10-2023,2023,Maharashtra,Pune (MH-12),4W,MUV,Mahindra,Petrol,BS6,1498.0,5,1,False,True,32.72727272727273,98.18181818181819
REG103454,01-07-2023,2023,Tamil Nadu,Chennai Central (TN-01),4W,Hatchback,Toyota,EV,BS6,0.0,5,1,True,True,41.509433962264154,96.22641509433963
REG103455,15-02-2022,2022,Punjab,Patiala (PB-11),2W,Motorcycle,Royal Enfield,EV,BS6,0.0,2,2,True,True,39.21568627450981,98.0392156862745
REG103456,01-11-2018,2018,Madhya Pradesh,Indore (MP-09),LCV,Pickup Van,Ashok Leyland,Diesel,BS4,2523.0,9,6,False,False,34.78260869565217,0.0
REG103457,05-02-2023,2023,Delhi,Delhi West (DL-08),4W,Sedan,Kia,Diesel,BS6,1462.0,5,1,False,True,36.666666666666664,98.33333333333333
REG103458,06-04-2022,2022,Punjab,Patiala (PB-11),2W,Motorcycle,KTM,Petrol,BS6,350.0,2,2,False,True,39.21568627450981,98.0392156862745
REG103459,14-11-2018,2018,Delhi,Delhi West (DL-08),4W,Hatchback,Hyundai,Petrol,BS4,1000.0,5,6,False,False,17.647058823529413,0.0
REG103460,14-10-2022,2022,Telangana,Hyderabad (TS-09),OTH,Tractor,Mahindra,Diesel,BS6,3760.0,2,2,False,True,37.5,97.91666666666666
REG103461,05-02-2023,2023,Punjab,Patiala (PB-11),HCV,Truck,Eicher,Diesel,BS6,5660.0,2,1,False,True,33.33333333333333,100.0
REG103462,25-02-2019,2019,Madhya Pradesh,Jabalpur (MP-20),2W,Scooter,TVS,Petrol,BS4,160.0,2,5,False,False,44.44444444444444,7.4074074074074066
REG103463,14-10-2020,2020,Punjab,Chandigarh (CH-01),3W,Auto Rickshaw,Kinetic Green,CNG,BS6,225.0,3,4,True,True,29.03225806451613,87.09677419354838
REG103464,31-12-2018,2018,West Bengal,Howrah (WB-13),2W,Scooter,Suzuki,EV,BS4,0.0,2,6,True,False,50.0,0.0
REG103465,17-02-2022,2022,West Bengal,Kolkata (WB-01),2W,Moped,Bajaj,CNG,BS6,160.0,2,2,True,True,35.714285714285715,98.21428571428571
REG103466,27-02-2021,2021,Karnataka,Belgaum (KA-22),4W,MUV,Kia,Petrol,BS6,1462.0,6,3,False,True,32.88590604026846,94.63087248322147
REG103467,15-01-2022,2022,Tamil Nadu,Chennai Central (TN-01),4W,Sedan,Kia,Petrol,BS6,2179.0,5,2,False,True,48.148148148148145,96.29629629629629
REG103468,21-08-2023,2023,Gujarat,Gandhinagar (GJ-18),3W,E-Rickshaw,TVS,CNG,BS6,250.0,3,1,True,True,36.84210526315789,100.0
REG103469,17-04-2019,2019,Tamil Nadu,Madurai (TN-58),4W,MUV,Tata Motors,Petrol,BS4,1000.0,8,5,False,False,31.818181818181817,9.090909090909092
REG103470,29-01-2024,2024,Maharashtra,Pune (MH-12),4W,Hatchback,Hyundai,EV,BS6,0.0,5,0,True,True,45.714285714285715,100.0
REG103471,12-01-2022,2022,Maharashtra,Pune (MH-12),4W,MUV,Mahindra,Petrol,BS6,800.0,7,2,False,True,41.86046511627907,97.67441860465115
REG103472,12-03-2023,2023,Punjab,Patiala (PB-11),2W,Moped,Suzuki,Petrol,BS6,150.0,2,1,False,True,33.33333333333333,100.0
REG103473,05-01-2023,2023,Delhi,Delhi North (DL-04),2W,Scooter,Honda,Hybrid,BS6,100.0,2,1,True,True,36.666666666666664,98.33333333333333
REG103474,12-04-2018,2018,Punjab,Jalandhar (PB-08),LCV,Mini Truck,Ashok Leyland,CNG,BS4,2956.0,9,6,True,False,18.181818181818183,0.0
REG103475,08-09-2024,2024,Delhi,Delhi West (DL-08),2W,Motorcycle,Suzuki,Petrol,BS6,160.0,2,0,False,True,41.02564102564102,100.0
REG103476,20-06-2020,2020,Gujarat,Gandhinagar (GJ-18),4W,Sedan,Skoda,EV,BS6,0.0,5,4,True,True,33.33333333333333,81.81818181818183
REG103477,08-10-2020,2020,Tamil Nadu,Coimbatore (TN-37),3W,E-Rickshaw,Atul Auto,EV,BS6,0.0,3,4,True,True,34.285714285714285,85.71428571428571
REG103478,04-08-2023,2023,Gujarat,Vadodara (GJ-06),2W,Motorcycle,Bajaj,EV,BS6,0.0,2,1,True,True,36.84210526315789,100.0
REG103479,16-04-2022,2022,Delhi,Delhi West (DL-08),3W,Auto Rickshaw,Piaggio,Diesel,BS6,225.0,3,2,False,True,28.57142857142857,100.0
REG103480,13-05-2022,2022,Uttar Pradesh,Allahabad (UP-70),LCV,Mini Truck,Mahindra,Diesel,BS6,2956.0,9,2,False,True,42.592592592592595,96.29629629629629
REG103481,21-09-2024,2024,Gujarat,Rajkot (GJ-03),2W,Scooter,Suzuki,Petrol,BS6,250.0,2,0,False,True,35.294117647058826,100.0
REG103482,15-02-2020,2020,Kerala,Thrissur (KL-08),HCV,Trailer,Tata Motors,Diesel,BS4,4998.0,2,4,False,False,37.5,87.5
REG103483,24-07-2022,2022,Uttar Pradesh,Kanpur (UP-78),2W,Scooter,Yamaha,Petrol,BS6,100.0,2,2,False,True,42.592592592592595,96.29629629629629
REG103484,18-05-2019,2019,Karnataka,Hubli (KA-25),2W,Scooter,Hero,EV,BS6,0.0,2,5,True,True,31.32530120481928,9.63855421686747
REG103485,26-12-2021,2021,Karnataka,Hubli (KA-25),2W,Moped,Honda,CNG,BS6,250.0,2,3,True,True,32.88590604026846,94.63087248322147
REG103486,12-04-2021,2021,Karnataka,Bangalore Central (KA-01),2W,Scooter,Honda,Petrol,BS6,250.0,2,3,False,True,32.88590604026846,94.63087248322147
REG103487,24-06-2023,2023,Karnataka,Bangalore Central (KA-01),3W,Auto Rickshaw,Mahindra,Petrol,BS6,250.0,7,1,False,True,37.17948717948718,99.14529914529915
REG103488,07-05-2023,2023,Madhya Pradesh,Gwalior (MP-07),2W,Scooter,Royal Enfield,Petrol,BS6,250.0,2,1,False,True,36.36363636363637,96.36363636363636
REG103489,14-01-2019,2019,Telangana,Nizamabad (TS-05),HCV,Bus,BharatBenz,Diesel,BS4,4998.0,32,5,False,False,26.666666666666668,6.666666666666667
REG103490,11-12-2024,2024,Madhya Pradesh,Gwalior (MP-07),4W,SUV,Kia,Diesel,BS6,1968.0,8,0,False,True,48.837209302325576,100.0
REG103491,26-11-2022,2022,Maharashtra,Mumbai Central (MH-01),2W,Motorcycle,Honda,Petrol,BS6,125.0,2,2,False,True,41.86046511627907,97.67441860465115
REG103492,17-05-2023,2023,Tamil Nadu,Salem (TN-30),4W,Sedan,Renault,Diesel,BS6,1197.0,5,1,False,True,41.509433962264154,96.22641509433963
REG103493,02-12-2020,2020,Madhya Pradesh,Jabalpur (MP-20),4W,Sedan,Honda,Diesel,BS6,800.0,5,4,False,True,45.45454545454545,81.81818181818183
REG103494,06-11-2018,2018,Madhya Pradesh,Jabalpur (MP-20),2W,Moped,Bajaj,Petrol,BS4,160.0,2,6,False,False,34.78260869565217,0.0
REG103495,30-07-2019,2019,Karnataka,Mangalore (KA-19),4W,SUV,Maruti Suzuki,Diesel,BS4,1498.0,5,5,False,False,31.32530120481928,9.63855421686747
REG103496,30-08-2020,2020,Delhi,Delhi West (DL-08),4W,SUV,Renault,Petrol,BS4,2179.0,5,4,False,False,38.23529411764706,85.29411764705883
REG103497,21-06-2023,2023,Maharashtra,Nashik (MH-15),2W,Scooter,Ola Electric,Petrol,BS6,110.0,2,1,False,True,32.72727272727273,98.18181818181819
REG103498,08-08-2022,2022,Gujarat,Surat (GJ-05),4W,SUV,Kia,Petrol,BS6,1598.0,7,2,False,True,50.0,95.65217391304348
REG103499,11-08-2023,2023,Tamil Nadu,Chennai Central (TN-01),OTH,Road Roller,Sonalika,Diesel,BS6,4998.0,2,1,False,True,41.509433962264154,96.22641509433963
REG103500,04-02-2024,2024,Rajasthan,Jodhpur (RJ-19),3W,Auto Rickshaw,Bajaj,Diesel,BS6,225.0,3,0,False,True,41.02564102564102,100.0
REG103501,05-04-2023,2023,Gujarat,Vadodara (GJ-06),3W,Tempo,TVS,EV,BS6,0.0,6,1,True,True,36.84210526315789,100.0
REG103502,23-05-2023,2023,Madhya Pradesh,Bhopal (MP-04),4W,Sedan,Renault,Petrol,BS6,1462.0,5,1,False,True,36.36363636363637,96.36363636363636
REG103503,12-10-2022,2022,Kerala,Thiruvananthapuram (KL-01),4W,Hatchback,Maruti Suzuki,Petrol,BS6,1000.0,5,2,False,True,32.608695652173914,100.0
REG103504,03-05-2021,2021,Madhya Pradesh,Ujjain (MP-13),2W,Moped,Yamaha,EV,BS6,0.0,2,3,True,True,44.89795918367347,95.91836734693877
REG103505,29-03-2024,2024,Gujarat,Gandhinagar (GJ-18),2W,Scooter,Honda,CNG,BS6,150.0,2,0,True,True,35.294117647058826,100.0
REG103506,29-08-2020,2020,Rajasthan,Kota (RJ-20),4W,Sedan,Mahindra,Diesel,BS6,1598.0,5,4,False,True,52.0,84.0
REG103507,15-06-2024,2024,Madhya Pradesh,Jabalpur (MP-20),4W,Hatchback,Mahindra,Petrol,BS6,1968.0,5,0,False,True,48.837209302325576,100.0
REG103508,08-03-2021,2021,Madhya Pradesh,Jabalpur (MP-20),HCV,Tanker,Tata Motors,Diesel,BS6,3760.0,2,3,False,True,44.89795918367347,95.91836734693877
REG103509,22-10-2024,2024,West Bengal,Kolkata (WB-01),4W,SUV,Hyundai,Hybrid,BS6,1000.0,5,0,True,True,27.027027027027028,100.0
REG103510,11-02-2021,2021,Uttar Pradesh,Lucknow (UP-32),2W,Scooter,Royal Enfield,Petrol,BS6,110.0,2,3,False,True,30.76923076923077,94.87179487179486
REG103511,04-06-2023,2023,Punjab,Patiala (PB-11),2W,Moped,KTM,Petrol,BS6,350.0,2,1,False,True,33.33333333333333,100.0
REG103512,08-12-2020,2020,Delhi,Delhi South (DL-09),HCV,Trailer,MAN,Diesel,BS4,6700.0,2,4,False,False,38.23529411764706,85.29411764705883
REG103513,20-11-2022,2022,Telangana,Karimnagar (TS-01),3W,Auto Rickshaw,Mahindra,EV,BS6,0.0,6,2,True,True,37.5,97.91666666666666
REG103514,12-10-2023,2023,Delhi,Delhi East (DL-02),2W,Motorcycle,TVS,Petrol,BS6,100.0,2,1,False,True,36.666666666666664,98.33333333333333
REG103515,10-11-2024,2024,Telangana,Warangal (TS-03),4W,MUV,MG,CNG,BS6,1968.0,8,0,True,True,25.71428571428571,100.0
REG103516,20-04-2024,2024,Uttar Pradesh,Lucknow (UP-32),2W,Scooter,Yamaha,CNG,BS6,160.0,2,0,True,True,27.77777777777778,100.0
REG103517,29-09-2023,2023,Madhya Pradesh,Gwalior (MP-07),3W,E-Rickshaw,TVS,Diesel,BS6,225.0,3,1,False,True,36.36363636363637,96.36363636363636
REG103518,31-10-2023,2023,Kerala,Thiruvananthapuram (KL-01),4W,Sedan,MG,Petrol,BS6,800.0,5,1,False,True,30.508474576271187,96.61016949152543
REG103519,02-08-2022,2022,Maharashtra,Pune (MH-12),3W,Auto Rickshaw,Atul Auto,EV,BS6,0.0,7,2,True,True,41.86046511627907,97.67441860465115
REG103520,30-04-2024,2024,Delhi,Delhi East (DL-02),2W,Moped,Hero,EV,BS6,0.0,2,0,True,True,41.02564102564102,100.0
REG103521,29-07-2021,2021,Telangana,Nizamabad (TS-05),4W,MUV,MG,Hybrid,BS6,1197.0,8,3,True,True,38.70967741935484,93.54838709677419
REG103522,10-03-2021,2021,Rajasthan,Jaipur (RJ-14),LCV,Pickup Van,Ashok Leyland,Diesel,BS6,2956.0,9,3,False,True,42.857142857142854,95.23809523809523
REG103523,16-08-2020,2020,Uttar Pradesh,Agra (UP-80),4W,Hatchback,Skoda,Diesel,BS6,1498.0,5,4,False,True,35.714285714285715,78.57142857142857
REG103524,18-03-2021,2021,West Bengal,Asansol (WB-39),2W,Motorcycle,Bajaj,Petrol,BS6,100.0,2,3,False,True,39.130434782608695,95.65217391304348
REG103525,19-07-2018,2018,Tamil Nadu,Salem (TN-30),OTH,Crane,Escorts,Diesel,BS4,5660.0,1,6,False,False,20.0,0.0
REG103526,17-01-2022,2022,Tamil Nadu,Madurai (TN-58),HCV,Bus,Ashok Leyland,Diesel,BS6,6700.0,32,2,False,True,48.148148148148145,96.29629629629629
REG103527,18-03-2021,2021,Maharashtra,Nashik (MH-15),2W,Motorcycle,Suzuki,EV,BS6,0.0,2,3,True,True,44.73684210526316,100.0
REG103528,13-04-2021,2021,West Bengal,Siliguri (WB-73),4W,SUV,Hyundai,Petrol,BS6,2179.0,5,3,False,True,39.130434782608695,95.65217391304348
REG103529,03-11-2024,2024,Maharashtra,Nagpur (MH-31),LCV,Mini Truck,Force Motors,EV,BS6,0.0,9,0,True,True,45.714285714285715,100.0
REG103530,22-12-2020,2020,Tamil Nadu,Salem (TN-30),2W,Motorcycle,Royal Enfield,Petrol,BS6,250.0,2,4,False,True,34.285714285714285,85.71428571428571
REG103531,22-06-2023,2023,Tamil Nadu,Trichy (TN-45),2W,Motorcycle,Bajaj,EV,BS6,0.0,2,1,True,True,41.509433962264154,96.22641509433963
REG103532,28-01-2023,2023,Delhi,Delhi Central (DL-01),2W,Motorcycle,KTM,Hybrid,BS6,100.0,2,1,True,True,36.666666666666664,98.33333333333333
REG103533,14-04-2024,2024,Telangana,Khammam (TS-07),2W,Moped,Bajaj,Petrol,BS6,350.0,2,0,False,True,25.71428571428571,100.0
REG103534,03-10-2019,2019,Maharashtra,Nagpur (MH-31),2W,Motorcycle,Bajaj,CNG,BS4,400.0,2,5,True,False,36.84210526315789,5.263157894736842
REG103535,08-10-2021,2021,Delhi,Delhi South (DL-09),2W,Scooter,Honda,Petrol,BS6,100.0,2,3,False,True,44.11764705882353,94.11764705882352
REG103536,17-11-2023,2023,Gujarat,Rajkot (GJ-03),2W,Motorcycle,Ola Electric,EV,BS6,0.0,2,1,True,True,36.84210526315789,100.0
REG103537,01-12-2021,2021,Madhya Pradesh,Bhopal (MP-04),3W,E-Rickshaw,Atul Auto,EV,BS6,0.0,3,3,True,True,44.89795918367347,95.91836734693877
REG103538,23-12-2021,2021,Rajasthan,Kota (RJ-20),2W,Moped,TVS,Petrol,BS6,400.0,2,3,False,True,42.857142857142854,95.23809523809523
REG103539,16-03-2018,2018,Delhi,Delhi North (DL-04),4W,Sedan,Honda,Petrol,BS4,2179.0,5,6,False,False,17.647058823529413,0.0
REG103540,08-03-2020,2020,Madhya Pradesh,Ujjain (MP-13),2W,Moped,Yamaha,EV,BS4,0.0,2,4,True,False,45.45454545454545,81.81818181818183
REG103541,28-08-2022,2022,Telangana,Warangal (TS-03),4W,Hatchback,Mahindra,CNG,BS6,1498.0,5,2,True,True,37.5,97.91666666666666
REG103542,18-09-2020,2020,Madhya Pradesh,Indore (MP-09),2W,Scooter,Hero,Petrol,BS6,200.0,2,4,False,True,45.45454545454545,81.81818181818183
REG103543,07-03-2023,2023,Punjab,Jalandhar (PB-08),HCV,Trailer,Tata Motors,CNG,BS6,5660.0,2,1,True,True,33.33333333333333,100.0
REG103544,19-01-2023,2023,Uttar Pradesh,Varanasi (UP-65),2W,Moped,Ather,Petrol,BS6,250.0,2,1,False,True,26.666666666666668,100.0
REG103545,18-10-2022,2022,Madhya Pradesh,Jabalpur (MP-20),2W,Scooter,KTM,Petrol,BS6,160.0,2,2,False,True,39.53488372093023,100.0
REG103546,15-02-2021,2021,Madhya Pradesh,Ujjain (MP-13),2W,Motorcycle,Ather,EV,BS6,0.0,2,3,True,True,44.89795918367347,95.91836734693877
REG103547,22-02-2021,2021,Delhi,Delhi South (DL-09),2W,Scooter,TVS,EV,BS6,0.0,2,3,True,True,44.11764705882353,94.11764705882352
REG103548,31-07-2020,2020,Rajasthan,Ajmer (RJ-01),4W,Sedan,MG,Petrol,BS4,1462.0,5,4,False,False,52.0,84.0
REG103549,14-06-2022,2022,Punjab,Amritsar (PB-02),HCV,Trailer,Tata Motors,Diesel,BS6,5660.0,2,2,False,True,39.21568627450981,98.0392156862745
REG103550,09-09-2022,2022,Rajasthan,Udaipur (RJ-27),4W,SUV,Mahindra,Petrol,BS6,1462.0,5,2,False,True,30.0,100.0
REG103551,14-04-2020,2020,Maharashtra,Pune (MH-12),4W,Hatchback,Maruti Suzuki,EV,BS6,0.0,5,4,True,True,34.61538461538461,84.61538461538461
REG103552,29-03-2023,2023,Delhi,Delhi East (DL-02),2W,Scooter,KTM,Petrol,BS6,150.0,2,1,False,True,36.666666666666664,98.33333333333333
REG103553,07-12-2024,2024,Gujarat,Gandhinagar (GJ-18),3W,Tempo,Piaggio,EV,BS6,0.0,3,0,True,True,35.294117647058826,100.0
REG103554,22-07-2022,2022,Karnataka,Belgaum (KA-22),2W,Moped,Hero,Petrol,BS6,100.0,2,2,False,True,43.333333333333336,96.66666666666667
REG103555,18-08-2021,2021,Kerala,Thrissur (KL-08),2W,Moped,TVS,Petrol,BS4,400.0,2,3,False,False,37.254901960784316,94.11764705882352
REG103556,16-02-2023,2023,Punjab,Ludhiana (PB-10),4W,SUV,Skoda,Diesel,BS6,2179.0,8,1,False,True,33.33333333333333,100.0
REG103557,28-12-2024,2024,Maharashtra,Aurangabad (MH-20),4W,Sedan,MG,Petrol,BS6,1598.0,5,0,False,True,45.714285714285715,100.0
REG103558,22-10-2021,2021,Maharashtra,Nagpur (MH-31),2W,Scooter,Bajaj,CNG,BS6,160.0,2,3,True,True,44.73684210526316,100.0
REG103559,31-12-2023,2023,Gujarat,Rajkot (GJ-03),4W,Sedan,Renault,Diesel,BS6,1598.0,5,1,False,True,36.84210526315789,100.0
REG103560,11-10-2021,2021,Telangana,Khammam (TS-07),2W,Scooter,Suzuki,EV,BS6,0.0,2,3,True,True,38.70967741935484,93.54838709677419
REG103561,04-10-2019,2019,West Bengal,Asansol (WB-39),4W,SUV,MG,Diesel,BS4,1498.0,6,5,False,False,42.10526315789473,10.526315789473683
REG103562,18-09-2022,2022,West Bengal,Durgapur (WB-40),2W,Scooter,Yamaha,Petrol,BS6,200.0,2,2,False,True,35.714285714285715,98.21428571428571
REG103563,03-05-2021,2021,Punjab,Ludhiana (PB-10),3W,E-Rickshaw,Piaggio,Petrol,BS6,200.0,3,3,False,True,38.46153846153847,100.0
REG103564,26-03-2023,2023,Punjab,Patiala (PB-11),4W,MUV,Kia,Diesel,BS6,1498.0,6,1,False,True,33.33333333333333,100.0
REG103565,06-04-2021,2021,Gujarat,Surat (GJ-05),2W,Moped,Suzuki,EV,BS6,0.0,2,3,True,True,50.0,95.0
REG103566,07-10-2019,2019,Madhya Pradesh,Gwalior (MP-07),2W,Motorcycle,Ather,EV,BS4,0.0,2,5,True,False,44.44444444444444,7.4074074074074066
REG103567,03-06-2021,2021,Delhi,Delhi West (DL-08),LCV,Pickup Van,Eicher,Diesel,BS6,2523.0,9,3,False,True,44.11764705882353,94.11764705882352
REG103568,04-03-2023,2023,West Bengal,Siliguri (WB-73),2W,Scooter,KTM,EV,BS6,0.0,2,1,True,True,45.0,97.5
REG103569,21-10-2024,2024,Uttar Pradesh,Lucknow (UP-32),2W,Motorcycle,Yamaha,Petrol,BS6,250.0,2,0,False,True,27.77777777777778,100.0
REG103570,05-02-2022,2022,Kerala,Kozhikode (KL-11),OTH,Road Roller,Sonalika,Petrol,BS6,4998.0,1,2,False,True,32.608695652173914,100.0
REG103571,08-03-2020,2020,Maharashtra,Nagpur (MH-31),2W,Moped,Ola Electric,Petrol,BS6,400.0,2,4,False,True,34.61538461538461,84.61538461538461
REG103572,14-01-2021,2021,Uttar Pradesh,Varanasi (UP-65),2W,Motorcycle,Ather,Petrol,BS6,125.0,2,3,False,True,30.76923076923077,94.87179487179486
REG103573,05-02-2018,2018,Punjab,Amritsar (PB-02),4W,MUV,Mahindra,Diesel,BS4,1197.0,7,6,False,False,18.181818181818183,0.0
REG103574,01-12-2022,2022,Rajasthan,Udaipur (RJ-27),2W,Moped,Honda,Petrol,BS6,110.0,2,2,False,True,30.0,100.0
REG103575,11-07-2023,2023,Punjab,Amritsar (PB-02),4W,Hatchback,Mahindra,Diesel,BS6,800.0,5,1,False,True,33.33333333333333,100.0
REG103576,14-09-2022,2022,Rajasthan,Jaipur (RJ-14),4W,Sedan,Skoda,Diesel,BS6,1968.0,5,2,False,True,30.0,100.0
REG103577,14-04-2024,2024,Karnataka,Mangalore (KA-19),2W,Motorcycle,Royal Enfield,EV,BS6,0.0,2,0,True,True,41.29032258064516,100.0
REG103578,30-10-2022,2022,Telangana,Nizamabad (TS-05),2W,Moped,Honda,EV,BS6,0.0,2,2,True,True,37.5,97.91666666666666
REG103579,22-01-2021,2021,Delhi,Delhi East (DL-02),2W,Motorcycle,Royal Enfield,EV,BS6,0.0,2,3,True,True,44.11764705882353,94.11764705882352
REG103580,11-09-2019,2019,Gujarat,Ahmedabad (GJ-01),4W,Sedan,MG,EV,BS4,0.0,5,5,True,False,55.00000000000001,0.0
REG103581,04-02-2021,2021,Uttar Pradesh,Kanpur (UP-78),4W,SUV,Renault,Petrol,BS6,1197.0,8,3,False,True,30.76923076923077,94.87179487179486
REG103582,07-02-2022,2022,Kerala,Kochi (KL-07),4W,Sedan,Maruti Suzuki,Diesel,BS6,1968.0,5,2,False,True,32.608695652173914,100.0
REG103583,02-02-2018,2018,West Bengal,Kolkata (WB-01),2W,Motorcycle,Ather,EV,BS4,0.0,2,6,True,False,50.0,0.0
REG103584,24-04-2022,2022,Karnataka,Bangalore Central (KA-01),4W,Sedan,Mahindra,EV,BS6,0.0,5,2,True,True,43.333333333333336,96.66666666666667
REG103585,11-03-2022,2022,Tamil Nadu,Madurai (TN-58),2W,Moped,Ather,Hybrid,BS6,100.0,2,2,True,True,48.148148148148145,96.29629629629629
REG103586,19-12-2022,2022,Uttar Pradesh,Kanpur (UP-78),2W,Scooter,Yamaha,EV,BS6,0.0,2,2,True,True,42.592592592592595,96.29629629629629
REG103587,25-02-2023,2023,Kerala,Kollam (KL-02),OTH,Tractor,Mahindra,Diesel,BS6,4998.0,1,1,False,True,30.508474576271187,96.61016949152543
REG103588,13-03-2020,2020,Telangana,Hyderabad (TS-09),HCV,Trailer,Tata Motors,Diesel,BS6,3760.0,2,4,False,True,45.16129032258064,90.32258064516128
REG103589,13-10-2019,2019,Uttar Pradesh,Lucknow (UP-32),3W,E-Rickshaw,TVS,Petrol,BS4,200.0,3,5,False,False,27.27272727272727,0.0
REG103590,12-05-2022,2022,Gujarat,Rajkot (GJ-03),LCV,Light Bus,Tata Motors,CNG,BS6,2523.0,15,2,True,True,50.0,95.65217391304348
REG103591,16-01-2022,2022,Delhi,Delhi West (DL-08),2W,Scooter,Royal Enfield,Petrol,BS6,250.0,2,2,False,True,28.57142857142857,100.0
REG103592,21-12-2021,2021,Maharashtra,Aurangabad (MH-20),4W,SUV,Renault,Petrol,BS6,2179.0,7,3,False,True,44.73684210526316,100.0
REG103593,28-06-2022,2022,Rajasthan,Udaipur (RJ-27),2W,Moped,Bajaj,CNG,BS6,160.0,2,2,True,True,30.0,100.0
REG103594,07-12-2019,2019,Madhya Pradesh,Bhopal (MP-04),3W,Auto Rickshaw,Atul Auto,CNG,BS4,200.0,6,5,True,False,44.44444444444444,7.4074074074074066
REG103595,11-12-2020,2020,Punjab,Amritsar (PB-02),3W,Tempo,Mahindra,Diesel,BS6,250.0,6,4,False,True,29.03225806451613,87.09677419354838
REG103596,11-09-2019,2019,Uttar Pradesh,Varanasi (UP-65),4W,SUV,Mahindra,Petrol,BS4,1197.0,8,5,False,False,27.27272727272727,0.0
REG103597,10-03-2021,2021,Karnataka,Mangalore (KA-19),OTH,Road Roller,Sonalika,Diesel,BS6,6700.0,2,3,False,True,32.88590604026846,94.63087248322147
REG103598,04-10-2021,2021,Punjab,Jalandhar (PB-08),HCV,Truck,Tata Motors,EV,BS6,0.0,2,3,True,True,38.46153846153847,100.0
REG103599,08-10-2023,2023,Maharashtra,Pune (MH-12),2W,Moped,TVS,Petrol,BS6,160.0,2,1,False,True,32.72727272727273,98.18181818181819
REG103600,12-09-2021,2021,Madhya Pradesh,Jabalpur (MP-20),3W,Auto Rickshaw,Bajaj,Diesel,BS6,225.0,7,3,False,True,44.89795918367347,95.91836734693877
REG103601,16-03-2020,2020,Gujarat,Ahmedabad (GJ-01),2W,Scooter,KTM,Petrol,BS4,200.0,2,4,False,False,33.33333333333333,81.81818181818183
REG103602,19-07-2021,2021,Tamil Nadu,Madurai (TN-58),2W,Motorcycle,Yamaha,Petrol,BS4,100.0,2,3,False,False,21.62162162162162,89.1891891891892
REG103603,20-08-2022,2022,Maharashtra,Aurangabad (MH-20),2W,Moped,Ola Electric,Petrol,BS6,125.0,2,2,False,True,41.86046511627907,97.67441860465115
REG103604,03-07-2020,2020,Karnataka,Hubli (KA-25),HCV,Truck,Volvo,EV,BS6,0.0,2,4,True,True,37.5,83.33333333333334
REG103605,09-01-2021,2021,Delhi,Delhi Central (DL-01),2W,Motorcycle,Ather,Petrol,BS6,200.0,2,3,False,True,44.11764705882353,94.11764705882352
REG103606,30-12-2020,2020,Punjab,Patiala (PB-11),2W,Moped,TVS,Petrol,BS4,110.0,2,4,False,False,29.03225806451613,87.09677419354838
REG103607,25-04-2024,2024,Maharashtra,Aurangabad (MH-20),2W,Motorcycle,Ola Electric,Petrol,BS6,110.0,2,0,False,True,45.714285714285715,100.0
REG103608,22-12-2022,2022,Gujarat,Ahmedabad (GJ-01),2W,Motorcycle,Ather,EV,BS6,0.0,2,2,True,True,50.0,95.65217391304348
REG103609,05-06-2022,2022,Madhya Pradesh,Jabalpur (MP-20),LCV,Pickup Van,Eicher,EV,BS6,0.0,9,2,True,True,39.53488372093023,100.0
REG103610,15-11-2019,2019,Karnataka,Bangalore Central (KA-01),2W,Moped,TVS,Petrol,BS4,160.0,2,5,False,False,31.32530120481928,9.63855421686747
REG103611,16-07-2023,2023,Madhya Pradesh,Ujjain (MP-13),2W,Motorcycle,Hero,Petrol,BS6,125.0,2,1,False,True,36.36363636363637,96.36363636363636
REG103612,11-08-2023,2023,Gujarat,Surat (GJ-05),OTH,Crane,Sonalika,Diesel,BS6,4998.0,1,1,False,True,36.84210526315789,100.0
REG103613,26-12-2021,2021,Rajasthan,Ajmer (RJ-01),3W,E-Rickshaw,TVS,CNG,BS4,250.0,3,3,True,False,42.857142857142854,95.23809523809523
REG103614,31-05-2020,2020,Telangana,Khammam (TS-07),2W,Moped,KTM,EV,BS6,0.0,2,4,True,True,45.16129032258064,90.32258064516128
REG103615,12-10-2024,2024,Tamil Nadu,Madurai (TN-58),2W,Motorcycle,Honda,EV,BS6,0.0,2,0,True,True,38.88888888888889,100.0
REG103616,27-09-2021,2021,Telangana,Hyderabad (TS-09),2W,Motorcycle,Royal Enfield,Petrol,BS6,125.0,2,3,False,True,38.70967741935484,93.54838709677419
REG103617,13-07-2022,2022,Telangana,Karimnagar (TS-01),2W,Scooter,KTM,Petrol,BS6,100.0,2,2,False,True,37.5,97.91666666666666
REG103618,17-08-2023,2023,Telangana,Warangal (TS-03),4W,MUV,Kia,Diesel,BS6,1000.0,6,1,False,True,32.25806451612903,98.38709677419355
REG103619,03-07-2024,2024,Maharashtra,Nashik (MH-15),2W,Motorcycle,Bajaj,CNG,BS6,137.5,2,0,True,True,45.714285714285715,100.0
REG103620,02-12-2019,2019,Delhi,Delhi Central (DL-01),2W,Moped,TVS,Petrol,BS4,100.0,2,5,False,False,17.647058823529413,11.76470588235294
REG103621,03-03-2020,2020,West Bengal,Durgapur (WB-40),4W,Hatchback,Kia,Petrol,BS6,800.0,5,4,False,True,30.76923076923077,88.46153846153845
REG103622,15-07-2023,2023,Karnataka,Hubli (KA-25),HCV,Trailer,Ashok Leyland,Diesel,BS6,5660.0,2,1,False,True,37.17948717948718,99.14529914529915
REG103623,03-09-2022,2022,Kerala,Thrissur (KL-08),2W,Motorcycle,Bajaj,Petrol,BS6,110.0,2,2,False,True,32.608695652173914,100.0
REG103624,14-11-2024,2024,Karnataka,Hubli (KA-25),2W,Motorcycle,Royal Enfield,EV,BS6,0.0,2,0,True,True,41.29032258064516,100.0
REG103625,03-06-2020,2020,Punjab,Jalandhar (PB-08),2W,Motorcycle,Hero,Hybrid,BS6,150.0,2,4,True,True,29.03225806451613,87.09677419354838
REG103626,02-07-2023,2023,Gujarat,Vadodara (GJ-06),4W,MUV,Toyota,Hybrid,BS6,1462.0,8,1,True,True,36.84210526315789,100.0
REG103627,08-03-2021,2021,Madhya Pradesh,Bhopal (MP-04),4W,Hatchback,MG,Diesel,BS6,1000.0,5,3,False,True,44.89795918367347,95.91836734693877
REG103628,21-09-2022,2022,Punjab,Patiala (PB-11),2W,Moped,Royal Enfield,Petrol,BS6,125.0,2,2,False,True,39.21568627450981,98.0392156862745
REG103629,06-04-2019,2019,West Bengal,Durgapur (WB-40),4W,Hatchback,Mahindra,Petrol,BS4,1462.0,5,5,False,False,42.10526315789473,10.526315789473683
REG103630,02-03-2022,2022,Gujarat,Gandhinagar (GJ-18),2W,Scooter,Hero,Petrol,BS6,160.0,2,2,False,True,50.0,95.65217391304348
REG103631,12-09-2021,2021,Kerala,Kollam (KL-02),2W,Scooter,Ather,EV,BS6,0.0,2,3,True,True,37.254901960784316,94.11764705882352
REG103632,29-06-2024,2024,Maharashtra,Nashik (MH-15),2W,Scooter,Suzuki,Petrol,BS6,250.0,2,0,False,True,45.714285714285715,100.0
REG103633,21-03-2019,2019,Maharashtra,Mumbai Central (MH-01),4W,MUV,Honda,EV,BS4,0.0,6,5,True,False,36.84210526315789,5.263157894736842
REG103634,26-03-2021,2021,Madhya Pradesh,Ujjain (MP-13),2W,Moped,Bajaj,EV,BS6,0.0,2,3,True,True,44.89795918367347,95.91836734693877
REG103635,03-11-2023,2023,Telangana,Nizamabad (TS-05),4W,Sedan,Honda,Petrol,BS6,1462.0,5,1,False,True,32.25806451612903,98.38709677419355
REG103636,19-01-2022,2022,Maharashtra,Nagpur (MH-31),4W,SUV,Skoda,Diesel,BS6,1968.0,8,2,False,True,41.86046511627907,97.67441860465115
REG103637,03-04-2024,2024,Madhya Pradesh,Jabalpur (MP-20),2W,Scooter,Ather,Petrol,BS6,150.0,2,0,False,True,48.837209302325576,100.0
REG103638,16-02-2021,2021,Gujarat,Vadodara (GJ-06),2W,Scooter,Ather,CNG,BS6,110.0,2,3,True,True,50.0,95.0
REG103639,02-04-2020,2020,Telangana,Nizamabad (TS-05),OTH,Crane,John Deere,Diesel,BS6,3760.0,1,4,False,True,45.16129032258064,90.32258064516128
REG103640,07-06-2023,2023,Uttar Pradesh,Kanpur (UP-78),3W,Tempo,Bajaj,Diesel,BS6,225.0,6,1,False,True,26.666666666666668,100.0
REG103641,05-07-2021,2021,Gujarat,Gandhinagar (GJ-18),2W,Moped,Suzuki,CNG,BS6,400.0,2,3,True,True,50.0,95.0
REG103642,21-10-2023,2023,Madhya Pradesh,Gwalior (MP-07),4W,SUV,Tata Motors,Petrol,BS6,1462.0,5,1,False,True,36.36363636363637,96.36363636363636
REG103643,08-09-2022,2022,Delhi,Delhi North (DL-04),2W,Moped,Suzuki,Petrol,BS6,250.0,2,2,False,True,28.57142857142857,100.0
REG103644,14-10-2022,2022,West Bengal,Siliguri (WB-73),3W,E-Rickshaw,Mahindra,Diesel,BS6,225.0,3,2,False,True,35.714285714285715,98.21428571428571
REG103645,12-10-2022,2022,Delhi,Delhi West (DL-08),2W,Scooter,Ola Electric,Petrol,BS6,100.0,2,2,False,True,28.57142857142857,100.0
REG103646,12-04-2024,2024,Telangana,Khammam (TS-07),4W,Sedan,Honda,Diesel,BS6,800.0,5,0,False,True,25.71428571428571,100.0
REG103647,09-11-2019,2019,Uttar Pradesh,Lucknow (UP-32),2W,Motorcycle,Hero,Petrol,BS4,110.0,2,5,False,False,27.27272727272727,0.0
REG103648,30-07-2020,2020,Rajasthan,Kota (RJ-20),3W,Auto Rickshaw,TVS,CNG,BS6,250.0,6,4,True,True,52.0,84.0
REG103649,26-09-2018,2018,Punjab,Ludhiana (PB-10),4W,SUV,Skoda,CNG,BS4,1968.0,5,6,True,False,18.181818181818183,0.0
REG103650,04-11-2024,2024,Uttar Pradesh,Agra (UP-80),4W,Hatchback,Kia,EV,BS6,0.0,5,0,True,True,27.77777777777778,100.0
REG103651,15-07-2022,2022,West Bengal,Howrah (WB-13),4W,Hatchback,Honda,Diesel,BS6,2179.0,5,2,False,True,35.714285714285715,98.21428571428571
REG103652,03-04-2021,2021,Uttar Pradesh,Varanasi (UP-65),2W,Motorcycle,Ola Electric,CNG,BS6,150.0,2,3,True,True,30.76923076923077,94.87179487179486
REG103653,18-10-2021,2021,West Bengal,Howrah (WB-13),2W,Motorcycle,TVS,Petrol,BS6,150.0,2,3,False,True,39.130434782608695,95.65217391304348
REG103654,27-11-2019,2019,West Bengal,Howrah (WB-13),LCV,Pickup Van,Eicher,Diesel,BS6,3298.0,9,5,False,True,42.10526315789473,10.526315789473683
REG103655,15-12-2018,2018,Madhya Pradesh,Jabalpur (MP-20),4W,Sedan,MG,Diesel,BS4,1598.0,5,6,False,False,34.78260869565217,0.0
REG103656,31-07-2023,2023,Madhya Pradesh,Ujjain (MP-13),2W,Scooter,KTM,Petrol,BS6,100.0,2,1,False,True,36.36363636363637,96.36363636363636
REG103657,18-12-2023,2023,Punjab,Jalandhar (PB-08),3W,E-Rickshaw,Atul Auto,EV,BS6,0.0,3,1,True,True,33.33333333333333,100.0
REG103658,12-07-2024,2024,Maharashtra,Aurangabad (MH-20),2W,Moped,KTM,Petrol,BS6,350.0,2,0,False,True,45.714285714285715,100.0
REG103659,27-01-2021,2021,Punjab,Amritsar (PB-02),4W,Sedan,Honda,Petrol,BS6,1197.0,5,3,False,True,38.46153846153847,100.0
REG103660,28-06-2024,2024,Delhi,Delhi East (DL-02),3W,E-Rickshaw,Kinetic Green,Diesel,BS6,225.0,3,0,False,True,41.02564102564102,100.0
REG103661,26-10-2021,2021,Kerala,Kozhikode (KL-11),3W,Tempo,Kinetic Green,Diesel,BS6,250.0,6,3,False,True,37.254901960784316,94.11764705882352
REG103662,12-06-2024,2024,Kerala,Thiruvananthapuram (KL-01),2W,Moped,Bajaj,Petrol,BS6,100.0,2,0,False,True,36.17021276595745,100.0
REG103663,28-11-2022,2022,Kerala,Kochi (KL-07),2W,Scooter,Bajaj,EV,BS6,0.0,2,2,True,True,32.608695652173914,100.0
REG103664,20-06-2023,2023,Telangana,Nizamabad (TS-05),4W,MUV,Toyota,Petrol,BS6,800.0,6,1,False,True,32.25806451612903,98.38709677419355
REG103665,30-09-2018,2018,West Bengal,Durgapur (WB-40),2W,Motorcycle,KTM,EV,BS4,0.0,2,6,True,False,50.0,0.0
REG103666,02-03-2020,2020,Delhi,Delhi South (DL-09),2W,Scooter,Ola Electric,Petrol,BS6,150.0,2,4,False,True,38.23529411764706,85.29411764705883
REG103667,15-01-2023,2023,Uttar Pradesh,Allahabad (UP-70),2W,Moped,Ather,Petrol,BS6,350.0,2,1,False,True,26.666666666666668,100.0
REG103668,22-04-2018,2018,Delhi,Delhi North (DL-04),2W,Scooter,Honda,Petrol,BS4,125.0,2,6,False,False,17.647058823529413,0.0
REG103669,28-07-2023,2023,Kerala,Kozhikode (KL-11),LCV,Pickup Van,Tata Motors,Diesel,BS6,3298.0,9,1,False,True,30.508474576271187,96.61016949152543
REG103670,21-07-2020,2020,Delhi,Delhi South (DL-09),3W,Tempo,Mahindra,CNG,BS6,225.0,6,4,True,True,38.23529411764706,85.29411764705883
REG103671,11-03-2018,2018,Madhya Pradesh,Jabalpur (MP-20),2W,Scooter,Suzuki,Hybrid,BS4,350.0,2,6,True,False,34.78260869565217,0.0
REG103672,29-12-2022,2022,Delhi,Delhi South (DL-09),4W,SUV,Hyundai,Diesel,BS6,1498.0,5,2,False,True,28.57142857142857,100.0
REG103673,26-02-2018,2018,Maharashtra,Mumbai Central (MH-01),2W,Moped,KTM,EV,BS4,0.0,2,6,True,False,44.44444444444444,0.0
REG103674,16-10-2024,2024,Rajasthan,Jaipur (RJ-14),2W,Moped,Royal Enfield,EV,BS6,0.0,2,0,True,True,41.02564102564102,100.0
REG103675,21-04-2019,2019,Delhi,Delhi South (DL-09),2W,Motorcycle,Hero,Petrol,BS4,200.0,2,5,False,False,17.647058823529413,11.76470588235294
REG103676,12-01-2020,2020,West Bengal,Durgapur (WB-40),2W,Scooter,Ather,EV,BS6,0.0,2,4,True,True,30.76923076923077,88.46153846153845
REG103677,29-08-2023,2023,Madhya Pradesh,Indore (MP-09),2W,Motorcycle,KTM,Petrol,BS6,200.0,2,1,False,True,36.36363636363637,96.36363636363636
REG103678,03-11-2024,2024,Uttar Pradesh,Varanasi (UP-65),2W,Motorcycle,Ather,CNG,BS6,125.0,2,0,True,True,27.77777777777778,100.0
REG103679,25-08-2019,2019,Delhi,Delhi North (DL-04),HCV,Bus,Eicher,Diesel,BS4,5660.0,32,5,False,False,17.647058823529413,11.76470588235294
REG103680,08-05-2023,2023,Punjab,Patiala (PB-11),3W,E-Rickshaw,Kinetic Green,CNG,BS6,225.0,3,1,True,True,33.33333333333333,100.0
REG103681,23-10-2024,2024,Telangana,Karimnagar (TS-01),2W,Moped,Ather,Hybrid,BS6,110.0,2,0,True,True,25.71428571428571,100.0
REG103682,21-01-2023,2023,Maharashtra,Nashik (MH-15),LCV,Pickup Van,Tata Motors,Diesel,BS6,2956.0,9,1,False,True,32.72727272727273,98.18181818181819
REG103683,20-09-2022,2022,West Bengal,Asansol (WB-39),2W,Moped,Royal Enfield,EV,BS6,0.0,2,2,True,True,35.714285714285715,98.21428571428571
REG103684,04-12-2022,2022,Maharashtra,Pune (MH-12),2W,Scooter,KTM,Petrol,BS6,160.0,2,2,False,True,41.86046511627907,97.67441860465115
REG103685,30-01-2022,2022,Kerala,Thiruvananthapuram (KL-01),LCV,Pickup Van,Eicher,Diesel,BS6,2523.0,9,2,False,True,32.608695652173914,100.0
REG103686,07-08-2020,2020,Karnataka,Mangalore (KA-19),4W,Sedan,Honda,Petrol,BS6,2179.0,5,4,False,True,37.5,83.33333333333334
REG103687,14-10-2024,2024,Kerala,Kollam (KL-02),3W,E-Rickshaw,TVS,CNG,BS6,250.0,3,0,True,True,36.17021276595745,100.0
REG103688,12-08-2023,2023,Punjab,Ludhiana (PB-10),2W,Motorcycle,Hero,EV,BS6,0.0,2,1,True,True,33.33333333333333,100.0
REG103689,05-07-2018,2018,Kerala,Kozhikode (KL-11),2W,Moped,Ola Electric,Hybrid,BS3,125.0,2,6,True,False,36.36363636363637,0.0
REG103690,11-04-2023,2023,Delhi,Delhi Central (DL-01),LCV,Light Bus,Eicher,CNG,BS6,2956.0,9,1,True,True,36.666666666666664,98.33333333333333
REG103691,06-05-2021,2021,Punjab,Ludhiana (PB-10),HCV,Trailer,BharatBenz,Diesel,BS6,3760.0,2,3,False,True,38.46153846153847,100.0
REG103692,26-08-2023,2023,Punjab,Patiala (PB-11),2W,Scooter,Royal Enfield,Petrol,BS6,150.0,2,1,False,True,33.33333333333333,100.0
REG103693,16-06-2020,2020,Tamil Nadu,Chennai Central (TN-01),2W,Moped,Ola Electric,Petrol,BS6,100.0,2,4,False,True,34.285714285714285,85.71428571428571
REG103694,21-12-2023,2023,Maharashtra,Nagpur (MH-31),2W,Motorcycle,Ather,Petrol,BS6,250.0,2,1,False,True,32.72727272727273,98.18181818181819
REG103695,17-01-2024,2024,Telangana,Warangal (TS-03),4W,Hatchback,Kia,Diesel,BS6,1462.0,5,0,False,True,25.71428571428571,100.0
REG103696,06-09-2021,2021,Rajasthan,Kota (RJ-20),4W,MUV,Mahindra,Diesel,BS4,2179.0,6,3,False,False,42.857142857142854,95.23809523809523
REG103697,17-06-2021,2021,Punjab,Patiala (PB-11),HCV,Bus,Volvo,CNG,BS6,4998.0,52,3,True,True,38.46153846153847,100.0
REG103698,06-04-2020,2020,Karnataka,Hubli (KA-25),LCV,Light Bus,Mahindra,Diesel,BS4,2956.0,12,4,False,False,37.5,83.33333333333334
REG103699,05-07-2020,2020,Gujarat,Surat (GJ-05),4W,Hatchback,Renault,Diesel,BS6,2179.0,5,4,False,True,33.33333333333333,81.81818181818183
REG103700,28-01-2022,2022,Telangana,Khammam (TS-07),4W,Hatchback,Toyota,Diesel,BS6,1498.0,5,2,False,True,37.5,97.91666666666666
