Registration_Number,Registration_Date,Registration_Year,State,RTO_Office,Vehicle_Category,Vehicle_Sub_Type,Manufacturer_Brand,Fuel_Type,Emission_Norm,Engine_CC,Seating_Capacity,Vehicle_Age_Years,CFAR_Category_Adoption_Rate_%,FMI_Fleet_Modernization_Index_%,Is_Transitional_BS4_2020
MP-04-FY-9017,2019-12-13,2019,Madhya Pradesh,Bhopal (MP-04),2W,Scooter,Bajaj,Petrol,BS4,101.4,2,5,40.43,85.11,0
KA-22-GY-9034,2020-01-14,2020,Karnataka,Belgaum (KA-22),2W,Motorcycle,Honda,Petrol,BS4,400.0,2,4,49.39,91.46,1
DL-09-HY-9051,2023-03-23,2023,Delhi,Delhi South (DL-09),2W,Scooter,Ola Electric,EV,Not Applicable,0.0,2,1,39.39,90.3,0
RJ-20-IY-9068,2021-06-26,2021,Rajasthan,Kota (RJ-20),2W,Scooter,Honda,Petrol,BS6,160.0,2,3,48.41,92.86,0
GJ-01-JY-9085,2022-11-14,2022,Gujarat,Ahmedabad (GJ-01),4W,Hatchback,Honda,Petrol,BS6,1598.0,5,2,35.37,95.12,0
KL-01-KY-9102,2024-07-13,2024,Kerala,Thiruvananthapuram (KL-01),2W,Motorcycle,Royal Enfield,Petrol,BS6,160.0,2,0,44.63,96.69,0
WB-40-LY-9119,2021-11-29,2021,West Bengal,Durgapur (WB-40),2W,Scooter,Bajaj,Petrol,BS6,110.0,2,3,39.16,92.31,0
PB-10-MY-9136,2021-12-20,2021,Punjab,Ludhiana (PB-10),4W,Sedan,Tata Motors,Diesel,BS6,1462.0,5,3,28.17,87.32,0
MP-07-NY-9153,2023-05-18,2023,Madhya Pradesh,Gwalior (MP-07),LCV,Mini Truck,Mahindra,Diesel,BS6,2523.0,2,1,37.5,83.33,0
PB-02-OY-9170,2022-03-14,2022,Punjab,Amritsar (PB-02),2W,Scooter,Suzuki,EV,Not Applicable,0.0,2,2,41.51,90.57,0
KL-02-PY-9187,2021-09-18,2021,Kerala,Kollam (KL-02),4W,SUV,Skoda,Diesel,BS6,2179.0,5,3,24.55,90.0,0
MH-01-QY-9204,2019-11-02,2019,Maharashtra,Mumbai Central (MH-01),2W,Motorcycle,Suzuki,EV,Not Applicable,0.0,2,5,50.93,95.37,0
TS-05-RY-9221,2024-05-16,2024,Telangana,Nizamabad (TS-05),OTH,Tractor,Mahindra,Diesel,BS6,5660.0,2,0,0.0,75.0,0
GJ-03-SY-9238,2023-02-24,2023,Gujarat,Rajkot (GJ-03),2W,Motorcycle,Royal Enfield,EV,Not Applicable,0.0,2,1,41.43,92.86,0
MP-13-TY-9255,2020-09-28,2020,Madhya Pradesh,Ujjain (MP-13),4W,Sedan,Toyota,Hybrid,BS6,800.0,5,4,28.28,85.86,0
WB-01-UY-9272,2018-02-10,2018,West Bengal,Kolkata (WB-01),2W,Motorcycle,Royal Enfield,Petrol,BS4,110.0,2,6,39.16,92.31,0
KL-08-VY-9289,2022-03-26,2022,Kerala,Thrissur (KL-08),4W,Sedan,Tata Motors,EV,Not Applicable,0.0,5,2,24.55,90.0,0
DL-09-WY-9306,2024-07-10,2024,Delhi,Delhi South (DL-09),4W,SUV,Kia,Diesel,BS6,2179.0,5,0,22.58,88.17,0
KA-09-XY-9323,2022-04-23,2022,Karnataka,Mysore (KA-09),2W,Scooter,Hero,EV,Not Applicable,0.0,2,2,49.39,91.46,0
KA-01-YY-9340,2022-12-09,2022,Karnataka,Bangalore Central (KA-01),2W,Motorcycle,Yamaha,Petrol,BS6,350.0,2,2,49.39,91.46,0
DL-09-ZY-9357,2022-07-27,2022,Delhi,Delhi South (DL-09),2W,Scooter,Ola Electric,EV,Not Applicable,0.0,2,2,39.39,90.3,0
KA-01-AZ-9374,2022-01-28,2022,Karnataka,Bangalore Central (KA-01),4W,SUV,Honda,Diesel,BS6,1000.0,5,2,25.89,89.29,0
UP-80-BZ-9391,2020-03-12,2020,Uttar Pradesh,Agra (UP-80),4W,SUV,Mahindra,Petrol,BS4,1968.0,5,4,19.75,88.89,1
GJ-03-CZ-9408,2019-10-04,2019,Gujarat,Rajkot (GJ-03),2W,Motorcycle,KTM,EV,Not Applicable,0.0,2,5,41.43,92.86,0
KA-09-DZ-9425,2024-03-25,2024,Karnataka,Mysore (KA-09),2W,Motorcycle,KTM,Petrol,BS6,250.0,2,0,49.39,91.46,0
MH-15-EZ-9442,2023-10-12,2023,Maharashtra,Nashik (MH-15),2W,Motorcycle,Royal Enfield,Petrol,BS6,121.0,2,1,50.93,95.37,0
TN-37-FZ-9459,2022-06-10,2022,Tamil Nadu,Coimbatore (TN-37),2W,Motorcycle,Ola Electric,EV,Not Applicable,0.0,2,2,44.68,95.74,0
MH-20-GZ-9476,2024-04-05,2024,Maharashtra,Aurangabad (MH-20),3W,Tempo,Piaggio,CNG,BS6,200.0,4,0,87.5,87.5,0
KA-09-HZ-9493,2022-02-11,2022,Karnataka,Mysore (KA-09),2W,Moped,Bajaj,EV,Not Applicable,0.0,2,2,49.39,91.46,0
MP-13-IZ-9510,2023-05-03,2023,Madhya Pradesh,Ujjain (MP-13),4W,SUV,Kia,Petrol,BS6,1498.0,7,1,28.28,85.86,0
TN-58-JZ-9527,2023-02-21,2023,Tamil Nadu,Madurai (TN-58),3W,Auto Rickshaw,Bajaj,Diesel,BS6,200.0,4,1,82.14,96.43,0
DL-09-KZ-9544,2021-08-13,2021,Delhi,Delhi South (DL-09),2W,Scooter,Honda,Petrol,BS6,115.3,2,3,39.39,90.3,0
KL-11-LZ-9561,2024-03-09,2024,Kerala,Kozhikode (KL-11),4W,Hatchback,Renault,Petrol,BS6,1498.0,5,0,24.55,90.0,0
KA-22-MZ-9578,2023-12-18,2023,Karnataka,Belgaum (KA-22),2W,Scooter,Ola Electric,EV,Not Applicable,0.0,2,1,49.39,91.46,0
TS-01-NZ-9595,2022-01-24,2022,Telangana,Karimnagar (TS-01),2W,Motorcycle,Honda,EV,Not Applicable,0.0,2,2,40.8,92.8,0
RJ-19-OZ-9612,2022-08-08,2022,Rajasthan,Jodhpur (RJ-19),4W,SUV,Tata Motors,Hybrid,BS6,1480.0,5,2,26.0,89.0,0
KA-01-PZ-9629,2023-10-10,2023,Karnataka,Bangalore Central (KA-01),HCV,Bus,Eicher,Diesel,BS6,4998.0,45,1,0.0,96.15,0
TN-01-QZ-9646,2023-02-22,2023,Tamil Nadu,Chennai Central (TN-01),2W,Motorcycle,Yamaha,Petrol,BS6,200.0,2,1,44.68,95.74,0
TS-01-RZ-9663,2024-07-30,2024,Telangana,Karimnagar (TS-01),OTH,Tractor,TAFE,Diesel,BS6,3760.0,2,0,0.0,75.0,0
KL-11-SZ-9680,2020-02-25,2020,Kerala,Kozhikode (KL-11),4W,MUV,Mahindra,Petrol,BS4,1968.0,5,4,24.55,90.0,1
WB-13-TZ-9697,2023-04-25,2023,West Bengal,Howrah (WB-13),2W,Scooter,Yamaha,Petrol,BS6,100.0,2,1,39.16,92.31,0
MP-09-UZ-9714,2021-09-18,2021,Madhya Pradesh,Indore (MP-09),2W,Scooter,Honda,Petrol,BS6,250.0,2,3,40.43,85.11,0
MP-13-VZ-9731,2020-01-20,2020,Madhya Pradesh,Ujjain (MP-13),2W,Motorcycle,Honda,Petrol,BS4,110.0,2,4,40.43,85.11,1
PB-08-WZ-9748,2024-07-16,2024,Punjab,Jalandhar (PB-08),2W,Scooter,Suzuki,EV,Not Applicable,0.0,2,0,41.51,90.57,0
DL-08-XZ-9765,2024-12-17,2024,Delhi,Delhi West (DL-08),2W,Scooter,Hero,EV,Not Applicable,0.0,2,0,39.39,90.3,0
RJ-27-YZ-9782,2021-06-03,2021,Rajasthan,Udaipur (RJ-27),2W,Moped,Yamaha,EV,Not Applicable,0.0,2,3,48.41,92.86,0
GJ-03-ZZ-9799,2019-12-07,2019,Gujarat,Rajkot (GJ-03),2W,Motorcycle,Royal Enfield,EV,Not Applicable,0.0,2,5,41.43,92.86,0
MP-09-AA-9816,2023-05-27,2023,Madhya Pradesh,Indore (MP-09),4W,SUV,Honda,CNG,BS6,1462.0,7,1,28.28,85.86,0
PB-11-BA-9833,2023-08-31,2023,Punjab,Patiala (PB-11),4W,MUV,MG,Diesel,BS6,1197.0,5,1,28.17,87.32,0
GJ-18-CA-9850,2020-04-25,2020,Gujarat,Gandhinagar (GJ-18),4W,SUV,Hyundai,Hybrid,BS6,1462.0,7,4,35.37,95.12,0
MH-01-DA-9867,2022-11-19,2022,Maharashtra,Mumbai Central (MH-01),2W,Scooter,Ola Electric,EV,Not Applicable,0.0,2,2,50.93,95.37,0
DL-04-EA-9884,2023-02-24,2023,Delhi,Delhi North (DL-04),3W,Auto Rickshaw,Piaggio,EV,Not Applicable,0.0,4,1,89.47,94.74,0
TN-45-FA-9901,2022-12-08,2022,Tamil Nadu,Trichy (TN-45),3W,Tempo,Piaggio,CNG,BS6,250.0,4,2,82.14,96.43,0
PB-11-GA-9918,2023-08-19,2023,Punjab,Patiala (PB-11),2W,Motorcycle,KTM,Petrol,BS6,101.7,2,1,41.51,90.57,0
DL-08-HA-9935,2022-05-27,2022,Delhi,Delhi West (DL-08),4W,MUV,Mahindra,Petrol,BS6,1462.0,7,2,22.58,88.17,0
RJ-20-IA-9952,2020-03-19,2020,Rajasthan,Kota (RJ-20),LCV,Mini Truck,Mahindra,Diesel,BS4,2956.0,2,4,40.91,72.73,1
UP-65-JA-9969,2020-07-18,2020,Uttar Pradesh,Varanasi (UP-65),2W,Scooter,Suzuki,Petrol,BS6,160.0,2,4,47.06,91.91,0
KL-01-KA-9986,2018-06-02,2018,Kerala,Thiruvananthapuram (KL-01),LCV,Light Bus,Force Motors,Diesel,BS4,2956.0,12,6,32.35,94.12,0
TS-07-LA-1003,2021-01-15,2021,Telangana,Khammam (TS-07),4W,SUV,MG,Petrol,BS6,1968.0,5,3,25.47,92.45,0
MP-20-MA-1020,2022-10-31,2022,Madhya Pradesh,Jabalpur (MP-20),4W,MUV,Tata Motors,CNG,BS6,800.0,5,2,28.28,85.86,0
MP-20-NA-1037,2021-04-19,2021,Madhya Pradesh,Jabalpur (MP-20),2W,Scooter,TVS,Petrol,BS6,119.0,2,3,40.43,85.11,0
RJ-20-OA-1054,2024-05-09,2024,Rajasthan,Kota (RJ-20),4W,MUV,Kia,Hybrid,BS6,1000.0,7,0,26.0,89.0,0
MH-20-PA-1071,2019-01-21,2019,Maharashtra,Aurangabad (MH-20),2W,Scooter,Bajaj,EV,Not Applicable,0.0,2,5,50.93,95.37,0
DL-02-QA-1088,2019-02-28,2019,Delhi,Delhi East (DL-02),LCV,Light Bus,Mahindra,Diesel,BS4,2956.0,12,5,30.77,92.31,0
KL-11-RA-1105,2024-02-28,2024,Kerala,Kozhikode (KL-11),4W,Sedan,Skoda,CNG,BS6,1197.0,5,0,24.55,90.0,0
KA-22-SA-1122,2024-07-22,2024,Karnataka,Belgaum (KA-22),2W,Scooter,Ola Electric,EV,Not Applicable,0.0,2,0,49.39,91.46,0
KA-22-TA-1139,2023-11-04,2023,Karnataka,Belgaum (KA-22),4W,Sedan,Hyundai,EV,Not Applicable,0.0,5,1,25.89,89.29,0
RJ-01-UA-1156,2023-08-04,2023,Rajasthan,Ajmer (RJ-01),2W,Scooter,Honda,EV,Not Applicable,0.0,2,1,48.41,92.86,0
KA-19-VA-1173,2022-09-26,2022,Karnataka,Mangalore (KA-19),HCV,Tanker,MAN,Diesel,BS6,5660.0,2,2,0.0,96.15,0
TS-01-WA-1190,2021-02-15,2021,Telangana,Karimnagar (TS-01),3W,Tempo,Atul Auto,CNG,BS6,250.0,4,3,81.25,100.0,0
DL-04-XA-1207,2022-04-04,2022,Delhi,Delhi North (DL-04),4W,MUV,Toyota,Petrol,BS6,2179.0,7,2,22.58,88.17,0
RJ-20-YA-1224,2018-02-13,2018,Rajasthan,Kota (RJ-20),2W,Motorcycle,Royal Enfield,EV,Not Applicable,0.0,2,6,48.41,92.86,0
KL-08-ZA-1241,2023-08-18,2023,Kerala,Thrissur (KL-08),3W,Auto Rickshaw,Kinetic Green,EV,Not Applicable,0.0,4,1,84.38,93.75,0
GJ-05-AB-1258,2022-10-11,2022,Gujarat,Surat (GJ-05),2W,Motorcycle,Royal Enfield,EV,Not Applicable,0.0,2,2,41.43,92.86,0
RJ-27-BB-1275,2023-06-06,2023,Rajasthan,Udaipur (RJ-27),OTH,Tractor,John Deere,Diesel,BS6,5660.0,2,1,0.0,100.0,0
KA-09-CB-1292,2023-04-21,2023,Karnataka,Mysore (KA-09),2W,Scooter,Ather,EV,Not Applicable,0.0,2,1,49.39,91.46,0
GJ-18-DB-1309,2024-05-31,2024,Gujarat,Gandhinagar (GJ-18),OTH,Road Roller,Escorts,Diesel,BS6,4998.0,2,0,0.0,100.0,0
TN-58-EB-1326,2018-10-11,2018,Tamil Nadu,Madurai (TN-58),2W,Scooter,TVS,Petrol,BS4,110.9,2,6,44.68,95.74,0
KL-07-FB-1343,2022-09-03,2022,Kerala,Kochi (KL-07),4W,SUV,Hyundai,Petrol,BS6,2179.0,7,2,24.55,90.0,0
TN-01-GB-1360,2021-10-23,2021,Tamil Nadu,Chennai Central (TN-01),2W,Scooter,Honda,Petrol,BS6,100.0,2,3,44.68,95.74,0
TN-37-HB-1377,2019-08-02,2019,Tamil Nadu,Coimbatore (TN-37),4W,SUV,Hyundai,Petrol,BS4,1462.0,7,5,26.26,91.92,0
WB-73-IB-1394,2022-11-09,2022,West Bengal,Siliguri (WB-73),2W,Scooter,Suzuki,Petrol,BS6,111.9,2,2,39.16,92.31,0
DL-02-JB-1411,2020-03-21,2020,Delhi,Delhi East (DL-02),2W,Motorcycle,TVS,Petrol,BS4,100.0,2,4,39.39,90.3,1
UP-65-KB-1428,2020-05-25,2020,Uttar Pradesh,Varanasi (UP-65),4W,MUV,Kia,Petrol,BS6,2179.0,5,4,19.75,88.89,0
MP-09-LB-1445,2022-03-18,2022,Madhya Pradesh,Indore (MP-09),HCV,Bus,BharatBenz,Diesel,BS6,5660.0,32,2,4.76,85.71,0
KA-01-MB-1462,2023-08-14,2023,Karnataka,Bangalore Central (KA-01),2W,Scooter,Ola Electric,EV,Not Applicable,0.0,2,1,49.39,91.46,0
WB-40-NB-1479,2022-11-03,2022,West Bengal,Durgapur (WB-40),4W,SUV,Renault,Diesel,BS6,800.0,7,2,23.66,84.95,0
KL-11-OB-1496,2024-10-28,2024,Kerala,Kozhikode (KL-11),4W,Hatchback,Hyundai,Petrol,BS6,800.0,5,0,24.55,90.0,0
CH-01-PB-1513,2023-04-03,2023,Chandigarh,Chandigarh (CH-01),4W,SUV,MG,Diesel,BS6,1968.0,5,1,12.5,83.33,0
KA-19-QB-1530,2019-06-18,2019,Karnataka,Mangalore (KA-19),2W,Scooter,Yamaha,Petrol,BS4,250.0,2,5,49.39,91.46,0
KL-08-RB-1547,2022-05-10,2022,Kerala,Thrissur (KL-08),2W,Scooter,Ather,EV,Not Applicable,0.0,2,2,44.63,96.69,0
KA-19-SB-1564,2021-09-23,2021,Karnataka,Mangalore (KA-19),LCV,Mini Truck,Eicher,Diesel,BS6,3298.0,2,3,26.92,88.46,0
WB-73-TB-1581,2019-08-13,2019,West Bengal,Siliguri (WB-73),4W,SUV,Kia,CNG,BS4,2179.0,5,5,23.66,84.95,0
MH-20-UB-1598,2020-02-17,2020,Maharashtra,Aurangabad (MH-20),4W,SUV,Kia,CNG,BS4,1462.0,5,4,28.89,91.11,1
WB-01-VB-1615,2021-05-20,2021,West Bengal,Kolkata (WB-01),4W,SUV,MG,EV,Not Applicable,0.0,5,3,23.66,84.95,0
WB-13-WB-1632,2024-03-11,2024,West Bengal,Howrah (WB-13),3W,Auto Rickshaw,Mahindra,CNG,BS6,200.0,4,0,85.0,100.0,0
UP-80-XB-1649,2023-10-24,2023,Uttar Pradesh,Agra (UP-80),HCV,Trailer,Tata Motors,Diesel,BS6,6700.0,2,1,0.0,85.71,0
WB-39-YB-1666,2022-06-14,2022,West Bengal,Asansol (WB-39),3W,E-Rickshaw,Atul Auto,EV,Not Applicable,0.0,4,2,85.0,100.0,0
DL-09-ZB-1683,2023-07-15,2023,Delhi,Delhi South (DL-09),2W,Scooter,Hero,Petrol,BS6,250.0,2,1,39.39,90.3,0
MP-09-AC-1700,2024-02-21,2024,Madhya Pradesh,Indore (MP-09),3W,Auto Rickshaw,Piaggio,Diesel,BS6,225.0,4,0,79.31,89.66,0
TS-01-BC-1717,2024-08-28,2024,Telangana,Karimnagar (TS-01),2W,Motorcycle,Suzuki,EV,Not Applicable,0.0,2,0,40.8,92.8,0
RJ-01-CC-1734,2024-06-11,2024,Rajasthan,Ajmer (RJ-01),4W,Hatchback,Toyota,EV,Not Applicable,0.0,5,0,26.0,89.0,0
CH-01-DC-1751,2023-02-20,2023,Chandigarh,Chandigarh (CH-01),2W,Motorcycle,Royal Enfield,Petrol,BS6,93.2,2,1,40.62,90.62,0
WB-13-EC-1768,2023-07-03,2023,West Bengal,Howrah (WB-13),4W,Hatchback,Maruti Suzuki,Diesel,BS6,1598.0,5,1,23.66,84.95,0
TN-37-FC-1785,2019-11-14,2019,Tamil Nadu,Coimbatore (TN-37),4W,Sedan,Tata Motors,Petrol,BS4,1462.0,5,5,26.26,91.92,0
PB-10-GC-1802,2020-08-26,2020,Punjab,Ludhiana (PB-10),2W,Motorcycle,Royal Enfield,EV,Not Applicable,0.0,2,4,41.51,90.57,0
MP-13-HC-1819,2021-12-20,2021,Madhya Pradesh,Ujjain (MP-13),2W,Scooter,Yamaha,EV,Not Applicable,0.0,2,3,40.43,85.11,0
WB-40-IC-1836,2020-07-02,2020,West Bengal,Durgapur (WB-40),2W,Motorcycle,KTM,Petrol,BS6,160.0,2,4,39.16,92.31,0
GJ-06-JC-1853,2018-01-26,2018,Gujarat,Vadodara (GJ-06),2W,Scooter,Suzuki,Petrol,BS4,106.6,2,6,41.43,92.86,0
KL-08-KC-1870,2023-11-22,2023,Kerala,Thrissur (KL-08),LCV,Pickup Van,Mahindra,CNG,BS6,2956.0,2,1,32.35,94.12,0
GJ-05-LC-1887,2020-03-09,2020,Gujarat,Surat (GJ-05),4W,SUV,Kia,Diesel,BS4,1000.0,5,4,35.37,95.12,1
RJ-27-MC-1904,2022-03-26,2022,Rajasthan,Udaipur (RJ-27),2W,Scooter,Ather,EV,Not Applicable,0.0,2,2,48.41,92.86,0
WB-40-NC-1921,2024-04-25,2024,West Bengal,Durgapur (WB-40),4W,SUV,Hyundai,Diesel,BS6,1968.0,7,0,23.66,84.95,0
KA-19-OC-1938,2021-12-11,2021,Karnataka,Mangalore (KA-19),2W,Scooter,Honda,EV,Not Applicable,0.0,2,3,49.39,91.46,0
PB-08-PC-1955,2020-11-13,2020,Punjab,Jalandhar (PB-08),4W,SUV,Hyundai,EV,Not Applicable,0.0,7,4,28.17,87.32,0
PB-10-QC-1972,2021-01-25,2021,Punjab,Ludhiana (PB-10),4W,MUV,Kia,EV,Not Applicable,0.0,7,3,28.17,87.32,0
WB-01-RC-1989,2022-12-23,2022,West Bengal,Kolkata (WB-01),2W,Scooter,TVS,Petrol,BS6,105.2,2,2,39.16,92.31,0
UP-70-SC-2006,2019-11-12,2019,Uttar Pradesh,Allahabad (UP-70),4W,Sedan,Honda,Petrol,BS4,1499.4,5,5,19.75,88.89,0
MH-31-TC-2023,2019-07-08,2019,Maharashtra,Nagpur (MH-31),2W,Scooter,Bajaj,Petrol,BS4,114.1,2,5,50.93,95.37,0
MP-07-UC-2040,2024-02-16,2024,Madhya Pradesh,Gwalior (MP-07),2W,Scooter,Bajaj,Petrol,BS6,150.0,2,0,40.43,85.11,0
MP-13-VC-2057,2024-04-15,2024,Madhya Pradesh,Ujjain (MP-13),OTH,Tractor,John Deere,Diesel,BS6,3760.0,2,0,0.0,75.0,0
DL-09-WC-2074,2020-01-02,2020,Delhi,Delhi South (DL-09),2W,Motorcycle,Yamaha,Petrol,BS4,160.0,2,4,39.39,90.3,1
TN-37-XC-2091,2024-01-08,2024,Tamil Nadu,Coimbatore (TN-37),4W,Sedan,Hyundai,EV,Not Applicable,0.0,5,0,26.26,91.92,0
PB-02-YC-2108,2023-02-28,2023,Punjab,Amritsar (PB-02),2W,Scooter,Hero,Petrol,BS6,110.0,2,1,41.51,90.57,0
WB-73-ZC-2125,2020-01-23,2020,West Bengal,Siliguri (WB-73),4W,SUV,MG,Diesel,BS4,1498.0,5,4,23.66,84.95,1
WB-01-AD-2142,2024-01-01,2024,West Bengal,Kolkata (WB-01),2W,Scooter,Suzuki,Petrol,BS6,110.9,2,0,39.16,92.31,0
KA-01-BD-2159,2021-10-27,2021,Karnataka,Bangalore Central (KA-01),2W,Motorcycle,Honda,Petrol,BS6,400.0,2,3,49.39,91.46,0
KL-11-CD-2176,2022-08-09,2022,Kerala,Kozhikode (KL-11),2W,Scooter,Ather,EV,Not Applicable,0.0,2,2,44.63,96.69,0
KL-01-DD-2193,2024-08-19,2024,Kerala,Thiruvananthapuram (KL-01),LCV,Light Bus,Eicher,EV,Not Applicable,0.0,12,0,32.35,94.12,0
RJ-27-ED-2210,2022-05-11,2022,Rajasthan,Udaipur (RJ-27),2W,Scooter,Honda,Petrol,BS6,86.1,2,2,48.41,92.86,0
TN-30-FD-2227,2019-07-10,2019,Tamil Nadu,Salem (TN-30),2W,Motorcycle,Honda,EV,Not Applicable,0.0,2,5,44.68,95.74,0
TS-09-GD-2244,2021-08-05,2021,Telangana,Hyderabad (TS-09),4W,SUV,Hyundai,Diesel,BS6,800.0,7,3,25.47,92.45,0
PB-02-HD-2261,2020-04-24,2020,Punjab,Amritsar (PB-02),2W,Scooter,Ather,EV,Not Applicable,0.0,2,4,41.51,90.57,0
RJ-01-ID-2278,2023-11-15,2023,Rajasthan,Ajmer (RJ-01),2W,Scooter,Ola Electric,EV,Not Applicable,0.0,2,1,48.41,92.86,0
MP-13-JD-2295,2020-06-08,2020,Madhya Pradesh,Ujjain (MP-13),2W,Motorcycle,Royal Enfield,Petrol,BS6,112.7,2,4,40.43,85.11,0
RJ-14-KD-2312,2021-11-22,2021,Rajasthan,Jaipur (RJ-14),2W,Motorcycle,Ola Electric,EV,Not Applicable,0.0,2,3,48.41,92.86,0
KA-22-LD-2329,2020-06-15,2020,Karnataka,Belgaum (KA-22),2W,Motorcycle,KTM,Petrol,BS6,160.0,2,4,49.39,91.46,0
CH-01-MD-2346,2022-02-11,2022,Chandigarh,Chandigarh (CH-01),LCV,Mini Truck,Mahindra,EV,Not Applicable,0.0,2,2,60.0,100.0,0
MP-20-ND-2363,2020-02-28,2020,Madhya Pradesh,Jabalpur (MP-20),3W,E-Rickshaw,Mahindra,EV,Not Applicable,0.0,4,4,79.31,89.66,0
KA-25-OD-2380,2021-07-22,2021,Karnataka,Hubli (KA-25),4W,MUV,Renault,EV,Not Applicable,0.0,5,3,25.89,89.29,0
DL-08-PD-2397,2021-09-13,2021,Delhi,Delhi West (DL-08),HCV,Bus,Volvo,Diesel,BS6,6700.0,32,3,0.0,68.75,0
TN-30-QD-2414,2023-02-06,2023,Tamil Nadu,Salem (TN-30),4W,Sedan,Renault,CNG,BS6,1968.0,5,1,26.26,91.92,0
UP-32-RD-2431,2022-12-30,2022,Uttar Pradesh,Lucknow (UP-32),3W,Auto Rickshaw,TVS,EV,Not Applicable,0.0,4,2,85.71,85.71,0
KA-19-SD-2448,2022-07-05,2022,Karnataka,Mangalore (KA-19),2W,Scooter,TVS,EV,Not Applicable,0.0,2,2,49.39,91.46,0
UP-32-TD-2465,2019-06-24,2019,Uttar Pradesh,Lucknow (UP-32),2W,Moped,Suzuki,EV,Not Applicable,0.0,2,5,47.06,91.91,0
RJ-19-UD-2482,2022-06-28,2022,Rajasthan,Jodhpur (RJ-19),2W,Scooter,Honda,EV,Not Applicable,0.0,2,2,48.41,92.86,0
KL-07-VD-2499,2020-12-01,2020,Kerala,Kochi (KL-07),2W,Motorcycle,Royal Enfield,Petrol,BS6,110.0,2,4,44.63,96.69,0
TN-30-WD-2516,2023-11-27,2023,Tamil Nadu,Salem (TN-30),3W,Tempo,Atul Auto,Diesel,BS6,250.0,4,1,82.14,96.43,0
RJ-19-XD-2533,2021-10-30,2021,Rajasthan,Jodhpur (RJ-19),2W,Motorcycle,KTM,EV,Not Applicable,0.0,2,3,48.41,92.86,0
RJ-01-YD-2550,2018-02-09,2018,Rajasthan,Ajmer (RJ-01),2W,Motorcycle,KTM,Petrol,BS4,110.0,2,6,48.41,92.86,0
PB-11-ZD-2567,2024-01-22,2024,Punjab,Patiala (PB-11),3W,E-Rickshaw,Atul Auto,EV,Not Applicable,0.0,4,0,76.0,92.0,0
MP-09-AE-2584,2024-02-22,2024,Madhya Pradesh,Indore (MP-09),2W,Scooter,Ather,EV,Not Applicable,0.0,2,0,40.43,85.11,0
KL-01-BE-2601,2023-09-26,2023,Kerala,Thiruvananthapuram (KL-01),3W,Auto Rickshaw,Bajaj,CNG,BS6,225.0,4,1,84.38,93.75,0
RJ-20-CE-2618,2023-06-21,2023,Rajasthan,Kota (RJ-20),2W,Scooter,Ola Electric,EV,Not Applicable,0.0,2,1,48.41,92.86,0
RJ-14-DE-2635,2023-11-06,2023,Rajasthan,Jaipur (RJ-14),4W,MUV,Kia,Petrol,BS6,1197.0,7,1,26.0,89.0,0
KA-22-EE-2652,2023-03-08,2023,Karnataka,Belgaum (KA-22),4W,SUV,Kia,EV,Not Applicable,0.0,7,1,25.89,89.29,0
TS-01-FE-2669,2023-12-18,2023,Telangana,Karimnagar (TS-01),4W,SUV,Tata Motors,EV,Not Applicable,0.0,5,1,25.47,92.45,0
MP-20-GE-2686,2020-06-23,2020,Madhya Pradesh,Jabalpur (MP-20),3W,Auto Rickshaw,TVS,CNG,BS6,225.0,4,4,79.31,89.66,0
DL-02-HE-2703,2023-09-27,2023,Delhi,Delhi East (DL-02),2W,Scooter,Honda,EV,Not Applicable,0.0,2,1,39.39,90.3,0
MP-07-IE-2720,2021-04-03,2021,Madhya Pradesh,Gwalior (MP-07),LCV,Light Bus,Mahindra,CNG,BS6,2956.0,15,3,37.5,83.33,0
WB-01-JE-2737,2022-08-18,2022,West Bengal,Kolkata (WB-01),2W,Moped,Bajaj,EV,Not Applicable,0.0,2,2,39.16,92.31,0
TS-03-KE-2754,2023-08-14,2023,Telangana,Warangal (TS-03),2W,Scooter,Bajaj,Petrol,BS6,106.9,2,1,40.8,92.8,0
GJ-03-LE-2771,2023-05-09,2023,Gujarat,Rajkot (GJ-03),3W,E-Rickshaw,Piaggio,EV,Not Applicable,0.0,4,1,89.47,100.0,0
WB-40-ME-2788,2021-03-24,2021,West Bengal,Durgapur (WB-40),4W,Hatchback,Renault,Petrol,BS6,1498.0,5,3,23.66,84.95,0
TS-03-NE-2805,2024-07-31,2024,Telangana,Warangal (TS-03),LCV,Mini Truck,Mahindra,Diesel,BS6,2523.0,2,0,0.0,84.62,0
TS-05-OE-2822,2018-11-29,2018,Telangana,Nizamabad (TS-05),2W,Motorcycle,Yamaha,Petrol,BS4,200.0,2,6,40.8,92.8,0
TN-37-PE-2839,2023-11-13,2023,Tamil Nadu,Coimbatore (TN-37),2W,Scooter,TVS,Petrol,BS6,100.0,2,1,44.68,95.74,0
KA-01-QE-2856,2022-02-26,2022,Karnataka,Bangalore Central (KA-01),2W,Scooter,Ather,EV,Not Applicable,0.0,2,2,49.39,91.46,0
DL-08-RE-2873,2023-02-02,2023,Delhi,Delhi West (DL-08),2W,Motorcycle,Suzuki,EV,Not Applicable,0.0,2,1,39.39,90.3,0
WB-39-SE-2890,2022-06-30,2022,West Bengal,Asansol (WB-39),4W,Sedan,Tata Motors,Petrol,BS6,1462.0,5,2,23.66,84.95,0
TN-01-TE-2907,2022-10-11,2022,Tamil Nadu,Chennai Central (TN-01),3W,E-Rickshaw,Bajaj,EV,Not Applicable,0.0,4,2,82.14,96.43,0
WB-01-UE-2924,2020-06-26,2020,West Bengal,Kolkata (WB-01),4W,SUV,Kia,Hybrid,BS6,1462.0,5,4,23.66,84.95,0
PB-02-VE-2941,2023-12-18,2023,Punjab,Amritsar (PB-02),2W,Scooter,Ather,EV,Not Applicable,0.0,2,1,41.51,90.57,0
KL-08-WE-2958,2023-01-19,2023,Kerala,Thrissur (KL-08),4W,Sedan,Hyundai,EV,Not Applicable,0.0,5,1,24.55,90.0,0
MH-12-XE-2975,2021-08-31,2021,Maharashtra,Pune (MH-12),LCV,Pickup Van,Ashok Leyland,Diesel,BS6,3298.0,2,3,22.58,90.32,0
MP-09-YE-2992,2019-08-12,2019,Madhya Pradesh,Indore (MP-09),2W,Motorcycle,Yamaha,Petrol,BS4,250.0,2,5,40.43,85.11,0
KL-08-ZE-3009,2022-07-08,2022,Kerala,Thrissur (KL-08),LCV,Pickup Van,Ashok Leyland,Diesel,BS6,3298.0,2,2,32.35,94.12,0
KL-08-AF-3026,2021-02-10,2021,Kerala,Thrissur (KL-08),2W,Moped,TVS,EV,Not Applicable,0.0,2,3,44.63,96.69,0
MP-07-BF-3043,2023-08-17,2023,Madhya Pradesh,Gwalior (MP-07),2W,Moped,Suzuki,Petrol,BS6,100.0,2,1,40.43,85.11,0
KL-11-CF-3060,2024-02-08,2024,Kerala,Kozhikode (KL-11),4W,MUV,Kia,EV,Not Applicable,0.0,7,0,24.55,90.0,0
TS-03-DF-3077,2023-03-06,2023,Telangana,Warangal (TS-03),HCV,Bus,Eicher,Diesel,BS6,3760.0,32,1,7.14,92.86,0
MP-07-EF-3094,2020-07-08,2020,Madhya Pradesh,Gwalior (MP-07),2W,Moped,Hero,EV,Not Applicable,0.0,2,4,40.43,85.11,0
WB-01-FF-3111,2023-02-28,2023,West Bengal,Kolkata (WB-01),4W,SUV,Honda,Diesel,BS6,800.0,7,1,23.66,84.95,0
WB-39-GF-3128,2023-08-17,2023,West Bengal,Asansol (WB-39),2W,Scooter,Honda,Petrol,BS6,95.3,2,1,39.16,92.31,0
PB-02-HF-3145,2019-08-20,2019,Punjab,Amritsar (PB-02),4W,MUV,Mahindra,Petrol,BS4,1197.0,7,5,28.17,87.32,0
KA-25-IF-3162,2021-03-22,2021,Karnataka,Hubli (KA-25),4W,Hatchback,Renault,Diesel,BS6,1197.0,5,3,25.89,89.29,0
TS-03-JF-3179,2023-07-04,2023,Telangana,Warangal (TS-03),2W,Motorcycle,TVS,Petrol,BS6,400.0,2,1,40.8,92.8,0
PB-02-KF-3196,2024-06-07,2024,Punjab,Amritsar (PB-02),3W,Tempo,Piaggio,EV,Not Applicable,0.0,4,0,76.0,92.0,0
KL-08-LF-3213,2019-11-25,2019,Kerala,Thrissur (KL-08),3W,E-Rickshaw,Atul Auto,EV,Not Applicable,0.0,4,5,84.38,93.75,0
WB-39-MF-3230,2023-08-10,2023,West Bengal,Asansol (WB-39),2W,Scooter,Ola Electric,EV,Not Applicable,0.0,2,1,39.16,92.31,0
MH-01-NF-3247,2021-04-26,2021,Maharashtra,Mumbai Central (MH-01),3W,E-Rickshaw,Piaggio,EV,Not Applicable,0.0,4,3,87.5,87.5,0
GJ-01-OF-3264,2019-11-11,2019,Gujarat,Ahmedabad (GJ-01),2W,Scooter,Ather,EV,Not Applicable,0.0,2,5,41.43,92.86,0
KA-22-PF-3281,2023-06-22,2023,Karnataka,Belgaum (KA-22),4W,Sedan,Tata Motors,EV,Not Applicable,0.0,5,1,25.89,89.29,0
KA-01-QF-3298,2023-11-13,2023,Karnataka,Bangalore Central (KA-01),HCV,Trailer,MAN,Diesel,BS6,3760.0,2,1,0.0,96.15,0
MP-13-RF-3315,2023-07-27,2023,Madhya Pradesh,Ujjain (MP-13),2W,Motorcycle,KTM,Petrol,BS6,160.0,2,1,40.43,85.11,0
WB-01-SF-3332,2022-06-24,2022,West Bengal,Kolkata (WB-01),4W,SUV,MG,Diesel,BS6,1197.0,5,2,23.66,84.95,0
KL-11-TF-3349,2023-10-16,2023,Kerala,Kozhikode (KL-11),4W,SUV,Honda,Petrol,BS6,1000.0,7,1,24.55,90.0,0
DL-04-UF-3366,2019-07-16,2019,Delhi,Delhi North (DL-04),2W,Scooter,Bajaj,Petrol,BS4,160.0,2,5,39.39,90.3,0
UP-78-VF-3383,2023-03-23,2023,Uttar Pradesh,Kanpur (UP-78),HCV,Bus,Volvo,Diesel,BS6,6700.0,52,1,0.0,85.71,0
WB-73-WF-3400,2024-08-22,2024,West Bengal,Siliguri (WB-73),LCV,Pickup Van,Tata Motors,Diesel,BS6,2956.0,2,0,39.13,86.96,0
PB-02-XF-3417,2024-12-10,2024,Punjab,Amritsar (PB-02),2W,Motorcycle,KTM,EV,Not Applicable,0.0,2,0,41.51,90.57,0
GJ-18-YF-3434,2024-07-06,2024,Gujarat,Gandhinagar (GJ-18),2W,Motorcycle,Suzuki,Petrol,BS6,250.0,2,0,41.43,92.86,0
RJ-14-ZF-3451,2021-02-08,2021,Rajasthan,Jaipur (RJ-14),2W,Scooter,Ather,EV,Not Applicable,0.0,2,3,48.41,92.86,0
TS-01-AG-3468,2022-02-19,2022,Telangana,Karimnagar (TS-01),4W,SUV,Skoda,EV,Not Applicable,0.0,7,2,25.47,92.45,0
RJ-01-BG-3485,2022-01-21,2022,Rajasthan,Ajmer (RJ-01),HCV,Bus,Ashok Leyland,Diesel,BS6,3760.0,32,2,6.67,86.67,0
TN-58-CG-3502,2024-06-17,2024,Tamil Nadu,Madurai (TN-58),4W,MUV,Tata Motors,CNG,BS6,1598.0,7,0,26.26,91.92,0
UP-70-DG-3519,2022-09-30,2022,Uttar Pradesh,Allahabad (UP-70),4W,SUV,Skoda,Diesel,BS6,2179.0,7,2,19.75,88.89,0
WB-01-EG-3536,2022-12-19,2022,West Bengal,Kolkata (WB-01),2W,Scooter,Honda,Petrol,BS6,100.0,2,2,39.16,92.31,0
PB-08-FG-3553,2022-10-25,2022,Punjab,Jalandhar (PB-08),2W,Scooter,Ola Electric,EV,Not Applicable,0.0,2,2,41.51,90.57,0
TN-45-GG-3570,2020-12-24,2020,Tamil Nadu,Trichy (TN-45),4W,MUV,Tata Motors,EV,Not Applicable,0.0,7,4,26.26,91.92,0
MH-15-HG-3587,2020-11-09,2020,Maharashtra,Nashik (MH-15),2W,Motorcycle,Suzuki,Petrol,BS6,350.0,2,4,50.93,95.37,0
KL-01-IG-3604,2024-09-26,2024,Kerala,Thiruvananthapuram (KL-01),4W,Sedan,Renault,Diesel,BS6,1968.0,5,0,24.55,90.0,0
TN-30-JG-3621,2023-12-15,2023,Tamil Nadu,Salem (TN-30),HCV,Trailer,Eicher,Diesel,BS6,5660.0,2,1,0.0,90.0,0
WB-13-KG-3638,2020-05-27,2020,West Bengal,Howrah (WB-13),HCV,Trailer,Eicher,Diesel,BS6,4998.0,2,4,0.0,91.67,0
RJ-27-LG-3655,2019-10-07,2019,Rajasthan,Udaipur (RJ-27),2W,Motorcycle,Royal Enfield,Petrol,BS4,86.8,2,5,48.41,92.86,0
UP-80-MG-3672,2021-02-10,2021,Uttar Pradesh,Agra (UP-80),HCV,Bus,Volvo,Diesel,BS6,5660.0,45,3,0.0,85.71,0
MP-07-NG-3689,2021-12-23,2021,Madhya Pradesh,Gwalior (MP-07),4W,SUV,Mahindra,Diesel,BS6,1498.0,5,3,28.28,85.86,0
KA-22-OG-3706,2023-04-26,2023,Karnataka,Belgaum (KA-22),4W,SUV,Mahindra,Petrol,BS6,1462.0,5,1,25.89,89.29,0
KA-19-PG-3723,2023-10-09,2023,Karnataka,Mangalore (KA-19),2W,Scooter,Honda,Petrol,BS6,125.0,2,1,49.39,91.46,0
UP-65-QG-3740,2021-02-15,2021,Uttar Pradesh,Varanasi (UP-65),3W,Auto Rickshaw,TVS,CNG,BS6,225.0,4,3,85.71,85.71,0
KL-01-RG-3757,2024-07-22,2024,Kerala,Thiruvananthapuram (KL-01),HCV,Bus,BharatBenz,Diesel,BS6,6700.0,32,0,0.0,84.0,0
KL-11-SG-3774,2022-05-26,2022,Kerala,Kozhikode (KL-11),LCV,Mini Truck,Ashok Leyland,CNG,BS6,3298.0,2,2,32.35,94.12,0
TS-07-TG-3791,2021-06-19,2021,Telangana,Khammam (TS-07),3W,Auto Rickshaw,Atul Auto,Diesel,BS6,225.0,4,3,81.25,100.0,0
WB-40-UG-3808,2022-04-09,2022,West Bengal,Durgapur (WB-40),4W,Hatchback,Toyota,Petrol,BS6,1197.0,5,2,23.66,84.95,0
UP-70-VG-3825,2024-06-14,2024,Uttar Pradesh,Allahabad (UP-70),2W,Scooter,Honda,Petrol,BS6,150.0,2,0,47.06,91.91,0
MH-31-WG-3842,2021-10-21,2021,Maharashtra,Nagpur (MH-31),2W,Motorcycle,Royal Enfield,Petrol,BS6,100.0,2,3,50.93,95.37,0
GJ-06-XG-3859,2021-12-18,2021,Gujarat,Vadodara (GJ-06),4W,Hatchback,Hyundai,Diesel,BS6,1498.0,5,3,35.37,95.12,0
KL-01-YG-3876,2020-09-01,2020,Kerala,Thiruvananthapuram (KL-01),4W,SUV,Toyota,CNG,BS6,1197.0,7,4,24.55,90.0,0
KL-02-ZG-3893,2023-04-22,2023,Kerala,Kollam (KL-02),2W,Scooter,Ather,EV,Not Applicable,0.0,2,1,44.63,96.69,0
MP-13-AH-3910,2022-02-09,2022,Madhya Pradesh,Ujjain (MP-13),LCV,Mini Truck,Eicher,Diesel,BS6,2523.0,2,2,37.5,83.33,0
TS-07-BH-3927,2021-08-16,2021,Telangana,Khammam (TS-07),2W,Moped,TVS,Petrol,BS6,95.5,2,3,40.8,92.8,0
MP-09-CH-3944,2022-08-22,2022,Madhya Pradesh,Indore (MP-09),4W,SUV,Hyundai,Diesel,BS6,1197.0,7,2,28.28,85.86,0
WB-39-DH-3961,2018-01-02,2018,West Bengal,Asansol (WB-39),2W,Motorcycle,Royal Enfield,Petrol,BS4,150.0,2,6,39.16,92.31,0
CH-01-EH-3978,2024-08-29,2024,Chandigarh,Chandigarh (CH-01),2W,Scooter,Honda,EV,Not Applicable,0.0,2,0,40.62,90.62,0
GJ-03-FH-3995,2024-08-17,2024,Gujarat,Rajkot (GJ-03),2W,Motorcycle,Suzuki,Petrol,BS6,250.0,2,0,41.43,92.86,0
UP-32-GH-4012,2020-07-20,2020,Uttar Pradesh,Lucknow (UP-32),4W,Sedan,Toyota,Petrol,BS6,1462.0,5,4,19.75,88.89,0
KL-07-HH-4029,2023-08-07,2023,Kerala,Kochi (KL-07),LCV,Mini Truck,Ashok Leyland,Diesel,BS6,2956.0,2,1,32.35,94.12,0
DL-04-IH-4046,2023-12-05,2023,Delhi,Delhi North (DL-04),2W,Scooter,Bajaj,Petrol,BS6,250.0,2,1,39.39,90.3,0
CH-01-JH-4063,2018-12-11,2018,Chandigarh,Chandigarh (CH-01),2W,Motorcycle,Honda,EV,Not Applicable,0.0,2,6,40.62,90.62,0
DL-01-KH-4080,2023-01-30,2023,Delhi,Delhi Central (DL-01),2W,Scooter,Ather,EV,Not Applicable,0.0,2,1,39.39,90.3,0
TS-05-LH-4097,2022-12-12,2022,Telangana,Nizamabad (TS-05),2W,Scooter,Ola Electric,EV,Not Applicable,0.0,2,2,40.8,92.8,0
DL-08-MH-4114,2021-02-01,2021,Delhi,Delhi West (DL-08),LCV,Light Bus,Eicher,Diesel,BS6,2956.0,15,3,30.77,92.31,0
MP-20-NH-4131,2023-06-13,2023,Madhya Pradesh,Jabalpur (MP-20),4W,Hatchback,Toyota,EV,Not Applicable,0.0,5,1,28.28,85.86,0
TN-58-OH-4148,2024-12-28,2024,Tamil Nadu,Madurai (TN-58),2W,Motorcycle,KTM,Petrol,BS6,93.3,2,0,44.68,95.74,0
WB-01-PH-4165,2019-05-11,2019,West Bengal,Kolkata (WB-01),4W,MUV,Renault,Diesel,BS4,1462.0,7,5,23.66,84.95,0
MP-04-QH-4182,2023-01-27,2023,Madhya Pradesh,Bhopal (MP-04),HCV,Trailer,Tata Motors,Diesel,BS6,5660.0,2,1,4.76,85.71,0
MP-13-RH-4199,2022-10-14,2022,Madhya Pradesh,Ujjain (MP-13),4W,SUV,Mahindra,Hybrid,BS6,1462.0,5,2,28.28,85.86,0
DL-08-SH-4216,2024-09-02,2024,Delhi,Delhi West (DL-08),2W,Motorcycle,Bajaj,Petrol,BS6,150.0,2,0,39.39,90.3,0
KL-02-TH-4233,2021-07-14,2021,Kerala,Kollam (KL-02),4W,MUV,Mahindra,CNG,BS6,2179.0,7,3,24.55,90.0,0
GJ-06-UH-4250,2023-08-29,2023,Gujarat,Vadodara (GJ-06),2W,Motorcycle,KTM,Petrol,BS6,200.0,2,1,41.43,92.86,0
DL-08-VH-4267,2023-05-15,2023,Delhi,Delhi West (DL-08),2W,Motorcycle,Ola Electric,EV,Not Applicable,0.0,2,1,39.39,90.3,0
PB-11-WH-4284,2021-10-19,2021,Punjab,Patiala (PB-11),4W,SUV,Tata Motors,Petrol,BS6,1462.0,7,3,28.17,87.32,0
TS-05-XH-4301,2020-03-27,2020,Telangana,Nizamabad (TS-05),2W,Motorcycle,KTM,EV,Not Applicable,0.0,2,4,40.8,92.8,0
KL-02-YH-4318,2022-12-09,2022,Kerala,Kollam (KL-02),3W,Tempo,Kinetic Green,EV,Not Applicable,0.0,4,2,84.38,93.75,0
UP-78-ZH-4335,2020-09-15,2020,Uttar Pradesh,Kanpur (UP-78),LCV,Mini Truck,Tata Motors,EV,Not Applicable,0.0,2,4,35.0,90.0,0
MH-20-AI-4352,2020-07-30,2020,Maharashtra,Aurangabad (MH-20),4W,MUV,MG,Petrol,BS6,800.0,5,4,28.89,91.11,0
TS-05-BI-4369,2023-08-09,2023,Telangana,Nizamabad (TS-05),4W,SUV,Maruti Suzuki,Diesel,BS6,1197.0,5,1,25.47,92.45,0
KA-22-CI-4386,2022-05-16,2022,Karnataka,Belgaum (KA-22),2W,Motorcycle,Ola Electric,EV,Not Applicable,0.0,2,2,49.39,91.46,0
KA-25-DI-4403,2024-06-03,2024,Karnataka,Hubli (KA-25),HCV,Tanker,Eicher,Diesel,BS6,3760.0,2,0,0.0,96.15,0
KA-19-EI-4420,2023-03-29,2023,Karnataka,Mangalore (KA-19),2W,Motorcycle,KTM,Petrol,BS6,112.8,2,1,49.39,91.46,0
WB-73-FI-4437,2024-04-27,2024,West Bengal,Siliguri (WB-73),4W,SUV,Skoda,Petrol,BS6,1462.0,7,0,23.66,84.95,0
GJ-01-GI-4454,2023-06-12,2023,Gujarat,Ahmedabad (GJ-01),HCV,Trailer,Eicher,Diesel,BS6,3760.0,2,1,0.0,100.0,0
PB-10-HI-4471,2020-10-17,2020,Punjab,Ludhiana (PB-10),4W,SUV,Hyundai,Petrol,BS6,1968.0,7,4,28.17,87.32,0
UP-78-II-4488,2024-02-20,2024,Uttar Pradesh,Kanpur (UP-78),4W,Hatchback,Renault,Hybrid,BS6,1968.0,5,0,19.75,88.89,0
KA-25-JI-4505,2023-09-09,2023,Karnataka,Hubli (KA-25),4W,MUV,Toyota,Petrol,BS6,1462.0,7,1,25.89,89.29,0
TS-01-KI-4522,2021-11-13,2021,Telangana,Karimnagar (TS-01),2W,Scooter,Ola Electric,EV,Not Applicable,0.0,2,3,40.8,92.8,0
DL-01-LI-4539,2023-07-19,2023,Delhi,Delhi Central (DL-01),2W,Motorcycle,Suzuki,Petrol,BS6,200.0,2,1,39.39,90.3,0
RJ-14-MI-4556,2023-03-09,2023,Rajasthan,Jaipur (RJ-14),2W,Motorcycle,KTM,Petrol,BS6,110.0,2,1,48.41,92.86,0
TN-30-NI-4573,2019-07-01,2019,Tamil Nadu,Salem (TN-30),2W,Scooter,Ather,EV,Not Applicable,0.0,2,5,44.68,95.74,0
KA-22-OI-4590,2021-02-13,2021,Karnataka,Belgaum (KA-22),4W,SUV,Honda,Petrol,BS6,1498.0,7,3,25.89,89.29,0
PB-11-PI-4607,2021-09-10,2021,Punjab,Patiala (PB-11),2W,Scooter,TVS,Petrol,BS6,125.0,2,3,41.51,90.57,0
KA-09-QI-4624,2023-05-09,2023,Karnataka,Mysore (KA-09),2W,Motorcycle,Royal Enfield,EV,Not Applicable,0.0,2,1,49.39,91.46,0
KL-08-RI-4641,2019-07-22,2019,Kerala,Thrissur (KL-08),4W,SUV,MG,Petrol,BS4,1598.0,5,5,24.55,90.0,0
RJ-27-SI-4658,2021-12-22,2021,Rajasthan,Udaipur (RJ-27),2W,Scooter,Ola Electric,EV,Not Applicable,0.0,2,3,48.41,92.86,0
WB-40-TI-4675,2023-09-09,2023,West Bengal,Durgapur (WB-40),2W,Scooter,Yamaha,Petrol,BS6,160.0,2,1,39.16,92.31,0
DL-08-UI-4692,2024-10-30,2024,Delhi,Delhi West (DL-08),2W,Scooter,Yamaha,Petrol,BS6,101.1,2,0,39.39,90.3,0
TN-45-VI-4709,2020-12-21,2020,Tamil Nadu,Trichy (TN-45),2W,Motorcycle,KTM,Petrol,BS6,108.5,2,4,44.68,95.74,0
UP-65-WI-4726,2023-08-05,2023,Uttar Pradesh,Varanasi (UP-65),2W,Scooter,Bajaj,Petrol,BS6,250.0,2,1,47.06,91.91,0
KA-19-XI-4743,2022-08-03,2022,Karnataka,Mangalore (KA-19),OTH,Crane,Escorts,Diesel,BS6,4998.0,2,2,0.0,87.5,0
RJ-01-YI-4760,2020-06-30,2020,Rajasthan,Ajmer (RJ-01),4W,Hatchback,Hyundai,Hybrid,BS6,1197.0,5,4,26.0,89.0,0
PB-08-ZI-4777,2018-04-24,2018,Punjab,Jalandhar (PB-08),HCV,Trailer,BharatBenz,Diesel,BS4,5660.0,2,6,0.0,68.0,0
TS-07-AJ-4794,2021-12-14,2021,Telangana,Khammam (TS-07),4W,SUV,MG,Diesel,BS6,1462.0,5,3,25.47,92.45,0
RJ-14-BJ-4811,2019-03-14,2019,Rajasthan,Jaipur (RJ-14),3W,E-Rickshaw,Mahindra,EV,Not Applicable,0.0,4,5,85.19,100.0,0
RJ-27-CJ-4828,2019-12-23,2019,Rajasthan,Udaipur (RJ-27),4W,MUV,Toyota,Diesel,BS4,2179.0,7,5,26.0,89.0,0
KA-25-DJ-4845,2024-02-26,2024,Karnataka,Hubli (KA-25),2W,Scooter,Honda,Petrol,BS6,90.9,2,0,49.39,91.46,0
KL-07-EJ-4862,2022-04-29,2022,Kerala,Kochi (KL-07),3W,Tempo,Piaggio,CNG,BS6,225.0,4,2,84.38,93.75,0
TN-37-FJ-4879,2023-08-19,2023,Tamil Nadu,Coimbatore (TN-37),4W,MUV,Honda,Petrol,BS6,1968.0,7,1,26.26,91.92,0
MH-12-GJ-4896,2019-04-06,2019,Maharashtra,Pune (MH-12),2W,Scooter,Honda,EV,Not Applicable,0.0,2,5,50.93,95.37,0
RJ-19-HJ-4913,2022-06-10,2022,Rajasthan,Jodhpur (RJ-19),3W,E-Rickshaw,Kinetic Green,EV,Not Applicable,0.0,4,2,85.19,100.0,0
UP-70-IJ-4930,2020-12-28,2020,Uttar Pradesh,Allahabad (UP-70),2W,Motorcycle,KTM,EV,Not Applicable,0.0,2,4,47.06,91.91,0
PB-11-JJ-4947,2020-04-03,2020,Punjab,Patiala (PB-11),2W,Motorcycle,Yamaha,Petrol,BS6,200.0,2,4,41.51,90.57,0
KL-07-KJ-4964,2022-04-06,2022,Kerala,Kochi (KL-07),3W,E-Rickshaw,Atul Auto,EV,Not Applicable,0.0,4,2,84.38,93.75,0
TS-03-LJ-4981,2020-11-13,2020,Telangana,Warangal (TS-03),4W,MUV,Kia,Petrol,BS6,800.0,7,4,25.47,92.45,0
MH-15-MJ-4998,2023-12-18,2023,Maharashtra,Nashik (MH-15),2W,Scooter,Ather,EV,Not Applicable,0.0,2,1,50.93,95.37,0
UP-65-NJ-5015,2023-05-30,2023,Uttar Pradesh,Varanasi (UP-65),3W,Auto Rickshaw,Atul Auto,CNG,BS6,200.0,4,1,85.71,85.71,0
DL-09-OJ-5032,2023-10-09,2023,Delhi,Delhi South (DL-09),2W,Scooter,Ola Electric,EV,Not Applicable,0.0,2,1,39.39,90.3,0
KA-22-PJ-5049,2023-08-14,2023,Karnataka,Belgaum (KA-22),2W,Moped,Yamaha,EV,Not Applicable,0.0,2,1,49.39,91.46,0
DL-04-QJ-5066,2024-08-19,2024,Delhi,Delhi North (DL-04),2W,Moped,Bajaj,Petrol,BS6,99.1,2,0,39.39,90.3,0
RJ-14-RJ-5083,2023-12-19,2023,Rajasthan,Jaipur (RJ-14),2W,Motorcycle,Bajaj,Petrol,BS6,200.0,2,1,48.41,92.86,0
KL-02-SJ-5100,2023-01-31,2023,Kerala,Kollam (KL-02),4W,Sedan,Skoda,Petrol,BS6,1598.0,5,1,24.55,90.0,0
PB-11-TJ-5117,2022-12-14,2022,Punjab,Patiala (PB-11),2W,Motorcycle,Royal Enfield,Petrol,BS6,94.9,2,2,41.51,90.57,0
TN-30-UJ-5134,2023-05-08,2023,Tamil Nadu,Salem (TN-30),HCV,Trailer,MAN,Diesel,BS6,4998.0,2,1,0.0,90.0,0
DL-04-VJ-5151,2023-08-21,2023,Delhi,Delhi North (DL-04),3W,Tempo,Kinetic Green,EV,Not Applicable,0.0,4,1,89.47,94.74,0
KA-19-WJ-5168,2022-06-17,2022,Karnataka,Mangalore (KA-19),3W,E-Rickshaw,Kinetic Green,EV,Not Applicable,0.0,4,2,68.42,94.74,0
KA-19-XJ-5185,2021-04-19,2021,Karnataka,Mangalore (KA-19),4W,SUV,Hyundai,Diesel,BS6,2179.0,7,3,25.89,89.29,0
RJ-20-YJ-5202,2024-12-16,2024,Rajasthan,Kota (RJ-20),2W,Moped,TVS,EV,Not Applicable,0.0,2,0,48.41,92.86,0
MH-01-ZJ-5219,2024-08-13,2024,Maharashtra,Mumbai Central (MH-01),4W,MUV,Maruti Suzuki,Petrol,BS6,2179.0,5,0,28.89,91.11,0
UP-78-AK-5236,2024-02-17,2024,Uttar Pradesh,Kanpur (UP-78),OTH,Tractor,John Deere,Diesel,BS6,5660.0,2,0,0.0,75.0,0
KA-25-BK-5253,2023-12-25,2023,Karnataka,Hubli (KA-25),4W,Sedan,Maruti Suzuki,Diesel,BS6,1462.0,5,1,25.89,89.29,0
MP-04-CK-5270,2019-04-26,2019,Madhya Pradesh,Bhopal (MP-04),4W,SUV,Mahindra,Diesel,BS4,1498.0,5,5,28.28,85.86,0
MH-01-DK-5287,2019-04-29,2019,Maharashtra,Mumbai Central (MH-01),4W,Hatchback,Honda,Petrol,BS4,1184.0,5,5,28.89,91.11,0
KL-01-EK-5304,2021-03-10,2021,Kerala,Thiruvananthapuram (KL-01),2W,Motorcycle,Royal Enfield,Petrol,BS6,125.0,2,3,44.63,96.69,0
KA-22-FK-5321,2023-03-20,2023,Karnataka,Belgaum (KA-22),4W,SUV,MG,Diesel,BS6,1968.0,5,1,25.89,89.29,0
DL-01-GK-5338,2023-08-08,2023,Delhi,Delhi Central (DL-01),LCV,Mini Truck,Tata Motors,CNG,BS6,3298.0,2,1,30.77,92.31,0
DL-08-HK-5355,2022-05-26,2022,Delhi,Delhi West (DL-08),4W,Sedan,Renault,CNG,BS6,800.0,5,2,22.58,88.17,0
DL-09-IK-5372,2023-09-11,2023,Delhi,Delhi South (DL-09),4W,Sedan,Honda,Petrol,BS6,1968.0,5,1,22.58,88.17,0
DL-04-JK-5389,2024-03-08,2024,Delhi,Delhi North (DL-04),4W,Hatchback,Renault,Petrol,BS6,1968.0,5,0,22.58,88.17,0
RJ-01-KK-5406,2022-05-16,2022,Rajasthan,Ajmer (RJ-01),4W,SUV,Hyundai,Petrol,BS6,1462.0,5,2,26.0,89.0,0
MH-15-LK-5423,2023-12-26,2023,Maharashtra,Nashik (MH-15),3W,Tempo,Kinetic Green,EV,Not Applicable,0.0,4,1,87.5,87.5,0
MP-13-MK-5440,2021-04-15,2021,Madhya Pradesh,Ujjain (MP-13),4W,SUV,Kia,Petrol,BS6,1197.0,5,3,28.28,85.86,0
UP-70-NK-5457,2022-01-31,2022,Uttar Pradesh,Allahabad (UP-70),4W,SUV,Kia,EV,Not Applicable,0.0,5,2,19.75,88.89,0
UP-32-OK-5474,2023-03-31,2023,Uttar Pradesh,Lucknow (UP-32),3W,Tempo,Bajaj,CNG,BS6,200.0,4,1,85.71,85.71,0
KL-07-PK-5491,2022-05-13,2022,Kerala,Kochi (KL-07),4W,SUV,MG,Diesel,BS6,1197.0,5,2,24.55,90.0,0
TN-58-QK-5508,2023-09-26,2023,Tamil Nadu,Madurai (TN-58),4W,Hatchback,Maruti Suzuki,Diesel,BS6,1000.0,5,1,26.26,91.92,0
KL-02-RK-5525,2021-10-18,2021,Kerala,Kollam (KL-02),4W,MUV,MG,Diesel,BS6,1197.0,7,3,24.55,90.0,0
TN-58-SK-5542,2022-01-07,2022,Tamil Nadu,Madurai (TN-58),4W,SUV,Mahindra,Hybrid,BS6,1462.0,5,2,26.26,91.92,0
WB-40-TK-5559,2022-12-02,2022,West Bengal,Durgapur (WB-40),2W,Motorcycle,TVS,Petrol,BS6,250.0,2,2,39.16,92.31,0
DL-08-UK-5576,2023-07-10,2023,Delhi,Delhi West (DL-08),2W,Scooter,Yamaha,Petrol,BS6,107.2,2,1,39.39,90.3,0
TS-09-VK-5593,2019-05-25,2019,Telangana,Hyderabad (TS-09),2W,Scooter,Hero,Petrol,BS4,109.9,2,5,40.8,92.8,0
RJ-14-WK-5610,2021-11-15,2021,Rajasthan,Jaipur (RJ-14),4W,Hatchback,Toyota,Petrol,BS6,1462.0,5,3,26.0,89.0,0
RJ-01-XK-5627,2023-01-04,2023,Rajasthan,Ajmer (RJ-01),OTH,Tractor,Escorts,Diesel,BS6,6700.0,2,1,0.0,100.0,0
DL-09-YK-5644,2018-07-12,2018,Delhi,Delhi South (DL-09),2W,Moped,Hero,Petrol,BS4,98.0,2,6,39.39,90.3,0
KA-09-ZK-5661,2024-12-30,2024,Karnataka,Mysore (KA-09),3W,Auto Rickshaw,Mahindra,Diesel,BS6,250.0,4,0,68.42,94.74,0
MH-12-AL-5678,2024-02-13,2024,Maharashtra,Pune (MH-12),LCV,Light Bus,Force Motors,CNG,BS6,2523.0,15,0,22.58,90.32,0
TN-30-BL-5695,2023-05-02,2023,Tamil Nadu,Salem (TN-30),2W,Moped,Hero,EV,Not Applicable,0.0,2,1,44.68,95.74,0
GJ-06-CL-5712,2021-05-20,2021,Gujarat,Vadodara (GJ-06),HCV,Tanker,MAN,Diesel,BS6,4998.0,2,3,0.0,100.0,0
DL-02-DL-5729,2020-06-09,2020,Delhi,Delhi East (DL-02),4W,Hatchback,Tata Motors,Petrol,BS6,1968.0,5,4,22.58,88.17,0
TS-05-EL-5746,2022-02-16,2022,Telangana,Nizamabad (TS-05),HCV,Bus,BharatBenz,Diesel,BS6,4998.0,32,2,7.14,92.86,0
KL-02-FL-5763,2023-07-22,2023,Kerala,Kollam (KL-02),2W,Scooter,TVS,Petrol,BS6,119.1,2,1,44.63,96.69,0
MH-31-GL-5780,2024-10-08,2024,Maharashtra,Nagpur (MH-31),2W,Motorcycle,Hero,Petrol,BS6,150.0,2,0,50.93,95.37,0
KA-19-HL-5797,2019-04-24,2019,Karnataka,Mangalore (KA-19),2W,Motorcycle,Honda,Petrol,BS4,125.0,2,5,49.39,91.46,0
DL-04-IL-5814,2022-01-12,2022,Delhi,Delhi North (DL-04),2W,Scooter,Honda,EV,Not Applicable,0.0,2,2,39.39,90.3,0
DL-04-JL-5831,2018-01-26,2018,Delhi,Delhi North (DL-04),4W,Hatchback,Toyota,Petrol,BS4,1197.0,5,6,22.58,88.17,0
KL-08-KL-5848,2020-04-06,2020,Kerala,Thrissur (KL-08),3W,E-Rickshaw,Kinetic Green,EV,Not Applicable,0.0,4,4,84.38,93.75,0
WB-13-LL-5865,2023-07-31,2023,West Bengal,Howrah (WB-13),2W,Scooter,Ola Electric,EV,Not Applicable,0.0,2,1,39.16,92.31,0
WB-01-ML-5882,2020-05-07,2020,West Bengal,Kolkata (WB-01),2W,Scooter,TVS,Petrol,BS6,116.4,2,4,39.16,92.31,0
MH-15-NL-5899,2023-10-17,2023,Maharashtra,Nashik (MH-15),4W,SUV,MG,Diesel,BS6,1498.0,7,1,28.89,91.11,0
UP-80-OL-5916,2022-05-24,2022,Uttar Pradesh,Agra (UP-80),2W,Scooter,Ola Electric,EV,Not Applicable,0.0,2,2,47.06,91.91,0
WB-39-PL-5933,2019-05-04,2019,West Bengal,Asansol (WB-39),2W,Scooter,Bajaj,Petrol,BS4,101.9,2,5,39.16,92.31,0
TS-09-QL-5950,2021-04-01,2021,Telangana,Hyderabad (TS-09),4W,Sedan,Skoda,Diesel,BS6,1462.0,5,3,25.47,92.45,0
KL-11-RL-5967,2021-10-16,2021,Kerala,Kozhikode (KL-11),HCV,Truck,MAN,Diesel,BS6,4998.0,2,3,0.0,84.0,0
DL-04-SL-5984,2019-11-05,2019,Delhi,Delhi North (DL-04),4W,SUV,MG,Petrol,BS4,1462.0,5,5,22.58,88.17,0
TS-01-TL-6001,2021-06-15,2021,Telangana,Karimnagar (TS-01),2W,Moped,Bajaj,Petrol,BS6,100.0,2,3,40.8,92.8,0
MH-12-UL-6018,2024-07-10,2024,Maharashtra,Pune (MH-12),4W,Sedan,Hyundai,Diesel,BS6,1968.0,5,0,28.89,91.11,0
RJ-20-VL-6035,2024-06-11,2024,Rajasthan,Kota (RJ-20),2W,Motorcycle,Suzuki,EV,Not Applicable,0.0,2,0,48.41,92.86,0
KL-02-WL-6052,2022-07-13,2022,Kerala,Kollam (KL-02),4W,SUV,Mahindra,EV,Not Applicable,0.0,7,2,24.55,90.0,0
TN-37-XL-6069,2020-11-09,2020,Tamil Nadu,Coimbatore (TN-37),4W,SUV,Skoda,Petrol,BS6,1462.0,5,4,26.26,91.92,0
WB-13-YL-6086,2024-11-21,2024,West Bengal,Howrah (WB-13),2W,Motorcycle,Bajaj,Petrol,BS6,110.0,2,0,39.16,92.31,0
KL-11-ZL-6103,2023-05-12,2023,Kerala,Kozhikode (KL-11),2W,Scooter,Bajaj,Petrol,BS6,110.0,2,1,44.63,96.69,0
KL-01-AM-6120,2024-07-12,2024,Kerala,Thiruvananthapuram (KL-01),2W,Scooter,Suzuki,Petrol,BS6,200.0,2,0,44.63,96.69,0
TS-01-BM-6137,2023-03-25,2023,Telangana,Karimnagar (TS-01),2W,Scooter,Ola Electric,EV,Not Applicable,0.0,2,1,40.8,92.8,0
KA-01-CM-6154,2019-07-12,2019,Karnataka,Bangalore Central (KA-01),2W,Motorcycle,Royal Enfield,Petrol,BS4,125.0,2,5,49.39,91.46,0
KL-01-DM-6171,2024-12-26,2024,Kerala,Thiruvananthapuram (KL-01),4W,Hatchback,Toyota,CNG,BS6,800.0,5,0,24.55,90.0,0
MP-09-EM-6188,2019-04-08,2019,Madhya Pradesh,Indore (MP-09),4W,MUV,Tata Motors,Petrol,BS4,1968.0,7,5,28.28,85.86,0
MP-07-FM-6205,2022-03-21,2022,Madhya Pradesh,Gwalior (MP-07),2W,Motorcycle,Hero,Petrol,BS6,100.0,2,2,40.43,85.11,0
RJ-14-GM-6222,2022-04-15,2022,Rajasthan,Jaipur (RJ-14),2W,Scooter,Ola Electric,EV,Not Applicable,0.0,2,2,48.41,92.86,0
MP-07-HM-6239,2023-09-08,2023,Madhya Pradesh,Gwalior (MP-07),OTH,Crane,Mahindra,Diesel,BS6,5660.0,2,1,0.0,75.0,0
MP-13-IM-6256,2020-05-14,2020,Madhya Pradesh,Ujjain (MP-13),2W,Scooter,Suzuki,Petrol,BS6,96.4,2,4,40.43,85.11,0
WB-40-JM-6273,2022-12-07,2022,West Bengal,Durgapur (WB-40),2W,Scooter,Ola Electric,EV,Not Applicable,0.0,2,2,39.16,92.31,0
KA-25-KM-6290,2022-09-26,2022,Karnataka,Hubli (KA-25),4W,SUV,Skoda,Petrol,BS6,1968.0,7,2,25.89,89.29,0
PB-10-LM-6307,2018-09-22,2018,Punjab,Ludhiana (PB-10),3W,Auto Rickshaw,Mahindra,Petrol,BS4,225.0,4,6,76.0,92.0,0
WB-13-MM-6324,2019-02-11,2019,West Bengal,Howrah (WB-13),HCV,Bus,Ashok Leyland,Diesel,BS4,6700.0,32,5,0.0,91.67,0
MP-09-NM-6341,2024-02-14,2024,Madhya Pradesh,Indore (MP-09),LCV,Pickup Van,Ashok Leyland,EV,Not Applicable,0.0,2,0,37.5,83.33,0
UP-70-OM-6358,2024-12-24,2024,Uttar Pradesh,Allahabad (UP-70),2W,Scooter,Ather,EV,Not Applicable,0.0,2,0,47.06,91.91,0
PB-11-PM-6375,2020-10-26,2020,Punjab,Patiala (PB-11),4W,Hatchback,Honda,Petrol,BS6,1000.0,5,4,28.17,87.32,0
CH-01-QM-6392,2021-10-20,2021,Chandigarh,Chandigarh (CH-01),4W,SUV,Honda,Petrol,BS6,2179.0,5,3,12.5,83.33,0
TN-58-RM-6409,2023-07-22,2023,Tamil Nadu,Madurai (TN-58),2W,Scooter,Ola Electric,EV,Not Applicable,0.0,2,1,44.68,95.74,0
KL-07-SM-6426,2018-06-09,2018,Kerala,Kochi (KL-07),2W,Motorcycle,Royal Enfield,Petrol,BS4,160.0,2,6,44.63,96.69,0
WB-01-TM-6443,2024-06-13,2024,West Bengal,Kolkata (WB-01),OTH,Tractor,TAFE,Diesel,BS6,5660.0,2,0,0.0,100.0,0
CH-01-UM-6460,2022-07-11,2022,Chandigarh,Chandigarh (CH-01),2W,Motorcycle,Suzuki,Petrol,BS6,100.0,2,2,40.62,90.62,0
TS-03-VM-6477,2019-10-19,2019,Telangana,Warangal (TS-03),2W,Scooter,Ather,EV,Not Applicable,0.0,2,5,40.8,92.8,0
TN-37-WM-6494,2018-07-04,2018,Tamil Nadu,Coimbatore (TN-37),LCV,Mini Truck,Tata Motors,Diesel,BS4,2956.0,2,6,40.0,92.0,0
RJ-27-XM-6511,2018-09-08,2018,Rajasthan,Udaipur (RJ-27),3W,Tempo,Bajaj,EV,Not Applicable,0.0,4,6,85.19,100.0,0
WB-39-YM-6528,2023-02-16,2023,West Bengal,Asansol (WB-39),4W,SUV,Tata Motors,Petrol,BS6,1498.0,5,1,23.66,84.95,0
UP-32-ZM-6545,2023-04-17,2023,Uttar Pradesh,Lucknow (UP-32),2W,Scooter,Bajaj,Petrol,BS6,103.5,2,1,47.06,91.91,0
MP-20-AN-6562,2024-03-29,2024,Madhya Pradesh,Jabalpur (MP-20),3W,Tempo,Bajaj,Diesel,BS6,200.0,4,0,79.31,89.66,0
GJ-18-BN-6579,2024-08-23,2024,Gujarat,Gandhinagar (GJ-18),4W,SUV,Kia,Diesel,BS6,1498.0,7,0,35.37,95.12,0
WB-40-CN-6596,2018-07-11,2018,West Bengal,Durgapur (WB-40),4W,SUV,Skoda,Petrol,BS4,1462.0,7,6,23.66,84.95,0
GJ-01-DN-6613,2021-05-14,2021,Gujarat,Ahmedabad (GJ-01),3W,E-Rickshaw,TVS,EV,Not Applicable,0.0,4,3,89.47,100.0,0
TN-45-EN-6630,2023-03-13,2023,Tamil Nadu,Trichy (TN-45),4W,Hatchback,Skoda,Diesel,BS6,800.0,5,1,26.26,91.92,0
GJ-06-FN-6647,2018-10-20,2018,Gujarat,Vadodara (GJ-06),LCV,Pickup Van,Force Motors,EV,Not Applicable,0.0,2,6,53.33,73.33,0
KL-07-GN-6664,2021-12-03,2021,Kerala,Kochi (KL-07),4W,MUV,Toyota,Diesel,BS6,1480.0,7,3,24.55,90.0,0
GJ-01-HN-6681,2023-04-04,2023,Gujarat,Ahmedabad (GJ-01),3W,Tempo,TVS,Petrol,BS6,250.0,4,1,89.47,100.0,0
KA-09-IN-6698,2023-07-10,2023,Karnataka,Mysore (KA-09),2W,Motorcycle,Royal Enfield,Petrol,BS6,104.4,2,1,49.39,91.46,0
PB-02-JN-6715,2024-10-24,2024,Punjab,Amritsar (PB-02),3W,Auto Rickshaw,Mahindra,CNG,BS6,200.0,4,0,76.0,92.0,0
DL-09-KN-6732,2021-03-19,2021,Delhi,Delhi South (DL-09),2W,Moped,Suzuki,EV,Not Applicable,0.0,2,3,39.39,90.3,0
DL-08-LN-6749,2021-04-03,2021,Delhi,Delhi West (DL-08),2W,Motorcycle,KTM,Petrol,BS6,87.3,2,3,39.39,90.3,0
WB-40-MN-6766,2018-05-21,2018,West Bengal,Durgapur (WB-40),4W,Sedan,Toyota,EV,Not Applicable,0.0,5,6,23.66,84.95,0
PB-10-NN-6783,2022-07-26,2022,Punjab,Ludhiana (PB-10),3W,Auto Rickshaw,Piaggio,EV,Not Applicable,0.0,4,2,76.0,92.0,0
UP-32-ON-6800,2024-09-28,2024,Uttar Pradesh,Lucknow (UP-32),2W,Motorcycle,Yamaha,Petrol,BS6,150.0,2,0,47.06,91.91,0
MH-01-PN-6817,2024-03-07,2024,Maharashtra,Mumbai Central (MH-01),4W,SUV,Mahindra,EV,Not Applicable,0.0,5,0,28.89,91.11,0
TS-07-QN-6834,2024-09-23,2024,Telangana,Khammam (TS-07),2W,Motorcycle,Hero,Petrol,BS6,150.0,2,0,40.8,92.8,0
TS-05-RN-6851,2024-07-02,2024,Telangana,Nizamabad (TS-05),2W,Scooter,TVS,Petrol,BS6,106.6,2,0,40.8,92.8,0
TN-30-SN-6868,2023-09-16,2023,Tamil Nadu,Salem (TN-30),2W,Motorcycle,TVS,Petrol,BS6,125.0,2,1,44.68,95.74,0
KA-25-TN-6885,2020-11-16,2020,Karnataka,Hubli (KA-25),4W,Hatchback,Honda,Petrol,BS6,1210.1,5,4,25.89,89.29,0
MP-04-UN-6902,2019-07-15,2019,Madhya Pradesh,Bhopal (MP-04),4W,Hatchback,Maruti Suzuki,Petrol,BS4,1209.3,5,5,28.28,85.86,0
WB-13-VN-6919,2022-12-06,2022,West Bengal,Howrah (WB-13),2W,Moped,Hero,Petrol,BS6,87.6,2,2,39.16,92.31,0
GJ-18-WN-6936,2022-03-02,2022,Gujarat,Gandhinagar (GJ-18),4W,Sedan,Honda,Petrol,BS6,1498.0,5,2,35.37,95.12,0
KA-19-XN-6953,2024-12-26,2024,Karnataka,Mangalore (KA-19),2W,Motorcycle,Royal Enfield,EV,Not Applicable,0.0,2,0,49.39,91.46,0
GJ-05-YN-6970,2024-04-30,2024,Gujarat,Surat (GJ-05),2W,Scooter,Bajaj,Petrol,BS6,100.0,2,0,41.43,92.86,0
MH-01-ZN-6987,2024-09-18,2024,Maharashtra,Mumbai Central (MH-01),LCV,Light Bus,Force Motors,Diesel,BS6,2523.0,15,0,22.58,90.32,0
KL-01-AO-7004,2024-05-15,2024,Kerala,Thiruvananthapuram (KL-01),LCV,Light Bus,Mahindra,Diesel,BS6,2956.0,15,0,32.35,94.12,0
KA-09-BO-7021,2021-03-01,2021,Karnataka,Mysore (KA-09),LCV,Pickup Van,Ashok Leyland,CNG,BS6,2523.0,2,3,26.92,88.46,0
MH-12-CO-7038,2024-05-17,2024,Maharashtra,Pune (MH-12),4W,Sedan,Toyota,Diesel,BS6,1000.0,5,0,28.89,91.11,0
RJ-19-DO-7055,2023-09-02,2023,Rajasthan,Jodhpur (RJ-19),2W,Motorcycle,KTM,Petrol,BS6,250.0,2,1,48.41,92.86,0
MP-09-EO-7072,2019-09-05,2019,Madhya Pradesh,Indore (MP-09),2W,Scooter,Hero,Petrol,BS4,108.2,2,5,40.43,85.11,0
MP-20-FO-7089,2018-03-08,2018,Madhya Pradesh,Jabalpur (MP-20),2W,Scooter,Yamaha,EV,Not Applicable,0.0,2,6,40.43,85.11,0
WB-01-GO-7106,2021-01-07,2021,West Bengal,Kolkata (WB-01),LCV,Pickup Van,Tata Motors,Diesel,BS6,2956.0,2,3,39.13,86.96,0
RJ-01-HO-7123,2022-05-09,2022,Rajasthan,Ajmer (RJ-01),3W,Tempo,Atul Auto,CNG,BS6,225.0,4,2,85.19,100.0,0
MP-20-IO-7140,2022-09-16,2022,Madhya Pradesh,Jabalpur (MP-20),2W,Scooter,Ola Electric,EV,Not Applicable,0.0,2,2,40.43,85.11,0
WB-13-JO-7157,2021-01-26,2021,West Bengal,Howrah (WB-13),2W,Scooter,Yamaha,Petrol,BS6,121.7,2,3,39.16,92.31,0
DL-09-KO-7174,2022-08-18,2022,Delhi,Delhi South (DL-09),4W,MUV,Mahindra,Petrol,BS6,1000.0,7,2,22.58,88.17,0
WB-40-LO-7191,2021-10-13,2021,West Bengal,Durgapur (WB-40),2W,Scooter,Hero,Petrol,BS6,107.2,2,3,39.16,92.31,0
MH-01-MO-7208,2020-08-21,2020,Maharashtra,Mumbai Central (MH-01),4W,SUV,Renault,CNG,BS6,1598.0,7,4,28.89,91.11,0
MH-12-NO-7225,2022-12-03,2022,Maharashtra,Pune (MH-12),LCV,Pickup Van,Eicher,EV,Not Applicable,0.0,2,2,22.58,90.32,0
WB-01-OO-7242,2021-05-31,2021,West Bengal,Kolkata (WB-01),2W,Scooter,Bajaj,Petrol,BS6,103.7,2,3,39.16,92.31,0
TS-05-PO-7259,2020-07-28,2020,Telangana,Nizamabad (TS-05),4W,Hatchback,Tata Motors,Diesel,BS6,1000.0,5,4,25.47,92.45,0
PB-10-QO-7276,2023-06-23,2023,Punjab,Ludhiana (PB-10),2W,Scooter,Bajaj,EV,Not Applicable,0.0,2,1,41.51,90.57,0
UP-32-RO-7293,2023-03-10,2023,Uttar Pradesh,Lucknow (UP-32),HCV,Truck,BharatBenz,Diesel,BS6,6700.0,2,1,0.0,85.71,0
TS-09-SO-7310,2024-04-01,2024,Telangana,Hyderabad (TS-09),4W,SUV,Skoda,Diesel,BS6,1197.0,7,0,25.47,92.45,0
KA-19-TO-7327,2021-12-21,2021,Karnataka,Mangalore (KA-19),4W,SUV,Renault,Diesel,BS6,1462.0,7,3,25.89,89.29,0
UP-80-UO-7344,2021-09-20,2021,Uttar Pradesh,Agra (UP-80),OTH,Tractor,TAFE,Diesel,BS6,5660.0,2,3,0.0,75.0,0
RJ-01-VO-7361,2023-06-26,2023,Rajasthan,Ajmer (RJ-01),4W,SUV,Mahindra,CNG,BS6,1197.0,5,1,26.0,89.0,0
TS-07-WO-7378,2021-10-26,2021,Telangana,Khammam (TS-07),4W,SUV,Hyundai,Hybrid,BS6,1968.0,7,3,25.47,92.45,0
UP-32-XO-7395,2018-04-13,2018,Uttar Pradesh,Lucknow (UP-32),3W,Auto Rickshaw,Mahindra,CNG,BS4,250.0,4,6,85.71,85.71,0
GJ-06-YO-7412,2023-07-03,2023,Gujarat,Vadodara (GJ-06),2W,Motorcycle,Royal Enfield,Petrol,BS6,350.0,2,1,41.43,92.86,0
KA-22-ZO-7429,2023-07-19,2023,Karnataka,Belgaum (KA-22),LCV,Light Bus,Eicher,Diesel,BS6,2956.0,15,1,26.92,88.46,0
KL-11-AP-7446,2021-06-10,2021,Kerala,Kozhikode (KL-11),4W,Hatchback,Honda,Diesel,BS6,1498.0,5,3,24.55,90.0,0
MH-31-BP-7463,2023-07-08,2023,Maharashtra,Nagpur (MH-31),2W,Scooter,Bajaj,EV,Not Applicable,0.0,2,1,50.93,95.37,0
TS-07-CP-7480,2022-02-08,2022,Telangana,Khammam (TS-07),2W,Scooter,Bajaj,Petrol,BS6,100.6,2,2,40.8,92.8,0
TN-45-DP-7497,2022-03-24,2022,Tamil Nadu,Trichy (TN-45),2W,Motorcycle,Suzuki,Petrol,BS6,150.0,2,2,44.68,95.74,0
GJ-01-EP-7514,2020-11-02,2020,Gujarat,Ahmedabad (GJ-01),2W,Moped,TVS,Petrol,BS6,100.0,2,4,41.43,92.86,0
MP-13-FP-7531,2022-12-29,2022,Madhya Pradesh,Ujjain (MP-13),LCV,Pickup Van,Force Motors,CNG,BS6,3298.0,2,2,37.5,83.33,0
DL-02-GP-7548,2022-02-17,2022,Delhi,Delhi East (DL-02),3W,Tempo,Piaggio,Diesel,BS6,250.0,4,2,89.47,94.74,0
DL-08-HP-7565,2022-10-15,2022,Delhi,Delhi West (DL-08),2W,Scooter,Bajaj,Petrol,BS6,100.0,2,2,39.39,90.3,0
KA-25-IP-7582,2022-12-15,2022,Karnataka,Hubli (KA-25),2W,Scooter,Ola Electric,EV,Not Applicable,0.0,2,2,49.39,91.46,0
UP-32-JP-7599,2024-07-10,2024,Uttar Pradesh,Lucknow (UP-32),2W,Motorcycle,Royal Enfield,Petrol,BS6,104.5,2,0,47.06,91.91,0
TS-01-KP-7616,2021-02-19,2021,Telangana,Karimnagar (TS-01),3W,E-Rickshaw,Kinetic Green,EV,Not Applicable,0.0,4,3,81.25,100.0,0
TS-09-LP-7633,2022-04-16,2022,Telangana,Hyderabad (TS-09),4W,SUV,Mahindra,EV,Not Applicable,0.0,5,2,25.47,92.45,0
MP-04-MP-7650,2023-02-14,2023,Madhya Pradesh,Bhopal (MP-04),4W,Sedan,Maruti Suzuki,Diesel,BS6,1000.0,5,1,28.28,85.86,0
TN-58-NP-7667,2021-07-27,2021,Tamil Nadu,Madurai (TN-58),4W,SUV,Kia,Diesel,BS6,1968.0,5,3,26.26,91.92,0
MH-15-OP-7684,2023-01-24,2023,Maharashtra,Nashik (MH-15),4W,Hatchback,Skoda,Petrol,BS6,1000.0,5,1,28.89,91.11,0
TS-09-PP-7701,2019-08-13,2019,Telangana,Hyderabad (TS-09),2W,Motorcycle,Royal Enfield,EV,Not Applicable,0.0,2,5,40.8,92.8,0
UP-32-QP-7718,2023-06-01,2023,Uttar Pradesh,Lucknow (UP-32),3W,Tempo,Piaggio,CNG,BS6,225.0,4,1,85.71,85.71,0
MP-07-RP-7735,2020-01-03,2020,Madhya Pradesh,Gwalior (MP-07),HCV,Truck,Eicher,Diesel,BS4,5660.0,2,4,4.76,85.71,1
UP-70-SP-7752,2023-06-26,2023,Uttar Pradesh,Allahabad (UP-70),4W,SUV,Kia,Petrol,BS6,1462.0,5,1,19.75,88.89,0
MP-13-TP-7769,2023-02-28,2023,Madhya Pradesh,Ujjain (MP-13),2W,Motorcycle,Bajaj,EV,Not Applicable,0.0,2,1,40.43,85.11,0
MP-13-UP-7786,2022-12-10,2022,Madhya Pradesh,Ujjain (MP-13),LCV,Light Bus,Force Motors,CNG,BS6,2523.0,12,2,37.5,83.33,0
KA-09-VP-7803,2019-05-01,2019,Karnataka,Mysore (KA-09),4W,MUV,Toyota,Diesel,BS4,1000.0,7,5,25.89,89.29,0
CH-01-WP-7820,2021-06-07,2021,Chandigarh,Chandigarh (CH-01),LCV,Pickup Van,Force Motors,Diesel,BS6,2956.0,2,3,60.0,100.0,0
PB-02-XP-7837,2021-12-31,2021,Punjab,Amritsar (PB-02),4W,MUV,Tata Motors,Petrol,BS6,1968.0,7,3,28.17,87.32,0
RJ-19-YP-7854,2022-06-06,2022,Rajasthan,Jodhpur (RJ-19),4W,SUV,MG,Diesel,BS6,2179.0,5,2,26.0,89.0,0
TN-45-ZP-7871,2020-11-16,2020,Tamil Nadu,Trichy (TN-45),2W,Scooter,TVS,EV,Not Applicable,0.0,2,4,44.68,95.74,0
KL-01-AQ-7888,2022-10-31,2022,Kerala,Thiruvananthapuram (KL-01),LCV,Light Bus,Tata Motors,CNG,BS6,2956.0,15,2,32.35,94.12,0
TS-05-BQ-7905,2021-10-29,2021,Telangana,Nizamabad (TS-05),4W,MUV,Tata Motors,Diesel,BS6,1498.0,7,3,25.47,92.45,0
WB-39-CQ-7922,2018-11-12,2018,West Bengal,Asansol (WB-39),3W,E-Rickshaw,TVS,EV,Not Applicable,0.0,4,6,85.0,100.0,0
TN-30-DQ-7939,2024-09-04,2024,Tamil Nadu,Salem (TN-30),2W,Scooter,Ola Electric,EV,Not Applicable,0.0,2,0,44.68,95.74,0
MH-12-EQ-7956,2021-12-09,2021,Maharashtra,Pune (MH-12),4W,Sedan,Hyundai,Petrol,BS6,1462.0,5,3,28.89,91.11,0
UP-65-FQ-7973,2021-09-24,2021,Uttar Pradesh,Varanasi (UP-65),HCV,Truck,Tata Motors,Diesel,BS6,5660.0,2,3,0.0,85.71,0
PB-11-GQ-7990,2022-09-22,2022,Punjab,Patiala (PB-11),4W,MUV,Honda,Diesel,BS6,1498.0,7,2,28.17,87.32,0
DL-09-HQ-8007,2024-09-13,2024,Delhi,Delhi South (DL-09),2W,Motorcycle,KTM,EV,Not Applicable,0.0,2,0,39.39,90.3,0
WB-13-IQ-8024,2020-07-04,2020,West Bengal,Howrah (WB-13),2W,Motorcycle,Royal Enfield,Petrol,BS6,88.6,2,4,39.16,92.31,0
KL-01-JQ-8041,2019-09-03,2019,Kerala,Thiruvananthapuram (KL-01),4W,MUV,Toyota,Hybrid,BS4,2179.0,7,5,24.55,90.0,0
PB-10-KQ-8058,2018-10-31,2018,Punjab,Ludhiana (PB-10),4W,MUV,Maruti Suzuki,Petrol,BS4,1197.0,7,6,28.17,87.32,0
MP-13-LQ-8075,2020-09-21,2020,Madhya Pradesh,Ujjain (MP-13),2W,Scooter,TVS,Petrol,BS6,106.8,2,4,40.43,85.11,0
PB-11-MQ-8092,2022-09-05,2022,Punjab,Patiala (PB-11),4W,SUV,Hyundai,Petrol,BS6,1197.0,7,2,28.17,87.32,0
UP-70-NQ-8109,2023-03-27,2023,Uttar Pradesh,Allahabad (UP-70),2W,Moped,TVS,EV,Not Applicable,0.0,2,1,47.06,91.91,0
WB-39-OQ-8126,2019-04-15,2019,West Bengal,Asansol (WB-39),4W,Sedan,Honda,Diesel,BS4,1462.0,5,5,23.66,84.95,0
TN-45-PQ-8143,2022-09-15,2022,Tamil Nadu,Trichy (TN-45),2W,Scooter,Ola Electric,EV,Not Applicable,0.0,2,2,44.68,95.74,0
KA-19-QQ-8160,2022-12-24,2022,Karnataka,Mangalore (KA-19),4W,Hatchback,Honda,Diesel,BS6,1498.0,5,2,25.89,89.29,0
DL-04-RQ-8177,2023-12-23,2023,Delhi,Delhi North (DL-04),4W,MUV,Toyota,CNG,BS6,1000.0,7,1,22.58,88.17,0
TN-58-SQ-8194,2022-07-29,2022,Tamil Nadu,Madurai (TN-58),3W,Auto Rickshaw,Bajaj,CNG,BS6,250.0,4,2,82.14,96.43,0
MH-01-TQ-8211,2021-12-20,2021,Maharashtra,Mumbai Central (MH-01),4W,Hatchback,Renault,Petrol,BS6,1598.0,5,3,28.89,91.11,0
RJ-14-UQ-8228,2021-08-05,2021,Rajasthan,Jaipur (RJ-14),2W,Scooter,Ola Electric,EV,Not Applicable,0.0,2,3,48.41,92.86,0
RJ-01-VQ-8245,2020-10-12,2020,Rajasthan,Ajmer (RJ-01),2W,Scooter,Suzuki,Petrol,BS6,107.3,2,4,48.41,92.86,0
TN-58-WQ-8262,2022-12-28,2022,Tamil Nadu,Madurai (TN-58),4W,MUV,Kia,Petrol,BS6,1968.0,7,2,26.26,91.92,0
MP-04-XQ-8279,2020-06-22,2020,Madhya Pradesh,Bhopal (MP-04),4W,MUV,Tata Motors,Petrol,BS6,1462.0,5,4,28.28,85.86,0
TN-30-YQ-8296,2022-08-11,2022,Tamil Nadu,Salem (TN-30),HCV,Truck,Tata Motors,Diesel,BS6,3760.0,2,2,0.0,90.0,0
GJ-05-ZQ-8313,2021-11-11,2021,Gujarat,Surat (GJ-05),2W,Scooter,Hero,Petrol,BS6,103.0,2,3,41.43,92.86,0
GJ-18-AR-8330,2018-09-24,2018,Gujarat,Gandhinagar (GJ-18),2W,Motorcycle,KTM,EV,Not Applicable,0.0,2,6,41.43,92.86,0
DL-01-BR-8347,2023-05-03,2023,Delhi,Delhi Central (DL-01),4W,Sedan,Skoda,Petrol,BS6,800.0,5,1,22.58,88.17,0
KA-25-CR-8364,2022-01-08,2022,Karnataka,Hubli (KA-25),4W,SUV,Honda,Diesel,BS6,1000.0,5,2,25.89,89.29,0
TS-05-DR-8381,2020-08-20,2020,Telangana,Nizamabad (TS-05),4W,SUV,Toyota,Petrol,BS6,1968.0,5,4,25.47,92.45,0
GJ-05-ER-8398,2022-03-01,2022,Gujarat,Surat (GJ-05),2W,Scooter,Ather,EV,Not Applicable,0.0,2,2,41.43,92.86,0
GJ-18-FR-8415,2022-05-05,2022,Gujarat,Gandhinagar (GJ-18),4W,SUV,MG,Diesel,BS6,1598.0,7,2,35.37,95.12,0
MP-20-GR-8432,2020-11-20,2020,Madhya Pradesh,Jabalpur (MP-20),LCV,Mini Truck,Force Motors,Diesel,BS6,2956.0,2,4,37.5,83.33,0
KL-07-HR-8449,2022-05-16,2022,Kerala,Kochi (KL-07),4W,MUV,Toyota,Diesel,BS6,1462.0,7,2,24.55,90.0,0
KA-19-IR-8466,2024-06-10,2024,Karnataka,Mangalore (KA-19),4W,SUV,Hyundai,CNG,BS6,1598.0,7,0,25.89,89.29,0
PB-02-JR-8483,2023-05-04,2023,Punjab,Amritsar (PB-02),2W,Moped,Bajaj,EV,Not Applicable,0.0,2,1,41.51,90.57,0
DL-02-KR-8500,2022-03-02,2022,Delhi,Delhi East (DL-02),2W,Motorcycle,Ola Electric,EV,Not Applicable,0.0,2,2,39.39,90.3,0
MP-20-LR-8517,2023-10-23,2023,Madhya Pradesh,Jabalpur (MP-20),4W,SUV,MG,Diesel,BS6,1498.0,5,1,28.28,85.86,0
TN-45-MR-8534,2022-09-02,2022,Tamil Nadu,Trichy (TN-45),2W,Motorcycle,Ola Electric,EV,Not Applicable,0.0,2,2,44.68,95.74,0
MH-20-NR-8551,2024-09-23,2024,Maharashtra,Aurangabad (MH-20),2W,Moped,TVS,EV,Not Applicable,0.0,2,0,50.93,95.37,0
RJ-14-OR-8568,2019-11-11,2019,Rajasthan,Jaipur (RJ-14),2W,Motorcycle,Suzuki,EV,Not Applicable,0.0,2,5,48.41,92.86,0
TN-45-PR-8585,2021-09-13,2021,Tamil Nadu,Trichy (TN-45),2W,Motorcycle,KTM,EV,Not Applicable,0.0,2,3,44.68,95.74,0
DL-04-QR-8602,2021-10-20,2021,Delhi,Delhi North (DL-04),4W,SUV,Toyota,Diesel,BS6,1197.0,7,3,22.58,88.17,0
KA-25-RR-8619,2020-03-17,2020,Karnataka,Hubli (KA-25),4W,MUV,Honda,Petrol,BS4,2179.0,5,4,25.89,89.29,1
TN-30-SR-8636,2023-06-03,2023,Tamil Nadu,Salem (TN-30),3W,Tempo,Atul Auto,EV,Not Applicable,0.0,4,1,82.14,96.43,0
CH-01-TR-8653,2020-08-31,2020,Chandigarh,Chandigarh (CH-01),2W,Moped,TVS,Petrol,BS6,95.9,2,4,40.62,90.62,0
WB-40-UR-8670,2024-06-25,2024,West Bengal,Durgapur (WB-40),2W,Scooter,Ather,EV,Not Applicable,0.0,2,0,39.16,92.31,0
UP-32-VR-8687,2022-11-29,2022,Uttar Pradesh,Lucknow (UP-32),2W,Scooter,Ola Electric,EV,Not Applicable,0.0,2,2,47.06,91.91,0
TN-58-WR-8704,2023-02-10,2023,Tamil Nadu,Madurai (TN-58),2W,Scooter,Ather,EV,Not Applicable,0.0,2,1,44.68,95.74,0
PB-02-XR-8721,2023-08-04,2023,Punjab,Amritsar (PB-02),3W,Auto Rickshaw,Piaggio,EV,Not Applicable,0.0,4,1,76.0,92.0,0
KA-09-YR-8738,2021-11-06,2021,Karnataka,Mysore (KA-09),2W,Scooter,Yamaha,EV,Not Applicable,0.0,2,3,49.39,91.46,0
GJ-03-ZR-8755,2024-03-26,2024,Gujarat,Rajkot (GJ-03),4W,SUV,Skoda,Diesel,BS6,1197.0,5,0,35.37,95.12,0
TN-37-AS-8772,2021-02-02,2021,Tamil Nadu,Coimbatore (TN-37),4W,SUV,Mahindra,Petrol,BS6,2179.0,5,3,26.26,91.92,0
MH-15-BS-8789,2022-12-02,2022,Maharashtra,Nashik (MH-15),3W,Auto Rickshaw,Bajaj,CNG,BS6,225.0,4,2,87.5,87.5,0
DL-02-CS-8806,2022-01-15,2022,Delhi,Delhi East (DL-02),4W,MUV,Tata Motors,Petrol,BS6,800.0,7,2,22.58,88.17,0
RJ-27-DS-8823,2022-10-04,2022,Rajasthan,Udaipur (RJ-27),3W,Tempo,TVS,EV,Not Applicable,0.0,4,2,85.19,100.0,0
PB-08-ES-8840,2023-06-27,2023,Punjab,Jalandhar (PB-08),4W,MUV,Renault,EV,Not Applicable,0.0,7,1,28.17,87.32,0
KA-19-FS-8857,2021-09-25,2021,Karnataka,Mangalore (KA-19),2W,Motorcycle,Royal Enfield,Petrol,BS6,125.0,2,3,49.39,91.46,0
RJ-20-GS-8874,2024-06-03,2024,Rajasthan,Kota (RJ-20),3W,Auto Rickshaw,Kinetic Green,EV,Not Applicable,0.0,4,0,85.19,100.0,0
GJ-18-HS-8891,2020-08-11,2020,Gujarat,Gandhinagar (GJ-18),2W,Scooter,Ather,EV,Not Applicable,0.0,2,4,41.43,92.86,0
DL-02-IS-8908,2021-11-17,2021,Delhi,Delhi East (DL-02),4W,MUV,Honda,Petrol,BS6,1462.0,7,3,22.58,88.17,0
GJ-18-JS-8925,2020-02-26,2020,Gujarat,Gandhinagar (GJ-18),4W,MUV,Mahindra,Petrol,BS4,2179.0,7,4,35.37,95.12,1
GJ-18-KS-8942,2018-01-12,2018,Gujarat,Gandhinagar (GJ-18),3W,E-Rickshaw,Bajaj,EV,Not Applicable,0.0,4,6,89.47,100.0,0
GJ-06-LS-8959,2019-09-10,2019,Gujarat,Vadodara (GJ-06),2W,Scooter,Hero,Petrol,BS4,150.0,2,5,41.43,92.86,0
RJ-27-MS-8976,2023-06-19,2023,Rajasthan,Udaipur (RJ-27),2W,Scooter,Yamaha,EV,Not Applicable,0.0,2,1,48.41,92.86,0
TN-01-NS-8993,2022-05-09,2022,Tamil Nadu,Chennai Central (TN-01),2W,Scooter,Honda,EV,Not Applicable,0.0,2,2,44.68,95.74,0
MH-01-OS-9010,2023-05-08,2023,Maharashtra,Mumbai Central (MH-01),OTH,Tractor,TAFE,Diesel,BS6,3760.0,2,1,0.0,71.43,0
WB-01-PS-9027,2023-06-15,2023,West Bengal,Kolkata (WB-01),3W,Auto Rickshaw,Mahindra,Diesel,BS6,225.0,4,1,85.0,100.0,0
KL-01-QS-9044,2023-07-04,2023,Kerala,Thiruvananthapuram (KL-01),4W,SUV,Kia,Diesel,BS6,800.0,5,1,24.55,90.0,0
KA-09-RS-9061,2023-03-03,2023,Karnataka,Mysore (KA-09),4W,SUV,Maruti Suzuki,Petrol,BS6,1968.0,7,1,25.89,89.29,0
MH-01-SS-9078,2021-05-08,2021,Maharashtra,Mumbai Central (MH-01),4W,SUV,Skoda,Petrol,BS6,1197.0,7,3,28.89,91.11,0
KA-22-TS-9095,2021-12-27,2021,Karnataka,Belgaum (KA-22),2W,Moped,Hero,Petrol,BS6,86.1,2,3,49.39,91.46,0
KA-09-US-9112,2023-04-10,2023,Karnataka,Mysore (KA-09),3W,E-Rickshaw,Atul Auto,EV,Not Applicable,0.0,4,1,68.42,94.74,0
UP-80-VS-9129,2023-05-31,2023,Uttar Pradesh,Agra (UP-80),4W,SUV,Maruti Suzuki,Diesel,BS6,1498.0,7,1,19.75,88.89,0
DL-09-WS-9146,2022-10-11,2022,Delhi,Delhi South (DL-09),2W,Scooter,Yamaha,Petrol,BS6,125.0,2,2,39.39,90.3,0
KA-22-XS-9163,2021-11-23,2021,Karnataka,Belgaum (KA-22),2W,Motorcycle,Royal Enfield,EV,Not Applicable,0.0,2,3,49.39,91.46,0
UP-78-YS-9180,2023-02-02,2023,Uttar Pradesh,Kanpur (UP-78),LCV,Light Bus,Ashok Leyland,EV,Not Applicable,0.0,15,1,35.0,90.0,0
TS-01-ZS-9197,2021-06-14,2021,Telangana,Karimnagar (TS-01),4W,Sedan,Skoda,Petrol,BS6,1000.0,5,3,25.47,92.45,0
TS-09-AT-9214,2020-04-08,2020,Telangana,Hyderabad (TS-09),2W,Motorcycle,TVS,Petrol,BS6,110.0,2,4,40.8,92.8,0
MH-20-BT-9231,2023-05-12,2023,Maharashtra,Aurangabad (MH-20),4W,MUV,MG,Diesel,BS6,800.0,7,1,28.89,91.11,0
DL-09-CT-9248,2022-08-29,2022,Delhi,Delhi South (DL-09),4W,SUV,Mahindra,EV,Not Applicable,0.0,5,2,22.58,88.17,0
TS-01-DT-9265,2022-02-07,2022,Telangana,Karimnagar (TS-01),4W,Hatchback,Skoda,Petrol,BS6,1498.0,5,2,25.47,92.45,0
DL-09-ET-9282,2021-09-27,2021,Delhi,Delhi South (DL-09),2W,Moped,Bajaj,EV,Not Applicable,0.0,2,3,39.39,90.3,0
PB-10-FT-9299,2023-12-12,2023,Punjab,Ludhiana (PB-10),4W,SUV,Hyundai,Hybrid,BS6,2179.0,7,1,28.17,87.32,0
KA-09-GT-9316,2023-11-04,2023,Karnataka,Mysore (KA-09),4W,MUV,Renault,Diesel,BS6,2179.0,7,1,25.89,89.29,0
RJ-01-HT-9333,2023-06-15,2023,Rajasthan,Ajmer (RJ-01),OTH,Tractor,John Deere,Diesel,BS6,4998.0,2,1,0.0,100.0,0
PB-11-IT-9350,2024-07-22,2024,Punjab,Patiala (PB-11),2W,Motorcycle,Royal Enfield,Petrol,BS6,100.0,2,0,41.51,90.57,0
KL-01-JT-9367,2019-01-04,2019,Kerala,Thiruvananthapuram (KL-01),OTH,Road Roller,Mahindra,Diesel,BS4,5660.0,2,5,0.0,62.5,0
DL-08-KT-9384,2022-10-20,2022,Delhi,Delhi West (DL-08),2W,Motorcycle,Royal Enfield,EV,Not Applicable,0.0,2,2,39.39,90.3,0
KA-01-LT-9401,2021-05-08,2021,Karnataka,Bangalore Central (KA-01),3W,Auto Rickshaw,Piaggio,CNG,BS6,225.0,4,3,68.42,94.74,0
GJ-01-MT-9418,2021-03-30,2021,Gujarat,Ahmedabad (GJ-01),4W,Sedan,Hyundai,Hybrid,BS6,2179.0,5,3,35.37,95.12,0
PB-02-NT-9435,2023-06-21,2023,Punjab,Amritsar (PB-02),2W,Moped,Suzuki,Petrol,BS6,88.4,2,1,41.51,90.57,0
UP-65-OT-9452,2023-01-06,2023,Uttar Pradesh,Varanasi (UP-65),HCV,Truck,Ashok Leyland,Diesel,BS6,5659.5,2,1,0.0,85.71,0
GJ-18-PT-9469,2021-04-24,2021,Gujarat,Gandhinagar (GJ-18),2W,Scooter,Ola Electric,EV,Not Applicable,0.0,2,3,41.43,92.86,0
MH-15-QT-9486,2019-05-29,2019,Maharashtra,Nashik (MH-15),OTH,Road Roller,Escorts,Diesel,BS4,6700.0,2,5,0.0,71.43,0
TN-58-RT-9503,2021-07-24,2021,Tamil Nadu,Madurai (TN-58),2W,Moped,Hero,EV,Not Applicable,0.0,2,3,44.68,95.74,0
UP-78-ST-9520,2022-10-20,2022,Uttar Pradesh,Kanpur (UP-78),4W,MUV,Renault,Petrol,BS6,1462.0,7,2,19.75,88.89,0
DL-01-TT-9537,2024-02-27,2024,Delhi,Delhi Central (DL-01),2W,Scooter,Yamaha,Petrol,BS6,250.0,2,0,39.39,90.3,0
UP-80-UT-9554,2023-06-06,2023,Uttar Pradesh,Agra (UP-80),2W,Scooter,Yamaha,EV,Not Applicable,0.0,2,1,47.06,91.91,0
RJ-01-VT-9571,2022-04-13,2022,Rajasthan,Ajmer (RJ-01),4W,SUV,Skoda,Petrol,BS6,1598.0,7,2,26.0,89.0,0
KL-01-WT-9588,2024-01-08,2024,Kerala,Thiruvananthapuram (KL-01),2W,Motorcycle,Bajaj,EV,Not Applicable,0.0,2,0,44.63,96.69,0
KL-01-XT-9605,2020-04-18,2020,Kerala,Thiruvananthapuram (KL-01),2W,Scooter,Hero,Petrol,BS6,150.0,2,4,44.63,96.69,0
TS-07-YT-9622,2024-12-23,2024,Telangana,Khammam (TS-07),4W,SUV,Skoda,Hybrid,BS6,800.0,7,0,25.47,92.45,0
PB-11-ZT-9639,2020-11-12,2020,Punjab,Patiala (PB-11),2W,Motorcycle,Hero,Petrol,BS6,160.0,2,4,41.51,90.57,0
MH-15-AU-9656,2023-12-04,2023,Maharashtra,Nashik (MH-15),4W,Hatchback,Hyundai,Diesel,BS6,1598.0,5,1,28.89,91.11,0
MH-31-BU-9673,2024-12-30,2024,Maharashtra,Nagpur (MH-31),LCV,Light Bus,Force Motors,Diesel,BS6,2523.0,12,0,22.58,90.32,0
WB-39-CU-9690,2024-12-30,2024,West Bengal,Asansol (WB-39),4W,SUV,Mahindra,Diesel,BS6,800.0,5,0,23.66,84.95,0
DL-09-DU-9707,2020-12-16,2020,Delhi,Delhi South (DL-09),2W,Scooter,Suzuki,Petrol,BS6,200.0,2,4,39.39,90.3,0
RJ-20-EU-9724,2023-01-16,2023,Rajasthan,Kota (RJ-20),2W,Motorcycle,Royal Enfield,Petrol,BS6,85.1,2,1,48.41,92.86,0
GJ-05-FU-9741,2023-12-14,2023,Gujarat,Surat (GJ-05),2W,Scooter,TVS,Petrol,BS6,160.0,2,1,41.43,92.86,0
MP-09-GU-9758,2024-06-17,2024,Madhya Pradesh,Indore (MP-09),2W,Moped,TVS,Petrol,BS6,98.4,2,0,40.43,85.11,0
TS-03-HU-9775,2023-03-13,2023,Telangana,Warangal (TS-03),2W,Motorcycle,Ola Electric,EV,Not Applicable,0.0,2,1,40.8,92.8,0
KL-02-IU-9792,2024-06-11,2024,Kerala,Kollam (KL-02),LCV,Pickup Van,Mahindra,CNG,BS6,2523.0,2,0,32.35,94.12,0
TS-09-JU-9809,2021-07-30,2021,Telangana,Hyderabad (TS-09),2W,Motorcycle,Hero,Petrol,BS6,160.0,2,3,40.8,92.8,0
WB-40-KU-9826,2020-11-09,2020,West Bengal,Durgapur (WB-40),2W,Motorcycle,Honda,Petrol,BS6,150.0,2,4,39.16,92.31,0
GJ-18-LU-9843,2020-07-02,2020,Gujarat,Gandhinagar (GJ-18),4W,Sedan,Skoda,Petrol,BS6,1000.0,5,4,35.37,95.12,0
TN-45-MU-9860,2024-08-30,2024,Tamil Nadu,Trichy (TN-45),LCV,Pickup Van,Ashok Leyland,Diesel,BS6,2956.0,2,0,40.0,92.0,0
DL-02-NU-9877,2020-04-13,2020,Delhi,Delhi East (DL-02),2W,Motorcycle,Royal Enfield,Petrol,BS6,150.0,2,4,39.39,90.3,0
KA-09-OU-9894,2023-05-08,2023,Karnataka,Mysore (KA-09),HCV,Tanker,Eicher,Diesel,BS6,6700.0,2,1,0.0,96.15,0
MH-20-PU-9911,2022-10-20,2022,Maharashtra,Aurangabad (MH-20),4W,MUV,Toyota,Diesel,BS6,1480.0,5,2,28.89,91.11,0
TS-09-QU-9928,2022-01-21,2022,Telangana,Hyderabad (TS-09),3W,Auto Rickshaw,Piaggio,EV,Not Applicable,0.0,4,2,81.25,100.0,0
MP-04-RU-9945,2023-08-25,2023,Madhya Pradesh,Bhopal (MP-04),2W,Scooter,Suzuki,Petrol,BS6,125.0,2,1,40.43,85.11,0
UP-80-SU-9962,2022-08-20,2022,Uttar Pradesh,Agra (UP-80),4W,Hatchback,Renault,Petrol,BS6,1000.0,5,2,19.75,88.89,0
TN-45-TU-9979,2021-04-02,2021,Tamil Nadu,Trichy (TN-45),HCV,Bus,BharatBenz,Diesel,BS6,6700.0,52,3,0.0,90.0,0
KL-07-UU-9996,2023-03-25,2023,Kerala,Kochi (KL-07),LCV,Mini Truck,Ashok Leyland,Diesel,BS6,2523.0,2,1,32.35,94.12,0
KA-19-VU-1013,2021-11-10,2021,Karnataka,Mangalore (KA-19),4W,Hatchback,Renault,EV,Not Applicable,0.0,5,3,25.89,89.29,0
TS-01-WU-1030,2024-03-25,2024,Telangana,Karimnagar (TS-01),2W,Motorcycle,Yamaha,EV,Not Applicable,0.0,2,0,40.8,92.8,0
TN-01-XU-1047,2023-03-09,2023,Tamil Nadu,Chennai Central (TN-01),2W,Motorcycle,KTM,Petrol,BS6,150.0,2,1,44.68,95.74,0
MH-20-YU-1064,2024-01-03,2024,Maharashtra,Aurangabad (MH-20),4W,SUV,MG,Diesel,BS6,2179.0,5,0,28.89,91.11,0
DL-09-ZU-1081,2019-01-04,2019,Delhi,Delhi South (DL-09),4W,MUV,Honda,Diesel,BS4,1462.0,7,5,22.58,88.17,0
PB-11-AV-1098,2020-06-27,2020,Punjab,Patiala (PB-11),4W,Sedan,Maruti Suzuki,Petrol,BS6,800.0,5,4,28.17,87.32,0
MH-20-BV-1115,2018-04-02,2018,Maharashtra,Aurangabad (MH-20),LCV,Pickup Van,Ashok Leyland,Diesel,BS4,2956.0,2,6,22.58,90.32,0
GJ-18-CV-1132,2022-02-17,2022,Gujarat,Gandhinagar (GJ-18),4W,SUV,MG,Hybrid,BS6,1498.0,5,2,35.37,95.12,0
RJ-27-DV-1149,2021-03-04,2021,Rajasthan,Udaipur (RJ-27),4W,MUV,Renault,Petrol,BS6,1498.0,7,3,26.0,89.0,0
TS-01-EV-1166,2018-11-19,2018,Telangana,Karimnagar (TS-01),3W,Tempo,Piaggio,EV,Not Applicable,0.0,4,6,81.25,100.0,0
KL-02-FV-1183,2024-09-26,2024,Kerala,Kollam (KL-02),HCV,Trailer,BharatBenz,Diesel,BS6,5660.0,2,0,0.0,84.0,0
RJ-19-GV-1200,2023-04-03,2023,Rajasthan,Jodhpur (RJ-19),4W,MUV,Renault,Hybrid,BS6,1462.0,7,1,26.0,89.0,0
DL-01-HV-1217,2024-07-31,2024,Delhi,Delhi Central (DL-01),2W,Scooter,Honda,Petrol,BS6,250.0,2,0,39.39,90.3,0
MH-31-IV-1234,2023-05-25,2023,Maharashtra,Nagpur (MH-31),2W,Scooter,Bajaj,Petrol,BS6,110.4,2,1,50.93,95.37,0
KA-25-JV-1251,2018-06-20,2018,Karnataka,Hubli (KA-25),2W,Moped,Yamaha,Petrol,BS4,85.3,2,6,49.39,91.46,0
UP-70-KV-1268,2021-12-11,2021,Uttar Pradesh,Allahabad (UP-70),4W,Hatchback,Tata Motors,Petrol,BS6,2179.0,5,3,19.75,88.89,0
MH-12-LV-1285,2024-07-30,2024,Maharashtra,Pune (MH-12),3W,Tempo,Mahindra,EV,Not Applicable,0.0,4,0,87.5,87.5,0
GJ-18-MV-1302,2018-12-17,2018,Gujarat,Gandhinagar (GJ-18),4W,SUV,Renault,Diesel,BS4,1598.0,7,6,35.37,95.12,0
KA-09-NV-1319,2023-10-20,2023,Karnataka,Mysore (KA-09),2W,Motorcycle,Yamaha,Petrol,BS6,150.0,2,1,49.39,91.46,0
UP-78-OV-1336,2018-02-14,2018,Uttar Pradesh,Kanpur (UP-78),4W,SUV,Toyota,EV,Not Applicable,0.0,7,6,19.75,88.89,0
RJ-27-PV-1353,2021-07-12,2021,Rajasthan,Udaipur (RJ-27),4W,SUV,Mahindra,Diesel,BS6,800.0,7,3,26.0,89.0,0
KA-19-QV-1370,2020-09-25,2020,Karnataka,Mangalore (KA-19),3W,E-Rickshaw,Atul Auto,EV,Not Applicable,0.0,4,4,68.42,94.74,0
TN-01-RV-1387,2018-09-25,2018,Tamil Nadu,Chennai Central (TN-01),4W,SUV,Mahindra,Hybrid,BS4,1000.0,5,6,26.26,91.92,0
GJ-01-SV-1404,2024-09-23,2024,Gujarat,Ahmedabad (GJ-01),4W,Hatchback,Toyota,Diesel,BS6,1498.0,5,0,35.37,95.12,0
PB-02-TV-1421,2020-09-29,2020,Punjab,Amritsar (PB-02),4W,Sedan,Toyota,Petrol,BS6,1598.0,5,4,28.17,87.32,0
MP-04-UV-1438,2018-10-15,2018,Madhya Pradesh,Bhopal (MP-04),2W,Motorcycle,Royal Enfield,Petrol,BS4,400.0,2,6,40.43,85.11,0
KA-09-VV-1455,2024-10-21,2024,Karnataka,Mysore (KA-09),4W,SUV,Kia,Petrol,BS6,1462.0,7,0,25.89,89.29,0
KA-25-WV-1472,2018-08-30,2018,Karnataka,Hubli (KA-25),4W,SUV,Renault,Diesel,BS4,800.0,5,6,25.89,89.29,0
UP-32-XV-1489,2022-11-19,2022,Uttar Pradesh,Lucknow (UP-32),2W,Scooter,TVS,Petrol,BS6,124.8,2,2,47.06,91.91,0
PB-02-YV-1506,2024-08-26,2024,Punjab,Amritsar (PB-02),2W,Scooter,Ather,EV,Not Applicable,0.0,2,0,41.51,90.57,0
TN-01-ZV-1523,2021-12-30,2021,Tamil Nadu,Chennai Central (TN-01),4W,SUV,Hyundai,Diesel,BS6,2179.0,7,3,26.26,91.92,0
DL-02-AW-1540,2021-12-07,2021,Delhi,Delhi East (DL-02),2W,Motorcycle,Royal Enfield,Petrol,BS6,113.0,2,3,39.39,90.3,0
RJ-27-BW-1557,2021-03-29,2021,Rajasthan,Udaipur (RJ-27),3W,Auto Rickshaw,Mahindra,CNG,BS6,250.0,4,3,85.19,100.0,0
PB-11-CW-1574,2023-10-12,2023,Punjab,Patiala (PB-11),2W,Motorcycle,Suzuki,Petrol,BS6,110.0,2,1,41.51,90.57,0
GJ-18-DW-1591,2023-03-23,2023,Gujarat,Gandhinagar (GJ-18),3W,Tempo,Mahindra,CNG,BS6,225.0,4,1,89.47,100.0,0
KA-25-EW-1608,2023-10-18,2023,Karnataka,Hubli (KA-25),2W,Scooter,Ola Electric,EV,Not Applicable,0.0,2,1,49.39,91.46,0
TS-03-FW-1625,2024-09-06,2024,Telangana,Warangal (TS-03),2W,Scooter,Honda,Petrol,BS6,101.6,2,0,40.8,92.8,0
PB-11-GW-1642,2020-02-05,2020,Punjab,Patiala (PB-11),3W,Tempo,Bajaj,Diesel,BS4,200.0,4,4,76.0,92.0,1
PB-08-HW-1659,2020-10-24,2020,Punjab,Jalandhar (PB-08),2W,Moped,Hero,Petrol,BS6,100.0,2,4,41.51,90.57,0
TN-37-IW-1676,2022-04-16,2022,Tamil Nadu,Coimbatore (TN-37),3W,E-Rickshaw,Mahindra,EV,Not Applicable,0.0,4,2,82.14,96.43,0
PB-02-JW-1693,2024-01-05,2024,Punjab,Amritsar (PB-02),HCV,Tanker,MAN,Diesel,BS6,4998.0,2,0,0.0,68.0,0
UP-78-KW-1710,2024-12-26,2024,Uttar Pradesh,Kanpur (UP-78),LCV,Mini Truck,Ashok Leyland,CNG,BS6,3298.0,2,0,35.0,90.0,0
GJ-01-LW-1727,2023-07-15,2023,Gujarat,Ahmedabad (GJ-01),2W,Scooter,Ola Electric,EV,Not Applicable,0.0,2,1,41.43,92.86,0
UP-65-MW-1744,2020-07-03,2020,Uttar Pradesh,Varanasi (UP-65),4W,SUV,MG,Petrol,BS6,1968.0,5,4,19.75,88.89,0
GJ-05-NW-1761,2023-12-04,2023,Gujarat,Surat (GJ-05),2W,Motorcycle,Hero,Petrol,BS6,250.0,2,1,41.43,92.86,0
TN-01-OW-1778,2022-11-16,2022,Tamil Nadu,Chennai Central (TN-01),2W,Motorcycle,KTM,Petrol,BS6,125.0,2,2,44.68,95.74,0
WB-39-PW-1795,2020-11-05,2020,West Bengal,Asansol (WB-39),2W,Scooter,Suzuki,Petrol,BS6,100.0,2,4,39.16,92.31,0
PB-08-QW-1812,2021-10-23,2021,Punjab,Jalandhar (PB-08),LCV,Mini Truck,Eicher,Diesel,BS6,3298.0,2,3,22.22,88.89,0
MH-20-RW-1829,2022-02-10,2022,Maharashtra,Aurangabad (MH-20),3W,E-Rickshaw,Bajaj,EV,Not Applicable,0.0,4,2,87.5,87.5,0
KL-02-SW-1846,2019-02-15,2019,Kerala,Kollam (KL-02),OTH,Tractor,Sonalika,Diesel,BS4,4998.0,2,5,0.0,62.5,0
MP-04-TW-1863,2024-01-06,2024,Madhya Pradesh,Bhopal (MP-04),4W,SUV,Skoda,Petrol,BS6,2179.0,7,0,28.28,85.86,0
TS-01-UW-1880,2024-05-28,2024,Telangana,Karimnagar (TS-01),4W,SUV,Honda,Diesel,BS6,1197.0,5,0,25.47,92.45,0
KL-02-VW-1897,2022-10-21,2022,Kerala,Kollam (KL-02),4W,SUV,Maruti Suzuki,Petrol,BS6,1486.1,7,2,24.55,90.0,0
KL-02-WW-1914,2022-05-10,2022,Kerala,Kollam (KL-02),2W,Scooter,Honda,Petrol,BS6,125.0,2,2,44.63,96.69,0
PB-02-XW-1931,2019-10-30,2019,Punjab,Amritsar (PB-02),2W,Scooter,Hero,Petrol,BS4,125.0,2,5,41.51,90.57,0
MP-20-YW-1948,2020-09-28,2020,Madhya Pradesh,Jabalpur (MP-20),2W,Motorcycle,Royal Enfield,Petrol,BS6,100.0,2,4,40.43,85.11,0
RJ-14-ZW-1965,2024-07-15,2024,Rajasthan,Jaipur (RJ-14),HCV,Bus,BharatBenz,EV,Not Applicable,0.0,45,0,6.67,86.67,0
KL-07-AX-1982,2023-03-01,2023,Kerala,Kochi (KL-07),2W,Moped,Yamaha,Petrol,BS6,100.0,2,1,44.63,96.69,0
TN-30-BX-1999,2024-04-29,2024,Tamil Nadu,Salem (TN-30),2W,Motorcycle,KTM,Petrol,BS6,250.0,2,0,44.68,95.74,0
MP-20-CX-2016,2018-07-16,2018,Madhya Pradesh,Jabalpur (MP-20),3W,Auto Rickshaw,Atul Auto,Diesel,BS4,250.0,4,6,79.31,89.66,0
MP-04-DX-2033,2022-05-20,2022,Madhya Pradesh,Bhopal (MP-04),2W,Moped,Yamaha,EV,Not Applicable,0.0,2,2,40.43,85.11,0
GJ-06-EX-2050,2022-05-04,2022,Gujarat,Vadodara (GJ-06),4W,SUV,Skoda,Diesel,BS6,1462.0,7,2,35.37,95.12,0
MP-09-FX-2067,2018-09-26,2018,Madhya Pradesh,Indore (MP-09),2W,Motorcycle,Hero,Petrol,BS4,110.0,2,6,40.43,85.11,0
MP-20-GX-2084,2020-11-13,2020,Madhya Pradesh,Jabalpur (MP-20),2W,Motorcycle,Royal Enfield,Petrol,BS6,108.9,2,4,40.43,85.11,0
MH-20-HX-2101,2019-02-14,2019,Maharashtra,Aurangabad (MH-20),4W,Sedan,Skoda,EV,Not Applicable,0.0,5,5,28.89,91.11,0
MP-13-IX-2118,2020-08-27,2020,Madhya Pradesh,Ujjain (MP-13),4W,Sedan,Hyundai,EV,Not Applicable,0.0,5,4,28.28,85.86,0
GJ-03-JX-2135,2023-02-01,2023,Gujarat,Rajkot (GJ-03),4W,SUV,Kia,Petrol,BS6,1968.0,7,1,35.37,95.12,0
RJ-14-KX-2152,2019-11-09,2019,Rajasthan,Jaipur (RJ-14),2W,Scooter,TVS,EV,Not Applicable,0.0,2,5,48.41,92.86,0
TN-30-LX-2169,2022-08-15,2022,Tamil Nadu,Salem (TN-30),2W,Moped,Suzuki,Petrol,BS6,91.5,2,2,44.68,95.74,0
KA-01-MX-2186,2022-03-18,2022,Karnataka,Bangalore Central (KA-01),2W,Motorcycle,Royal Enfield,Petrol,BS6,100.0,2,2,49.39,91.46,0
MH-15-NX-2203,2022-12-29,2022,Maharashtra,Nashik (MH-15),2W,Scooter,Yamaha,Petrol,BS6,112.0,2,2,50.93,95.37,0
WB-73-OX-2220,2020-12-18,2020,West Bengal,Siliguri (WB-73),2W,Scooter,Honda,EV,Not Applicable,0.0,2,4,39.16,92.31,0
KA-22-PX-2237,2021-11-20,2021,Karnataka,Belgaum (KA-22),4W,SUV,Toyota,EV,Not Applicable,0.0,7,3,25.89,89.29,0
TS-05-QX-2254,2020-01-21,2020,Telangana,Nizamabad (TS-05),2W,Motorcycle,Royal Enfield,EV,Not Applicable,0.0,2,4,40.8,92.8,0
MP-09-RX-2271,2023-02-13,2023,Madhya Pradesh,Indore (MP-09),2W,Scooter,Honda,EV,Not Applicable,0.0,2,1,40.43,85.11,0
KL-07-SX-2288,2024-09-07,2024,Kerala,Kochi (KL-07),2W,Motorcycle,Hero,Petrol,BS6,250.0,2,0,44.63,96.69,0
KA-22-TX-2305,2024-01-19,2024,Karnataka,Belgaum (KA-22),4W,MUV,Renault,Diesel,BS6,1598.0,5,0,25.89,89.29,0
RJ-14-UX-2322,2024-03-18,2024,Rajasthan,Jaipur (RJ-14),2W,Scooter,Ather,EV,Not Applicable,0.0,2,0,48.41,92.86,0
DL-01-VX-2339,2018-01-24,2018,Delhi,Delhi Central (DL-01),2W,Motorcycle,KTM,EV,Not Applicable,0.0,2,6,39.39,90.3,0
KL-07-WX-2356,2023-08-22,2023,Kerala,Kochi (KL-07),2W,Scooter,Hero,Petrol,BS6,108.2,2,1,44.63,96.69,0
TN-45-XX-2373,2022-04-23,2022,Tamil Nadu,Trichy (TN-45),2W,Motorcycle,Honda,EV,Not Applicable,0.0,2,2,44.68,95.74,0
DL-04-YX-2390,2019-10-22,2019,Delhi,Delhi North (DL-04),2W,Scooter,Suzuki,Petrol,BS4,103.2,2,5,39.39,90.3,0
TN-58-ZX-2407,2020-03-02,2020,Tamil Nadu,Madurai (TN-58),LCV,Mini Truck,Tata Motors,CNG,BS4,3298.0,2,4,40.0,92.0,1
UP-78-AY-2424,2024-03-09,2024,Uttar Pradesh,Kanpur (UP-78),4W,SUV,MG,Petrol,BS6,1000.0,5,0,19.75,88.89,0
TN-01-BY-2441,2020-12-28,2020,Tamil Nadu,Chennai Central (TN-01),LCV,Mini Truck,Tata Motors,Diesel,BS6,3298.0,2,4,40.0,92.0,0
KL-08-CY-2458,2021-07-30,2021,Kerala,Thrissur (KL-08),4W,Sedan,Tata Motors,EV,Not Applicable,0.0,5,3,24.55,90.0,0
CH-01-DY-2475,2023-06-28,2023,Chandigarh,Chandigarh (CH-01),4W,SUV,Skoda,Petrol,BS6,1968.0,5,1,12.5,83.33,0
TS-03-EY-2492,2021-10-04,2021,Telangana,Warangal (TS-03),2W,Scooter,Honda,EV,Not Applicable,0.0,2,3,40.8,92.8,0
DL-04-FY-2509,2020-12-16,2020,Delhi,Delhi North (DL-04),4W,SUV,Kia,Petrol,BS6,2179.0,5,4,22.58,88.17,0
TN-37-GY-2526,2021-08-11,2021,Tamil Nadu,Coimbatore (TN-37),4W,Hatchback,Maruti Suzuki,Petrol,BS6,1199.2,5,3,26.26,91.92,0
PB-08-HY-2543,2020-09-05,2020,Punjab,Jalandhar (PB-08),2W,Moped,Hero,EV,Not Applicable,0.0,2,4,41.51,90.57,0
KA-01-IY-2560,2022-04-12,2022,Karnataka,Bangalore Central (KA-01),LCV,Light Bus,Force Motors,CNG,BS6,3298.0,15,2,26.92,88.46,0
KA-25-JY-2577,2021-02-08,2021,Karnataka,Hubli (KA-25),2W,Motorcycle,Suzuki,Petrol,BS6,350.0,2,3,49.39,91.46,0
PB-08-KY-2594,2024-04-01,2024,Punjab,Jalandhar (PB-08),2W,Scooter,TVS,Petrol,BS6,250.0,2,0,41.51,90.57,0
RJ-19-LY-2611,2024-06-20,2024,Rajasthan,Jodhpur (RJ-19),3W,Auto Rickshaw,Kinetic Green,EV,Not Applicable,0.0,4,0,85.19,100.0,0
KL-02-MY-2628,2022-06-25,2022,Kerala,Kollam (KL-02),2W,Motorcycle,Honda,EV,Not Applicable,0.0,2,2,44.63,96.69,0
GJ-18-NY-2645,2022-04-28,2022,Gujarat,Gandhinagar (GJ-18),2W,Scooter,Ola Electric,EV,Not Applicable,0.0,2,2,41.43,92.86,0
UP-70-OY-2662,2023-01-09,2023,Uttar Pradesh,Allahabad (UP-70),3W,Auto Rickshaw,Atul Auto,Diesel,BS6,225.0,4,1,85.71,85.71,0
DL-02-PY-2679,2024-01-03,2024,Delhi,Delhi East (DL-02),2W,Moped,Bajaj,EV,Not Applicable,0.0,2,0,39.39,90.3,0
MH-01-QY-2696,2022-09-03,2022,Maharashtra,Mumbai Central (MH-01),OTH,Road Roller,Escorts,Diesel,BS6,3760.0,2,2,0.0,71.43,0
WB-13-RY-2713,2019-05-03,2019,West Bengal,Howrah (WB-13),2W,Motorcycle,Suzuki,Petrol,BS4,110.0,2,5,39.16,92.31,0
MH-15-SY-2730,2023-08-21,2023,Maharashtra,Nashik (MH-15),4W,SUV,MG,CNG,BS6,2179.0,5,1,28.89,91.11,0
KL-08-TY-2747,2023-02-06,2023,Kerala,Thrissur (KL-08),2W,Motorcycle,KTM,Petrol,BS6,250.0,2,1,44.63,96.69,0
KL-11-UY-2764,2021-10-05,2021,Kerala,Kozhikode (KL-11),4W,SUV,Honda,Hybrid,BS6,1462.0,5,3,24.55,90.0,0
PB-02-VY-2781,2021-02-26,2021,Punjab,Amritsar (PB-02),4W,Hatchback,Renault,EV,Not Applicable,0.0,5,3,28.17,87.32,0
WB-39-WY-2798,2022-10-15,2022,West Bengal,Asansol (WB-39),2W,Scooter,TVS,EV,Not Applicable,0.0,2,2,39.16,92.31,0
TN-58-XY-2815,2024-12-25,2024,Tamil Nadu,Madurai (TN-58),2W,Motorcycle,KTM,Petrol,BS6,150.0,2,0,44.68,95.74,0
KL-07-YY-2832,2022-02-02,2022,Kerala,Kochi (KL-07),2W,Scooter,Ather,EV,Not Applicable,0.0,2,2,44.63,96.69,0
RJ-27-ZY-2849,2023-09-30,2023,Rajasthan,Udaipur (RJ-27),3W,Tempo,Bajaj,Diesel,BS6,250.0,4,1,85.19,100.0,0
PB-02-AZ-2866,2019-04-02,2019,Punjab,Amritsar (PB-02),4W,SUV,Mahindra,Diesel,BS4,1498.0,5,5,28.17,87.32,0
KA-09-BZ-2883,2020-09-23,2020,Karnataka,Mysore (KA-09),2W,Moped,TVS,EV,Not Applicable,0.0,2,4,49.39,91.46,0
GJ-03-CZ-2900,2022-11-28,2022,Gujarat,Rajkot (GJ-03),HCV,Bus,BharatBenz,Diesel,BS6,3760.0,32,2,0.0,100.0,0
DL-01-DZ-2917,2021-06-25,2021,Delhi,Delhi Central (DL-01),2W,Scooter,Ather,EV,Not Applicable,0.0,2,3,39.39,90.3,0
WB-39-EZ-2934,2022-03-29,2022,West Bengal,Asansol (WB-39),4W,MUV,MG,Petrol,BS6,1498.0,7,2,23.66,84.95,0
WB-40-FZ-2951,2021-11-13,2021,West Bengal,Durgapur (WB-40),OTH,Tractor,TAFE,Diesel,BS6,4998.0,2,3,0.0,100.0,0
GJ-05-GZ-2968,2020-06-11,2020,Gujarat,Surat (GJ-05),OTH,Tractor,TAFE,Diesel,BS6,5329.0,2,4,0.0,100.0,0
WB-40-HZ-2985,2018-06-26,2018,West Bengal,Durgapur (WB-40),2W,Scooter,Ather,EV,Not Applicable,0.0,2,6,39.16,92.31,0
RJ-27-IZ-3002,2019-07-27,2019,Rajasthan,Udaipur (RJ-27),4W,Sedan,Renault,Petrol,BS4,2179.0,5,5,26.0,89.0,0
WB-40-JZ-3019,2021-06-01,2021,West Bengal,Durgapur (WB-40),2W,Scooter,Ather,EV,Not Applicable,0.0,2,3,39.16,92.31,0
GJ-18-KZ-3036,2019-01-21,2019,Gujarat,Gandhinagar (GJ-18),4W,MUV,Toyota,EV,Not Applicable,0.0,5,5,35.37,95.12,0
GJ-01-LZ-3053,2019-11-08,2019,Gujarat,Ahmedabad (GJ-01),2W,Motorcycle,KTM,Petrol,BS4,150.0,2,5,41.43,92.86,0
PB-11-MZ-3070,2019-12-13,2019,Punjab,Patiala (PB-11),2W,Scooter,Bajaj,Petrol,BS4,110.0,2,5,41.51,90.57,0
TS-01-NZ-3087,2022-12-08,2022,Telangana,Karimnagar (TS-01),2W,Scooter,Ola Electric,EV,Not Applicable,0.0,2,2,40.8,92.8,0
UP-78-OZ-3104,2021-06-26,2021,Uttar Pradesh,Kanpur (UP-78),4W,MUV,Toyota,Diesel,BS6,1598.0,7,3,19.75,88.89,0
WB-39-PZ-3121,2024-05-27,2024,West Bengal,Asansol (WB-39),2W,Motorcycle,KTM,Petrol,BS6,93.2,2,0,39.16,92.31,0
KL-08-QZ-3138,2022-04-18,2022,Kerala,Thrissur (KL-08),4W,MUV,Tata Motors,CNG,BS6,1498.0,7,2,24.55,90.0,0
TS-05-RZ-3155,2018-05-21,2018,Telangana,Nizamabad (TS-05),2W,Moped,Suzuki,Petrol,BS4,99.2,2,6,40.8,92.8,0
TN-45-SZ-3172,2020-05-28,2020,Tamil Nadu,Trichy (TN-45),3W,Tempo,Piaggio,CNG,BS6,225.0,4,4,82.14,96.43,0
GJ-18-TZ-3189,2018-03-20,2018,Gujarat,Gandhinagar (GJ-18),2W,Motorcycle,KTM,Petrol,BS4,111.5,2,6,41.43,92.86,0
GJ-03-UZ-3206,2020-11-26,2020,Gujarat,Rajkot (GJ-03),2W,Motorcycle,Royal Enfield,Petrol,BS6,107.1,2,4,41.43,92.86,0
MH-01-VZ-3223,2023-09-04,2023,Maharashtra,Mumbai Central (MH-01),4W,SUV,Hyundai,CNG,BS6,1968.0,7,1,28.89,91.11,0
MP-20-WZ-3240,2023-05-13,2023,Madhya Pradesh,Jabalpur (MP-20),OTH,Tractor,John Deere,Diesel,BS6,4998.0,2,1,0.0,75.0,0
MH-12-XZ-3257,2020-07-03,2020,Maharashtra,Pune (MH-12),2W,Scooter,TVS,Petrol,BS6,105.1,2,4,50.93,95.37,0
MP-07-YZ-3274,2024-04-09,2024,Madhya Pradesh,Gwalior (MP-07),2W,Scooter,Ather,EV,Not Applicable,0.0,2,0,40.43,85.11,0
KA-22-ZZ-3291,2023-12-18,2023,Karnataka,Belgaum (KA-22),4W,SUV,Toyota,EV,Not Applicable,0.0,5,1,25.89,89.29,0
TS-07-AA-3308,2022-09-06,2022,Telangana,Khammam (TS-07),2W,Motorcycle,Hero,Petrol,BS6,250.0,2,2,40.8,92.8,0
RJ-19-BA-3325,2023-11-11,2023,Rajasthan,Jodhpur (RJ-19),2W,Scooter,Ather,EV,Not Applicable,0.0,2,1,48.41,92.86,0
TS-07-CA-3342,2024-03-08,2024,Telangana,Khammam (TS-07),4W,Hatchback,Honda,Diesel,BS6,800.0,5,0,25.47,92.45,0
RJ-20-DA-3359,2022-03-30,2022,Rajasthan,Kota (RJ-20),4W,SUV,MG,CNG,BS6,1498.0,5,2,26.0,89.0,0
KL-01-EA-3376,2020-04-17,2020,Kerala,Thiruvananthapuram (KL-01),2W,Moped,TVS,Petrol,BS6,87.8,2,4,44.63,96.69,0
KA-19-FA-3393,2023-08-09,2023,Karnataka,Mangalore (KA-19),4W,Hatchback,Hyundai,Petrol,BS6,800.0,5,1,25.89,89.29,0
KA-01-GA-3410,2024-02-03,2024,Karnataka,Bangalore Central (KA-01),4W,SUV,MG,Petrol,BS6,1498.0,5,0,25.89,89.29,0
KA-01-HA-3427,2020-01-15,2020,Karnataka,Bangalore Central (KA-01),HCV,Bus,Eicher,Diesel,BS4,3760.0,32,4,0.0,96.15,1
KL-11-IA-3444,2024-11-09,2024,Kerala,Kozhikode (KL-11),HCV,Trailer,Volvo,Diesel,BS6,4998.0,2,0,0.0,84.0,0
CH-01-JA-3461,2020-05-25,2020,Chandigarh,Chandigarh (CH-01),2W,Moped,Hero,EV,Not Applicable,0.0,2,4,40.62,90.62,0
TS-09-KA-3478,2024-07-06,2024,Telangana,Hyderabad (TS-09),OTH,Tractor,TAFE,Diesel,BS6,4998.0,2,0,0.0,75.0,0
WB-01-LA-3495,2020-07-27,2020,West Bengal,Kolkata (WB-01),2W,Scooter,Suzuki,Petrol,BS6,110.0,2,4,39.16,92.31,0
RJ-14-MA-3512,2023-05-29,2023,Rajasthan,Jaipur (RJ-14),3W,Tempo,Piaggio,Diesel,BS6,200.0,4,1,85.19,100.0,0
RJ-27-NA-3529,2023-08-16,2023,Rajasthan,Udaipur (RJ-27),2W,Motorcycle,KTM,EV,Not Applicable,0.0,2,1,48.41,92.86,0
TS-01-OA-3546,2024-12-13,2024,Telangana,Karimnagar (TS-01),2W,Scooter,Bajaj,Petrol,BS6,200.0,2,0,40.8,92.8,0
TN-01-PA-3563,2022-12-13,2022,Tamil Nadu,Chennai Central (TN-01),OTH,Crane,Mahindra,Diesel,BS6,3760.0,2,2,0.0,83.33,0
TN-30-QA-3580,2024-02-03,2024,Tamil Nadu,Salem (TN-30),2W,Scooter,Honda,Petrol,BS6,99.3,2,0,44.68,95.74,0
DL-08-RA-3597,2023-09-13,2023,Delhi,Delhi West (DL-08),2W,Scooter,Honda,Petrol,BS6,160.0,2,1,39.39,90.3,0
KL-02-SA-3614,2023-09-06,2023,Kerala,Kollam (KL-02),4W,MUV,Toyota,Diesel,BS6,1480.0,7,1,24.55,90.0,0
TN-30-TA-3631,2020-01-16,2020,Tamil Nadu,Salem (TN-30),2W,Motorcycle,KTM,EV,Not Applicable,0.0,2,4,44.68,95.74,0
KL-01-UA-3648,2021-06-17,2021,Kerala,Thiruvananthapuram (KL-01),LCV,Pickup Van,Tata Motors,Diesel,BS6,2956.0,2,3,32.35,94.12,0
PB-11-VA-3665,2022-04-14,2022,Punjab,Patiala (PB-11),2W,Scooter,Ather,EV,Not Applicable,0.0,2,2,41.51,90.57,0
MP-20-WA-3682,2023-10-07,2023,Madhya Pradesh,Jabalpur (MP-20),3W,E-Rickshaw,Atul Auto,EV,Not Applicable,0.0,4,1,79.31,89.66,0
UP-32-XA-3699,2022-04-01,2022,Uttar Pradesh,Lucknow (UP-32),2W,Scooter,Suzuki,EV,Not Applicable,0.0,2,2,47.06,91.91,0
MP-07-YA-3716,2019-07-19,2019,Madhya Pradesh,Gwalior (MP-07),LCV,Mini Truck,Force Motors,Diesel,BS4,2956.0,2,5,37.5,83.33,0
PB-08-ZA-3733,2024-01-29,2024,Punjab,Jalandhar (PB-08),4W,MUV,MG,CNG,BS6,1968.0,7,0,28.17,87.32,0
WB-39-AB-3750,2024-02-01,2024,West Bengal,Asansol (WB-39),OTH,Tractor,John Deere,Diesel,BS6,3760.0,2,0,0.0,100.0,0
MH-12-BB-3767,2023-06-24,2023,Maharashtra,Pune (MH-12),LCV,Pickup Van,Eicher,Diesel,BS6,2956.0,2,1,22.58,90.32,0
UP-80-CB-3784,2023-05-01,2023,Uttar Pradesh,Agra (UP-80),OTH,Tractor,John Deere,Diesel,BS6,5660.0,2,1,0.0,75.0,0
KA-01-DB-3801,2018-01-20,2018,Karnataka,Bangalore Central (KA-01),LCV,Mini Truck,Ashok Leyland,Diesel,BS4,2956.0,2,6,26.92,88.46,0
UP-70-EB-3818,2023-01-12,2023,Uttar Pradesh,Allahabad (UP-70),3W,E-Rickshaw,TVS,EV,Not Applicable,0.0,4,1,85.71,85.71,0
PB-08-FB-3835,2023-06-22,2023,Punjab,Jalandhar (PB-08),2W,Motorcycle,KTM,Petrol,BS6,350.0,2,1,41.51,90.57,0
TS-05-GB-3852,2020-02-08,2020,Telangana,Nizamabad (TS-05),2W,Scooter,Yamaha,EV,Not Applicable,0.0,2,4,40.8,92.8,0
DL-08-HB-3869,2023-02-17,2023,Delhi,Delhi West (DL-08),2W,Scooter,Ola Electric,EV,Not Applicable,0.0,2,1,39.39,90.3,0
KA-22-IB-3886,2022-06-27,2022,Karnataka,Belgaum (KA-22),2W,Motorcycle,Ola Electric,EV,Not Applicable,0.0,2,2,49.39,91.46,0
MP-07-JB-3903,2022-08-01,2022,Madhya Pradesh,Gwalior (MP-07),3W,E-Rickshaw,Mahindra,EV,Not Applicable,0.0,4,2,79.31,89.66,0
PB-11-KB-3920,2023-04-06,2023,Punjab,Patiala (PB-11),3W,Tempo,Piaggio,CNG,BS6,225.0,4,1,76.0,92.0,0
MP-20-LB-3937,2024-10-16,2024,Madhya Pradesh,Jabalpur (MP-20),2W,Scooter,Ather,EV,Not Applicable,0.0,2,0,40.43,85.11,0
TS-03-MB-3954,2023-06-03,2023,Telangana,Warangal (TS-03),2W,Motorcycle,Bajaj,Petrol,BS6,250.0,2,1,40.8,92.8,0
UP-80-NB-3971,2021-11-27,2021,Uttar Pradesh,Agra (UP-80),LCV,Mini Truck,Mahindra,Diesel,BS6,2956.0,2,3,35.0,90.0,0
MP-13-OB-3988,2020-06-08,2020,Madhya Pradesh,Ujjain (MP-13),2W,Motorcycle,Honda,Petrol,BS6,350.0,2,4,40.43,85.11,0
WB-39-PB-4005,2020-01-15,2020,West Bengal,Asansol (WB-39),OTH,Crane,Mahindra,Diesel,BS4,5660.0,2,4,0.0,100.0,1
MP-13-QB-4022,2018-06-11,2018,Madhya Pradesh,Ujjain (MP-13),2W,Motorcycle,KTM,Petrol,BS4,150.0,2,6,40.43,85.11,0
GJ-01-RB-4039,2023-07-24,2023,Gujarat,Ahmedabad (GJ-01),LCV,Pickup Van,Ashok Leyland,CNG,BS6,2956.0,2,1,53.33,73.33,0
KA-22-SB-4056,2023-09-26,2023,Karnataka,Belgaum (KA-22),4W,Hatchback,Renault,EV,Not Applicable,0.0,5,1,25.89,89.29,0
KA-09-TB-4073,2023-05-01,2023,Karnataka,Mysore (KA-09),4W,SUV,Toyota,CNG,BS6,1968.0,7,1,25.89,89.29,0
TN-01-UB-4090,2020-01-29,2020,Tamil Nadu,Chennai Central (TN-01),2W,Motorcycle,KTM,Petrol,BS4,124.3,2,4,44.68,95.74,1
TS-05-VB-4107,2022-05-07,2022,Telangana,Nizamabad (TS-05),4W,Hatchback,Toyota,Diesel,BS6,1498.0,5,2,25.47,92.45,0
RJ-27-WB-4124,2024-01-18,2024,Rajasthan,Udaipur (RJ-27),4W,SUV,Maruti Suzuki,Petrol,BS6,1509.5,7,0,26.0,89.0,0
GJ-18-XB-4141,2019-08-15,2019,Gujarat,Gandhinagar (GJ-18),2W,Moped,Yamaha,Petrol,BS4,84.8,2,5,41.43,92.86,0
MH-15-YB-4158,2024-04-30,2024,Maharashtra,Nashik (MH-15),HCV,Trailer,Volvo,Diesel,BS6,5660.0,2,0,0.0,84.62,0
TN-30-ZB-4175,2024-09-09,2024,Tamil Nadu,Salem (TN-30),4W,MUV,Maruti Suzuki,Petrol,BS6,2179.0,7,0,26.26,91.92,0
RJ-27-AC-4192,2021-06-30,2021,Rajasthan,Udaipur (RJ-27),LCV,Mini Truck,Mahindra,CNG,BS6,3298.0,2,3,40.91,72.73,0
KL-02-BC-4209,2018-04-05,2018,Kerala,Kollam (KL-02),4W,MUV,Maruti Suzuki,Hybrid,BS4,2179.0,7,6,24.55,90.0,0
MH-15-CC-4226,2019-05-08,2019,Maharashtra,Nashik (MH-15),2W,Scooter,Yamaha,EV,Not Applicable,0.0,2,5,50.93,95.37,0
KL-07-DC-4243,2022-03-10,2022,Kerala,Kochi (KL-07),LCV,Light Bus,Force Motors,Diesel,BS6,3298.0,15,2,32.35,94.12,0
MP-13-EC-4260,2021-07-21,2021,Madhya Pradesh,Ujjain (MP-13),4W,SUV,Mahindra,Petrol,BS6,1968.0,7,3,28.28,85.86,0
MH-01-FC-4277,2020-03-27,2020,Maharashtra,Mumbai Central (MH-01),HCV,Bus,Tata Motors,Diesel,BS4,3760.0,45,4,0.0,84.62,1
PB-08-GC-4294,2020-03-02,2020,Punjab,Jalandhar (PB-08),4W,Sedan,Hyundai,Diesel,BS4,800.0,5,4,28.17,87.32,1
WB-73-HC-4311,2024-05-27,2024,West Bengal,Siliguri (WB-73),2W,Scooter,Bajaj,Petrol,BS6,103.7,2,0,39.16,92.31,0
UP-78-IC-4328,2024-12-12,2024,Uttar Pradesh,Kanpur (UP-78),2W,Motorcycle,Ola Electric,EV,Not Applicable,0.0,2,0,47.06,91.91,0
UP-78-JC-4345,2024-11-12,2024,Uttar Pradesh,Kanpur (UP-78),2W,Motorcycle,Hero,Petrol,BS6,350.0,2,0,47.06,91.91,0
DL-08-KC-4362,2022-12-21,2022,Delhi,Delhi West (DL-08),4W,SUV,Hyundai,Petrol,BS6,1968.0,7,2,22.58,88.17,0
KL-08-LC-4379,2022-06-20,2022,Kerala,Thrissur (KL-08),4W,SUV,Hyundai,Petrol,BS6,1462.0,7,2,24.55,90.0,0
RJ-01-MC-4396,2022-06-04,2022,Rajasthan,Ajmer (RJ-01),HCV,Truck,Tata Motors,Diesel,BS6,6700.0,2,2,6.67,86.67,0
TN-45-NC-4413,2022-08-29,2022,Tamil Nadu,Trichy (TN-45),2W,Motorcycle,Royal Enfield,Petrol,BS6,125.0,2,2,44.68,95.74,0
KA-25-OC-4430,2019-03-07,2019,Karnataka,Hubli (KA-25),4W,MUV,Tata Motors,Petrol,BS4,2179.0,7,5,25.89,89.29,0
KL-11-PC-4447,2023-09-22,2023,Kerala,Kozhikode (KL-11),HCV,Trailer,Volvo,Diesel,BS6,5660.0,2,1,0.0,84.0,0
TN-58-QC-4464,2024-11-21,2024,Tamil Nadu,Madurai (TN-58),4W,MUV,Tata Motors,CNG,BS6,2179.0,5,0,26.26,91.92,0
DL-02-RC-4481,2021-08-28,2021,Delhi,Delhi East (DL-02),2W,Motorcycle,Hero,EV,Not Applicable,0.0,2,3,39.39,90.3,0
KA-19-SC-4498,2022-03-17,2022,Karnataka,Mangalore (KA-19),2W,Scooter,Ather,EV,Not Applicable,0.0,2,2,49.39,91.46,0
RJ-14-TC-4515,2023-10-16,2023,Rajasthan,Jaipur (RJ-14),2W,Scooter,TVS,Petrol,BS6,160.0,2,1,48.41,92.86,0
DL-09-UC-4532,2022-02-09,2022,Delhi,Delhi South (DL-09),OTH,Tractor,Escorts,Diesel,BS6,4998.0,2,2,0.0,100.0,0
MP-04-VC-4549,2024-07-20,2024,Madhya Pradesh,Bhopal (MP-04),LCV,Mini Truck,Ashok Leyland,CNG,BS6,3298.0,2,0,37.5,83.33,0
KA-25-WC-4566,2023-11-18,2023,Karnataka,Hubli (KA-25),2W,Motorcycle,KTM,Petrol,BS6,160.0,2,1,49.39,91.46,0
CH-01-XC-4583,2021-10-19,2021,Chandigarh,Chandigarh (CH-01),2W,Motorcycle,Ola Electric,EV,Not Applicable,0.0,2,3,40.62,90.62,0
DL-01-YC-4600,2023-11-06,2023,Delhi,Delhi Central (DL-01),4W,SUV,Toyota,Petrol,BS6,1968.0,5,1,22.58,88.17,0
UP-80-ZC-4617,2024-07-17,2024,Uttar Pradesh,Agra (UP-80),2W,Scooter,Honda,Petrol,BS6,250.0,2,0,47.06,91.91,0
GJ-05-AD-4634,2023-12-18,2023,Gujarat,Surat (GJ-05),2W,Scooter,Suzuki,Petrol,BS6,160.0,2,1,41.43,92.86,0
TN-58-BD-4651,2022-09-01,2022,Tamil Nadu,Madurai (TN-58),4W,SUV,Renault,Petrol,BS6,1498.0,7,2,26.26,91.92,0
KA-19-CD-4668,2022-09-20,2022,Karnataka,Mangalore (KA-19),4W,Sedan,Honda,Petrol,BS6,1510.6,5,2,25.89,89.29,0
MP-09-DD-4685,2023-02-13,2023,Madhya Pradesh,Indore (MP-09),4W,SUV,MG,Diesel,BS6,1498.0,5,1,28.28,85.86,0
UP-32-ED-4702,2024-06-03,2024,Uttar Pradesh,Lucknow (UP-32),LCV,Pickup Van,Ashok Leyland,Diesel,BS6,2956.0,2,0,35.0,90.0,0
UP-80-FD-4719,2019-07-31,2019,Uttar Pradesh,Agra (UP-80),4W,Hatchback,Maruti Suzuki,Diesel,BS4,1000.0,5,5,19.75,88.89,0
MP-13-GD-4736,2019-01-09,2019,Madhya Pradesh,Ujjain (MP-13),4W,SUV,Kia,CNG,BS4,1000.0,7,5,28.28,85.86,0
TN-37-HD-4753,2024-06-10,2024,Tamil Nadu,Coimbatore (TN-37),LCV,Mini Truck,Tata Motors,Diesel,BS6,2956.0,2,0,40.0,92.0,0
WB-39-ID-4770,2020-11-05,2020,West Bengal,Asansol (WB-39),4W,SUV,Tata Motors,Petrol,BS6,1498.0,5,4,23.66,84.95,0
UP-70-JD-4787,2020-08-24,2020,Uttar Pradesh,Allahabad (UP-70),2W,Scooter,Honda,Petrol,BS6,250.0,2,4,47.06,91.91,0
MP-13-KD-4804,2021-12-20,2021,Madhya Pradesh,Ujjain (MP-13),4W,SUV,Skoda,CNG,BS6,1968.0,7,3,28.28,85.86,0
KA-09-LD-4821,2023-01-14,2023,Karnataka,Mysore (KA-09),2W,Motorcycle,Honda,Petrol,BS6,150.0,2,1,49.39,91.46,0
WB-13-MD-4838,2019-08-26,2019,West Bengal,Howrah (WB-13),4W,MUV,Renault,Petrol,BS4,1197.0,7,5,23.66,84.95,0
UP-32-ND-4855,2022-10-27,2022,Uttar Pradesh,Lucknow (UP-32),2W,Motorcycle,KTM,EV,Not Applicable,0.0,2,2,47.06,91.91,0
DL-08-OD-4872,2018-08-10,2018,Delhi,Delhi West (DL-08),4W,MUV,Maruti Suzuki,Diesel,BS4,1968.0,7,6,22.58,88.17,0
KL-02-PD-4889,2021-10-30,2021,Kerala,Kollam (KL-02),4W,SUV,Maruti Suzuki,Diesel,BS6,2179.0,7,3,24.55,90.0,0
KL-01-QD-4906,2022-11-28,2022,Kerala,Thiruvananthapuram (KL-01),3W,E-Rickshaw,Atul Auto,EV,Not Applicable,0.0,4,2,84.38,93.75,0
KA-19-RD-4923,2022-05-28,2022,Karnataka,Mangalore (KA-19),4W,SUV,MG,EV,Not Applicable,0.0,7,2,25.89,89.29,0
RJ-27-SD-4940,2021-12-03,2021,Rajasthan,Udaipur (RJ-27),2W,Motorcycle,Ola Electric,EV,Not Applicable,0.0,2,3,48.41,92.86,0
TN-58-TD-4957,2023-08-30,2023,Tamil Nadu,Madurai (TN-58),4W,MUV,Honda,Petrol,BS6,1506.1,7,1,26.26,91.92,0
GJ-01-UD-4974,2020-02-21,2020,Gujarat,Ahmedabad (GJ-01),4W,Sedan,Tata Motors,Petrol,BS4,1968.0,5,4,35.37,95.12,1
GJ-05-VD-4991,2024-12-12,2024,Gujarat,Surat (GJ-05),2W,Motorcycle,Hero,Petrol,BS6,125.0,2,0,41.43,92.86,0
TN-45-WD-5008,2019-03-04,2019,Tamil Nadu,Trichy (TN-45),2W,Motorcycle,Yamaha,EV,Not Applicable,0.0,2,5,44.68,95.74,0
DL-04-XD-5025,2018-05-17,2018,Delhi,Delhi North (DL-04),2W,Scooter,Yamaha,Petrol,BS4,125.0,2,6,39.39,90.3,0
KL-02-YD-5042,2023-02-27,2023,Kerala,Kollam (KL-02),4W,Hatchback,Maruti Suzuki,Diesel,BS6,1000.0,5,1,24.55,90.0,0
TS-09-ZD-5059,2024-03-21,2024,Telangana,Hyderabad (TS-09),3W,Auto Rickshaw,Kinetic Green,EV,Not Applicable,0.0,4,0,81.25,100.0,0
WB-39-AE-5076,2021-03-04,2021,West Bengal,Asansol (WB-39),3W,Auto Rickshaw,Piaggio,EV,Not Applicable,0.0,4,3,85.0,100.0,0
UP-32-BE-5093,2022-05-17,2022,Uttar Pradesh,Lucknow (UP-32),2W,Scooter,Yamaha,Petrol,BS6,200.0,2,2,47.06,91.91,0
KL-08-CE-5110,2023-08-04,2023,Kerala,Thrissur (KL-08),2W,Scooter,Bajaj,Petrol,BS6,111.7,2,1,44.63,96.69,0
TN-30-DE-5127,2023-01-16,2023,Tamil Nadu,Salem (TN-30),2W,Motorcycle,KTM,EV,Not Applicable,0.0,2,1,44.68,95.74,0
TN-01-EE-5144,2021-03-26,2021,Tamil Nadu,Chennai Central (TN-01),4W,Hatchback,Hyundai,Diesel,BS6,1968.0,5,3,26.26,91.92,0
UP-32-FE-5161,2024-12-04,2024,Uttar Pradesh,Lucknow (UP-32),4W,Sedan,Skoda,Petrol,BS6,1462.0,5,0,19.75,88.89,0
UP-65-GE-5178,2023-06-26,2023,Uttar Pradesh,Varanasi (UP-65),LCV,Light Bus,Eicher,Diesel,BS6,2523.0,12,1,35.0,90.0,0
TS-07-HE-5195,2020-11-16,2020,Telangana,Khammam (TS-07),HCV,Tanker,BharatBenz,Diesel,BS6,4998.0,2,4,7.14,92.86,0
KL-11-IE-5212,2020-02-13,2020,Kerala,Kozhikode (KL-11),LCV,Light Bus,Force Motors,EV,Not Applicable,0.0,15,4,32.35,94.12,0
RJ-27-JE-5229,2021-09-20,2021,Rajasthan,Udaipur (RJ-27),4W,Sedan,Renault,Diesel,BS6,1462.0,5,3,26.0,89.0,0
TS-05-KE-5246,2024-10-30,2024,Telangana,Nizamabad (TS-05),4W,Sedan,Maruti Suzuki,Petrol,BS6,1498.0,5,0,25.47,92.45,0
GJ-03-LE-5263,2020-06-30,2020,Gujarat,Rajkot (GJ-03),OTH,Tractor,Mahindra,Diesel,BS6,3760.0,2,4,0.0,100.0,0
MP-04-ME-5280,2021-10-25,2021,Madhya Pradesh,Bhopal (MP-04),2W,Moped,Hero,EV,Not Applicable,0.0,2,3,40.43,85.11,0
KL-02-NE-5297,2021-10-21,2021,Kerala,Kollam (KL-02),LCV,Mini Truck,Ashok Leyland,Diesel,BS6,2956.0,2,3,32.35,94.12,0
UP-70-OE-5314,2022-07-04,2022,Uttar Pradesh,Allahabad (UP-70),4W,Hatchback,Toyota,Diesel,BS6,2179.0,5,2,19.75,88.89,0
TN-30-PE-5331,2022-09-01,2022,Tamil Nadu,Salem (TN-30),4W,Hatchback,Hyundai,Petrol,BS6,1462.0,5,2,26.26,91.92,0
KA-25-QE-5348,2022-05-16,2022,Karnataka,Hubli (KA-25),4W,SUV,Skoda,CNG,BS6,2179.0,7,2,25.89,89.29,0
WB-73-RE-5365,2022-12-31,2022,West Bengal,Siliguri (WB-73),4W,MUV,Tata Motors,Petrol,BS6,2179.0,7,2,23.66,84.95,0
KL-02-SE-5382,2022-03-22,2022,Kerala,Kollam (KL-02),LCV,Mini Truck,Mahindra,Diesel,BS6,3298.0,2,2,32.35,94.12,0
PB-08-TE-5399,2022-03-02,2022,Punjab,Jalandhar (PB-08),2W,Scooter,Ola Electric,EV,Not Applicable,0.0,2,2,41.51,90.57,0
GJ-06-UE-5416,2020-08-03,2020,Gujarat,Vadodara (GJ-06),2W,Scooter,Hero,Petrol,BS6,100.0,2,4,41.43,92.86,0
GJ-06-VE-5433,2019-02-04,2019,Gujarat,Vadodara (GJ-06),2W,Motorcycle,KTM,Petrol,BS4,100.0,2,5,41.43,92.86,0
UP-65-WE-5450,2022-11-07,2022,Uttar Pradesh,Varanasi (UP-65),4W,MUV,Toyota,Diesel,BS6,1197.0,7,2,19.75,88.89,0
TS-01-XE-5467,2021-12-07,2021,Telangana,Karimnagar (TS-01),4W,MUV,Tata Motors,Hybrid,BS6,1968.0,7,3,25.47,92.45,0
DL-04-YE-5484,2021-03-26,2021,Delhi,Delhi North (DL-04),2W,Motorcycle,KTM,Petrol,BS6,100.0,2,3,39.39,90.3,0
PB-02-ZE-5501,2020-10-05,2020,Punjab,Amritsar (PB-02),4W,Hatchback,Renault,Petrol,BS6,800.0,5,4,28.17,87.32,0
WB-39-AF-5518,2024-04-15,2024,West Bengal,Asansol (WB-39),LCV,Mini Truck,Eicher,Diesel,BS6,2956.0,2,0,39.13,86.96,0
PB-08-BF-5535,2021-09-09,2021,Punjab,Jalandhar (PB-08),2W,Scooter,Ola Electric,EV,Not Applicable,0.0,2,3,41.51,90.57,0
RJ-27-CF-5552,2021-03-01,2021,Rajasthan,Udaipur (RJ-27),2W,Scooter,Ather,EV,Not Applicable,0.0,2,3,48.41,92.86,0
TS-03-DF-5569,2019-07-29,2019,Telangana,Warangal (TS-03),2W,Motorcycle,Royal Enfield,Petrol,BS4,125.0,2,5,40.8,92.8,0
MH-20-EF-5586,2018-02-20,2018,Maharashtra,Aurangabad (MH-20),HCV,Bus,Tata Motors,Diesel,BS4,5660.0,32,6,0.0,84.62,0
UP-80-FF-5603,2020-10-27,2020,Uttar Pradesh,Agra (UP-80),2W,Motorcycle,Hero,Petrol,BS6,150.0,2,4,47.06,91.91,0
WB-39-GF-5620,2019-10-11,2019,West Bengal,Asansol (WB-39),4W,SUV,Hyundai,Petrol,BS4,1968.0,5,5,23.66,84.95,0
WB-01-HF-5637,2022-12-12,2022,West Bengal,Kolkata (WB-01),2W,Motorcycle,Hero,Petrol,BS6,110.0,2,2,39.16,92.31,0
DL-09-IF-5654,2021-11-22,2021,Delhi,Delhi South (DL-09),4W,SUV,Kia,CNG,BS6,1498.0,5,3,22.58,88.17,0
TN-58-JF-5671,2024-08-19,2024,Tamil Nadu,Madurai (TN-58),4W,SUV,Mahindra,Diesel,BS6,800.0,5,0,26.26,91.92,0
WB-39-KF-5688,2024-05-20,2024,West Bengal,Asansol (WB-39),2W,Motorcycle,Hero,Petrol,BS6,150.0,2,0,39.16,92.31,0
GJ-03-LF-5705,2024-01-24,2024,Gujarat,Rajkot (GJ-03),OTH,Tractor,TAFE,Diesel,BS6,4998.0,2,0,0.0,100.0,0
CH-01-MF-5722,2023-08-10,2023,Chandigarh,Chandigarh (CH-01),2W,Scooter,Honda,Petrol,BS6,150.0,2,1,40.62,90.62,0
PB-11-NF-5739,2023-12-29,2023,Punjab,Patiala (PB-11),HCV,Trailer,MAN,Diesel,BS6,6700.0,2,1,0.0,68.0,0
DL-08-OF-5756,2022-03-10,2022,Delhi,Delhi West (DL-08),2W,Scooter,Ola Electric,EV,Not Applicable,0.0,2,2,39.39,90.3,0
PB-08-PF-5773,2022-12-27,2022,Punjab,Jalandhar (PB-08),2W,Motorcycle,TVS,Petrol,BS6,350.0,2,2,41.51,90.57,0
UP-70-QF-5790,2018-08-16,2018,Uttar Pradesh,Allahabad (UP-70),2W,Scooter,Honda,EV,Not Applicable,0.0,2,6,47.06,91.91,0
RJ-27-RF-5807,2023-01-05,2023,Rajasthan,Udaipur (RJ-27),4W,SUV,Honda,Petrol,BS6,1000.0,7,1,26.0,89.0,0
RJ-19-SF-5824,2021-07-03,2021,Rajasthan,Jodhpur (RJ-19),2W,Motorcycle,Hero,Petrol,BS6,150.0,2,3,48.41,92.86,0
KA-22-TF-5841,2024-05-23,2024,Karnataka,Belgaum (KA-22),4W,SUV,Mahindra,Diesel,BS6,2179.0,5,0,25.89,89.29,0
MH-12-UF-5858,2024-09-13,2024,Maharashtra,Pune (MH-12),OTH,Tractor,Sonalika,Diesel,BS6,6700.0,2,0,0.0,71.43,0
TS-03-VF-5875,2019-03-07,2019,Telangana,Warangal (TS-03),4W,Sedan,Hyundai,CNG,BS4,1498.0,5,5,25.47,92.45,0
TS-05-WF-5892,2023-05-10,2023,Telangana,Nizamabad (TS-05),2W,Moped,Hero,Petrol,BS6,87.6,2,1,40.8,92.8,0
WB-01-XF-5909,2024-05-20,2024,West Bengal,Kolkata (WB-01),HCV,Truck,Volvo,Diesel,BS6,3760.0,2,0,0.0,91.67,0
WB-73-YF-5926,2021-09-30,2021,West Bengal,Siliguri (WB-73),2W,Motorcycle,Bajaj,Petrol,BS6,350.0,2,3,39.16,92.31,0
RJ-14-ZF-5943,2023-04-26,2023,Rajasthan,Jaipur (RJ-14),2W,Scooter,Honda,EV,Not Applicable,0.0,2,1,48.41,92.86,0
KA-09-AG-5960,2023-01-16,2023,Karnataka,Mysore (KA-09),2W,Motorcycle,Royal Enfield,Petrol,BS6,97.1,2,1,49.39,91.46,0
UP-32-BG-5977,2019-06-24,2019,Uttar Pradesh,Lucknow (UP-32),4W,SUV,Kia,Petrol,BS4,800.0,7,5,19.75,88.89,0
TS-03-CG-5994,2022-02-14,2022,Telangana,Warangal (TS-03),HCV,Tanker,Tata Motors,Diesel,BS6,3760.0,2,2,7.14,92.86,0
UP-80-DG-6011,2019-01-29,2019,Uttar Pradesh,Agra (UP-80),LCV,Light Bus,Tata Motors,Diesel,BS4,3298.0,15,5,35.0,90.0,0
MP-20-EG-6028,2018-07-25,2018,Madhya Pradesh,Jabalpur (MP-20),2W,Moped,Hero,EV,Not Applicable,0.0,2,6,40.43,85.11,0
PB-08-FG-6045,2022-08-08,2022,Punjab,Jalandhar (PB-08),2W,Scooter,Ola Electric,EV,Not Applicable,0.0,2,2,41.51,90.57,0
CH-01-GG-6062,2022-04-09,2022,Chandigarh,Chandigarh (CH-01),2W,Moped,Hero,EV,Not Applicable,0.0,2,2,40.62,90.62,0
KA-01-HG-6079,2024-11-22,2024,Karnataka,Bangalore Central (KA-01),4W,Hatchback,Skoda,Petrol,BS6,1498.0,5,0,25.89,89.29,0
RJ-27-IG-6096,2020-01-31,2020,Rajasthan,Udaipur (RJ-27),3W,Tempo,Mahindra,CNG,BS4,225.0,4,4,85.19,100.0,1
PB-08-JG-6113,2022-03-16,2022,Punjab,Jalandhar (PB-08),3W,Tempo,TVS,CNG,BS6,225.0,4,2,76.0,92.0,0
GJ-18-KG-6130,2022-03-16,2022,Gujarat,Gandhinagar (GJ-18),2W,Scooter,Hero,EV,Not Applicable,0.0,2,2,41.43,92.86,0
DL-09-LG-6147,2020-11-23,2020,Delhi,Delhi South (DL-09),4W,Hatchback,Honda,Diesel,BS6,1462.0,5,4,22.58,88.17,0
RJ-19-MG-6164,2021-10-18,2021,Rajasthan,Jodhpur (RJ-19),4W,SUV,Skoda,EV,Not Applicable,0.0,7,3,26.0,89.0,0
UP-80-NG-6181,2020-11-23,2020,Uttar Pradesh,Agra (UP-80),2W,Scooter,Hero,EV,Not Applicable,0.0,2,4,47.06,91.91,0
KL-07-OG-6198,2023-07-12,2023,Kerala,Kochi (KL-07),3W,Auto Rickshaw,Piaggio,Diesel,BS6,225.0,4,1,84.38,93.75,0
TN-01-PG-6215,2022-05-30,2022,Tamil Nadu,Chennai Central (TN-01),2W,Motorcycle,Yamaha,Petrol,BS6,350.0,2,2,44.68,95.74,0
DL-09-QG-6232,2020-03-30,2020,Delhi,Delhi South (DL-09),HCV,Trailer,Tata Motors,Diesel,BS4,4998.0,2,4,0.0,68.75,1
KL-07-RG-6249,2020-05-14,2020,Kerala,Kochi (KL-07),2W,Moped,Bajaj,Petrol,BS6,85.9,2,4,44.63,96.69,0
MH-12-SG-6266,2021-07-09,2021,Maharashtra,Pune (MH-12),2W,Motorcycle,Yamaha,Petrol,BS6,200.0,2,3,50.93,95.37,0
MP-09-TG-6283,2019-04-08,2019,Madhya Pradesh,Indore (MP-09),HCV,Tanker,MAN,Diesel,BS4,4998.0,2,5,4.76,85.71,0
UP-80-UG-6300,2023-04-07,2023,Uttar Pradesh,Agra (UP-80),2W,Scooter,Bajaj,Petrol,BS6,97.4,2,1,47.06,91.91,0
GJ-05-VG-6317,2024-09-07,2024,Gujarat,Surat (GJ-05),2W,Motorcycle,Royal Enfield,Petrol,BS6,150.0,2,0,41.43,92.86,0
KL-01-WG-6334,2021-09-18,2021,Kerala,Thiruvananthapuram (KL-01),4W,Hatchback,Tata Motors,Diesel,BS6,1598.0,5,3,24.55,90.0,0
TS-01-XG-6351,2023-09-11,2023,Telangana,Karimnagar (TS-01),2W,Moped,Yamaha,EV,Not Applicable,0.0,2,1,40.8,92.8,0
GJ-18-YG-6368,2020-08-19,2020,Gujarat,Gandhinagar (GJ-18),2W,Moped,Hero,Petrol,BS6,96.6,2,4,41.43,92.86,0
UP-78-ZG-6385,2024-05-10,2024,Uttar Pradesh,Kanpur (UP-78),2W,Scooter,Ola Electric,EV,Not Applicable,0.0,2,0,47.06,91.91,0
KA-09-AH-6402,2021-01-22,2021,Karnataka,Mysore (KA-09),4W,SUV,MG,Diesel,BS6,2179.0,7,3,25.89,89.29,0
UP-65-BH-6419,2021-01-13,2021,Uttar Pradesh,Varanasi (UP-65),3W,E-Rickshaw,TVS,EV,Not Applicable,0.0,4,3,85.71,85.71,0
DL-08-CH-6436,2024-10-07,2024,Delhi,Delhi West (DL-08),4W,SUV,Hyundai,Petrol,BS6,1000.0,7,0,22.58,88.17,0
DL-01-DH-6453,2020-12-11,2020,Delhi,Delhi Central (DL-01),2W,Scooter,Hero,EV,Not Applicable,0.0,2,4,39.39,90.3,0
GJ-06-EH-6470,2022-10-06,2022,Gujarat,Vadodara (GJ-06),4W,SUV,Mahindra,EV,Not Applicable,0.0,5,2,35.37,95.12,0
GJ-06-FH-6487,2023-08-30,2023,Gujarat,Vadodara (GJ-06),4W,MUV,Honda,CNG,BS6,1498.0,7,1,35.37,95.12,0
UP-78-GH-6504,2020-10-09,2020,Uttar Pradesh,Kanpur (UP-78),2W,Moped,Bajaj,EV,Not Applicable,0.0,2,4,47.06,91.91,0
KL-08-HH-6521,2022-08-02,2022,Kerala,Thrissur (KL-08),2W,Motorcycle,Yamaha,Petrol,BS6,150.0,2,2,44.63,96.69,0
WB-73-IH-6538,2022-06-06,2022,West Bengal,Siliguri (WB-73),LCV,Mini Truck,Ashok Leyland,Diesel,BS6,2523.0,2,2,39.13,86.96,0
MP-07-JH-6555,2023-12-20,2023,Madhya Pradesh,Gwalior (MP-07),2W,Scooter,Suzuki,Petrol,BS6,105.4,2,1,40.43,85.11,0
GJ-06-KH-6572,2024-10-17,2024,Gujarat,Vadodara (GJ-06),4W,Hatchback,Tata Motors,Petrol,BS6,1968.0,5,0,35.37,95.12,0
DL-04-LH-6589,2019-08-20,2019,Delhi,Delhi North (DL-04),2W,Scooter,Bajaj,EV,Not Applicable,0.0,2,5,39.39,90.3,0
KA-09-MH-6606,2023-09-08,2023,Karnataka,Mysore (KA-09),2W,Moped,TVS,Petrol,BS6,100.0,2,1,49.39,91.46,0
TN-37-NH-6623,2020-09-25,2020,Tamil Nadu,Coimbatore (TN-37),2W,Motorcycle,Royal Enfield,Petrol,BS6,110.0,2,4,44.68,95.74,0
WB-01-OH-6640,2024-07-19,2024,West Bengal,Kolkata (WB-01),2W,Motorcycle,TVS,Petrol,BS6,125.0,2,0,39.16,92.31,0
KA-09-PH-6657,2024-03-07,2024,Karnataka,Mysore (KA-09),4W,SUV,Hyundai,Diesel,BS6,1462.0,7,0,25.89,89.29,0
UP-65-QH-6674,2020-12-16,2020,Uttar Pradesh,Varanasi (UP-65),2W,Motorcycle,Royal Enfield,EV,Not Applicable,0.0,2,4,47.06,91.91,0
GJ-05-RH-6691,2023-05-08,2023,Gujarat,Surat (GJ-05),2W,Motorcycle,KTM,Petrol,BS6,400.0,2,1,41.43,92.86,0
RJ-01-SH-6708,2018-05-28,2018,Rajasthan,Ajmer (RJ-01),LCV,Pickup Van,Force Motors,CNG,BS4,3298.0,2,6,40.91,72.73,0
KL-11-TH-6725,2020-08-10,2020,Kerala,Kozhikode (KL-11),2W,Motorcycle,Suzuki,Petrol,BS6,350.0,2,4,44.63,96.69,0
UP-78-UH-6742,2024-03-21,2024,Uttar Pradesh,Kanpur (UP-78),4W,Hatchback,Honda,Petrol,BS6,1191.7,5,0,19.75,88.89,0
MP-04-VH-6759,2024-03-04,2024,Madhya Pradesh,Bhopal (MP-04),4W,SUV,MG,Diesel,BS6,1598.0,5,0,28.28,85.86,0
KA-22-WH-6776,2020-09-16,2020,Karnataka,Belgaum (KA-22),4W,SUV,Honda,Diesel,BS6,800.0,7,4,25.89,89.29,0
MH-01-XH-6793,2023-07-24,2023,Maharashtra,Mumbai Central (MH-01),4W,MUV,Honda,Diesel,BS6,800.0,5,1,28.89,91.11,0
GJ-01-YH-6810,2023-08-25,2023,Gujarat,Ahmedabad (GJ-01),4W,Sedan,Toyota,EV,Not Applicable,0.0,5,1,35.37,95.12,0
TS-03-ZH-6827,2023-03-29,2023,Telangana,Warangal (TS-03),4W,MUV,Tata Motors,Diesel,BS6,800.0,5,1,25.47,92.45,0
TN-58-AI-6844,2019-01-07,2019,Tamil Nadu,Madurai (TN-58),2W,Scooter,Suzuki,Petrol,BS4,107.2,2,5,44.68,95.74,0
TN-30-BI-6861,2022-12-23,2022,Tamil Nadu,Salem (TN-30),2W,Motorcycle,Hero,Petrol,BS6,100.0,2,2,44.68,95.74,0
MP-13-CI-6878,2021-11-03,2021,Madhya Pradesh,Ujjain (MP-13),4W,Hatchback,Honda,Petrol,BS6,1196.4,5,3,28.28,85.86,0
UP-78-DI-6895,2019-01-15,2019,Uttar Pradesh,Kanpur (UP-78),HCV,Trailer,Ashok Leyland,Diesel,BS4,3760.0,2,5,0.0,85.71,0
DL-01-EI-6912,2020-09-19,2020,Delhi,Delhi Central (DL-01),2W,Motorcycle,TVS,Petrol,BS6,110.0,2,4,39.39,90.3,0
RJ-20-FI-6929,2024-08-07,2024,Rajasthan,Kota (RJ-20),4W,Sedan,Skoda,Petrol,BS6,1000.0,5,0,26.0,89.0,0
DL-01-GI-6946,2023-07-19,2023,Delhi,Delhi Central (DL-01),2W,Motorcycle,Hero,Petrol,BS6,150.0,2,1,39.39,90.3,0
WB-13-HI-6963,2022-07-30,2022,West Bengal,Howrah (WB-13),2W,Scooter,Ola Electric,EV,Not Applicable,0.0,2,2,39.16,92.31,0
PB-08-II-6980,2020-11-03,2020,Punjab,Jalandhar (PB-08),OTH,Tractor,Escorts,Diesel,BS6,5660.0,2,4,0.0,100.0,0
MP-09-JI-6997,2022-01-10,2022,Madhya Pradesh,Indore (MP-09),2W,Moped,Yamaha,Petrol,BS6,85.9,2,2,40.43,85.11,0
PB-08-KI-7014,2022-04-30,2022,Punjab,Jalandhar (PB-08),2W,Moped,Bajaj,EV,Not Applicable,0.0,2,2,41.51,90.57,0
CH-01-LI-7031,2020-01-31,2020,Chandigarh,Chandigarh (CH-01),2W,Scooter,Suzuki,Petrol,BS4,109.8,2,4,40.62,90.62,1
RJ-27-MI-7048,2023-11-03,2023,Rajasthan,Udaipur (RJ-27),2W,Motorcycle,Suzuki,Petrol,BS6,350.0,2,1,48.41,92.86,0
KL-11-NI-7065,2023-11-28,2023,Kerala,Kozhikode (KL-11),2W,Scooter,Hero,EV,Not Applicable,0.0,2,1,44.63,96.69,0
MH-12-OI-7082,2020-12-07,2020,Maharashtra,Pune (MH-12),LCV,Pickup Van,Ashok Leyland,Diesel,BS6,2956.0,2,4,22.58,90.32,0
KL-07-PI-7099,2020-01-04,2020,Kerala,Kochi (KL-07),4W,MUV,Renault,Diesel,BS4,1000.0,7,4,24.55,90.0,1
KA-09-QI-7116,2019-10-09,2019,Karnataka,Mysore (KA-09),2W,Motorcycle,Bajaj,Petrol,BS4,150.0,2,5,49.39,91.46,0
DL-09-RI-7133,2020-05-05,2020,Delhi,Delhi South (DL-09),2W,Motorcycle,KTM,Petrol,BS6,99.6,2,4,39.39,90.3,0
TN-45-SI-7150,2024-05-20,2024,Tamil Nadu,Trichy (TN-45),2W,Scooter,Ola Electric,EV,Not Applicable,0.0,2,0,44.68,95.74,0
KA-25-TI-7167,2022-08-10,2022,Karnataka,Hubli (KA-25),2W,Motorcycle,KTM,EV,Not Applicable,0.0,2,2,49.39,91.46,0
WB-01-UI-7184,2024-10-31,2024,West Bengal,Kolkata (WB-01),4W,SUV,Hyundai,Hybrid,BS6,1462.0,7,0,23.66,84.95,0
TS-03-VI-7201,2021-11-08,2021,Telangana,Warangal (TS-03),2W,Motorcycle,Royal Enfield,EV,Not Applicable,0.0,2,3,40.8,92.8,0
KA-25-WI-7218,2024-01-08,2024,Karnataka,Hubli (KA-25),2W,Scooter,Bajaj,Petrol,BS6,102.6,2,0,49.39,91.46,0
KL-11-XI-7235,2021-06-07,2021,Kerala,Kozhikode (KL-11),3W,E-Rickshaw,Mahindra,EV,Not Applicable,0.0,4,3,84.38,93.75,0
MH-01-YI-7252,2023-06-28,2023,Maharashtra,Mumbai Central (MH-01),2W,Scooter,TVS,Petrol,BS6,101.5,2,1,50.93,95.37,0
KL-08-ZI-7269,2021-05-07,2021,Kerala,Thrissur (KL-08),4W,SUV,Maruti Suzuki,Petrol,BS6,1506.0,7,3,24.55,90.0,0
MH-31-AJ-7286,2022-03-17,2022,Maharashtra,Nagpur (MH-31),4W,Hatchback,Tata Motors,Petrol,BS6,1498.0,5,2,28.89,91.11,0
PB-11-BJ-7303,2024-01-01,2024,Punjab,Patiala (PB-11),HCV,Bus,Tata Motors,Diesel,BS6,6700.0,45,0,0.0,68.0,0
KL-02-CJ-7320,2024-08-06,2024,Kerala,Kollam (KL-02),OTH,Tractor,Escorts,Diesel,BS6,5660.0,2,0,0.0,62.5,0
TS-07-DJ-7337,2023-02-15,2023,Telangana,Khammam (TS-07),4W,SUV,Skoda,Petrol,BS6,1000.0,7,1,25.47,92.45,0
TN-58-EJ-7354,2024-01-01,2024,Tamil Nadu,Madurai (TN-58),4W,MUV,Kia,Petrol,BS6,1000.0,5,0,26.26,91.92,0
KL-08-FJ-7371,2022-07-11,2022,Kerala,Thrissur (KL-08),3W,Tempo,TVS,Petrol,BS6,225.0,4,2,84.38,93.75,0
TN-37-GJ-7388,2022-04-06,2022,Tamil Nadu,Coimbatore (TN-37),3W,Tempo,Bajaj,Diesel,BS6,225.0,4,2,82.14,96.43,0
KL-07-HJ-7405,2022-02-25,2022,Kerala,Kochi (KL-07),4W,SUV,Kia,Diesel,BS6,1197.0,5,2,24.55,90.0,0
GJ-01-IJ-7422,2018-09-03,2018,Gujarat,Ahmedabad (GJ-01),2W,Scooter,Honda,Petrol,BS4,104.9,2,6,41.43,92.86,0
MP-04-JJ-7439,2022-02-19,2022,Madhya Pradesh,Bhopal (MP-04),2W,Scooter,Hero,Petrol,BS6,150.0,2,2,40.43,85.11,0
TS-09-KJ-7456,2022-11-07,2022,Telangana,Hyderabad (TS-09),2W,Motorcycle,Royal Enfield,EV,Not Applicable,0.0,2,2,40.8,92.8,0
RJ-20-LJ-7473,2024-07-23,2024,Rajasthan,Kota (RJ-20),4W,SUV,Toyota,Petrol,BS6,1968.0,5,0,26.0,89.0,0
RJ-20-MJ-7490,2021-01-14,2021,Rajasthan,Kota (RJ-20),4W,SUV,MG,EV,Not Applicable,0.0,5,3,26.0,89.0,0
KL-07-NJ-7507,2021-01-02,2021,Kerala,Kochi (KL-07),2W,Motorcycle,KTM,EV,Not Applicable,0.0,2,3,44.63,96.69,0
MH-31-OJ-7524,2022-09-06,2022,Maharashtra,Nagpur (MH-31),LCV,Light Bus,Ashok Leyland,CNG,BS6,2956.0,15,2,22.58,90.32,0
CH-01-PJ-7541,2021-04-10,2021,Chandigarh,Chandigarh (CH-01),2W,Scooter,Honda,Petrol,BS6,125.0,2,3,40.62,90.62,0
TS-07-QJ-7558,2023-12-11,2023,Telangana,Khammam (TS-07),4W,Hatchback,Tata Motors,Diesel,BS6,1498.0,5,1,25.47,92.45,0
TN-30-RJ-7575,2020-03-28,2020,Tamil Nadu,Salem (TN-30),HCV,Tanker,MAN,Diesel,BS4,3760.0,2,4,0.0,90.0,1
UP-32-SJ-7592,2021-05-12,2021,Uttar Pradesh,Lucknow (UP-32),2W,Scooter,Suzuki,Petrol,BS6,110.5,2,3,47.06,91.91,0
MP-04-TJ-7609,2021-10-22,2021,Madhya Pradesh,Bhopal (MP-04),4W,SUV,Hyundai,EV,Not Applicable,0.0,7,3,28.28,85.86,0
UP-65-UJ-7626,2020-02-14,2020,Uttar Pradesh,Varanasi (UP-65),4W,MUV,Mahindra,Petrol,BS4,1000.0,5,4,19.75,88.89,1
RJ-01-VJ-7643,2019-07-15,2019,Rajasthan,Ajmer (RJ-01),HCV,Truck,Eicher,Diesel,BS4,5660.0,2,5,6.67,86.67,0
GJ-01-WJ-7660,2021-12-14,2021,Gujarat,Ahmedabad (GJ-01),4W,Sedan,Honda,Diesel,BS6,1197.0,5,3,35.37,95.12,0
KA-19-XJ-7677,2023-04-24,2023,Karnataka,Mangalore (KA-19),2W,Scooter,Yamaha,Petrol,BS6,99.4,2,1,49.39,91.46,0
MP-20-YJ-7694,2023-01-18,2023,Madhya Pradesh,Jabalpur (MP-20),2W,Scooter,TVS,Petrol,BS6,150.0,2,1,40.43,85.11,0
RJ-20-ZJ-7711,2024-10-21,2024,Rajasthan,Kota (RJ-20),3W,Tempo,Bajaj,CNG,BS6,225.0,4,0,85.19,100.0,0
DL-04-AK-7728,2020-04-17,2020,Delhi,Delhi North (DL-04),2W,Scooter,Hero,Petrol,BS6,150.0,2,4,39.39,90.3,0
KL-01-BK-7745,2021-03-23,2021,Kerala,Thiruvananthapuram (KL-01),HCV,Bus,BharatBenz,Diesel,BS6,3760.0,52,3,0.0,84.0,0
UP-80-CK-7762,2021-09-28,2021,Uttar Pradesh,Agra (UP-80),2W,Scooter,Yamaha,Petrol,BS6,160.0,2,3,47.06,91.91,0
GJ-05-DK-7779,2021-01-28,2021,Gujarat,Surat (GJ-05),4W,SUV,Hyundai,Petrol,BS6,1498.0,7,3,35.37,95.12,0
MP-09-EK-7796,2024-04-22,2024,Madhya Pradesh,Indore (MP-09),4W,MUV,MG,Petrol,BS6,1462.0,5,0,28.28,85.86,0
RJ-01-FK-7813,2023-01-30,2023,Rajasthan,Ajmer (RJ-01),2W,Motorcycle,Suzuki,Petrol,BS6,110.0,2,1,48.41,92.86,0
RJ-27-GK-7830,2023-08-11,2023,Rajasthan,Udaipur (RJ-27),2W,Motorcycle,Honda,EV,Not Applicable,0.0,2,1,48.41,92.86,0
MP-20-HK-7847,2022-11-02,2022,Madhya Pradesh,Jabalpur (MP-20),2W,Motorcycle,Bajaj,Petrol,BS6,125.0,2,2,40.43,85.11,0
MP-20-IK-7864,2021-12-01,2021,Madhya Pradesh,Jabalpur (MP-20),4W,SUV,MG,EV,Not Applicable,0.0,5,3,28.28,85.86,0
MH-01-JK-7881,2023-04-26,2023,Maharashtra,Mumbai Central (MH-01),2W,Motorcycle,KTM,EV,Not Applicable,0.0,2,1,50.93,95.37,0
PB-11-KK-7898,2023-04-03,2023,Punjab,Patiala (PB-11),OTH,Tractor,John Deere,Diesel,BS6,6700.0,2,1,0.0,100.0,0
MP-20-LK-7915,2019-04-05,2019,Madhya Pradesh,Jabalpur (MP-20),2W,Motorcycle,Honda,Petrol,BS4,250.0,2,5,40.43,85.11,0
KL-01-MK-7932,2019-10-03,2019,Kerala,Thiruvananthapuram (KL-01),2W,Scooter,Ather,EV,Not Applicable,0.0,2,5,44.63,96.69,0
DL-01-NK-7949,2022-03-04,2022,Delhi,Delhi Central (DL-01),2W,Moped,TVS,Petrol,BS6,100.0,2,2,39.39,90.3,0
TN-45-OK-7966,2020-01-18,2020,Tamil Nadu,Trichy (TN-45),2W,Motorcycle,Honda,EV,Not Applicable,0.0,2,4,44.68,95.74,0
KA-22-PK-7983,2024-01-01,2024,Karnataka,Belgaum (KA-22),2W,Moped,TVS,Petrol,BS6,86.7,2,0,49.39,91.46,0
GJ-01-QK-8000,2022-09-09,2022,Gujarat,Ahmedabad (GJ-01),HCV,Trailer,MAN,Diesel,BS6,5660.0,2,2,0.0,100.0,0
RJ-01-RK-8017,2023-01-19,2023,Rajasthan,Ajmer (RJ-01),4W,Sedan,Hyundai,EV,Not Applicable,0.0,5,1,26.0,89.0,0
GJ-05-SK-8034,2021-11-15,2021,Gujarat,Surat (GJ-05),HCV,Bus,Eicher,Diesel,BS6,6700.0,32,3,0.0,100.0,0
TS-05-TK-8051,2022-12-13,2022,Telangana,Nizamabad (TS-05),2W,Moped,TVS,Petrol,BS6,95.4,2,2,40.8,92.8,0
KL-07-UK-8068,2023-07-10,2023,Kerala,Kochi (KL-07),4W,SUV,Kia,EV,Not Applicable,0.0,5,1,24.55,90.0,0
UP-78-VK-8085,2024-02-09,2024,Uttar Pradesh,Kanpur (UP-78),2W,Scooter,Suzuki,Petrol,BS6,160.0,2,0,47.06,91.91,0
KA-22-WK-8102,2021-07-05,2021,Karnataka,Belgaum (KA-22),2W,Scooter,Suzuki,Petrol,BS6,103.4,2,3,49.39,91.46,0
GJ-05-XK-8119,2019-07-13,2019,Gujarat,Surat (GJ-05),LCV,Mini Truck,Ashok Leyland,Diesel,BS4,2523.0,2,5,53.33,73.33,0
TN-45-YK-8136,2019-12-25,2019,Tamil Nadu,Trichy (TN-45),4W,SUV,Skoda,Diesel,BS4,1498.0,7,5,26.26,91.92,0
CH-01-ZK-8153,2021-12-14,2021,Chandigarh,Chandigarh (CH-01),LCV,Mini Truck,Ashok Leyland,EV,Not Applicable,0.0,2,3,60.0,100.0,0
PB-10-AL-8170,2020-03-14,2020,Punjab,Ludhiana (PB-10),2W,Scooter,Ather,EV,Not Applicable,0.0,2,4,41.51,90.57,0
PB-02-BL-8187,2023-11-08,2023,Punjab,Amritsar (PB-02),2W,Moped,Yamaha,Petrol,BS6,96.7,2,1,41.51,90.57,0
KL-08-CL-8204,2021-09-24,2021,Kerala,Thrissur (KL-08),2W,Motorcycle,KTM,EV,Not Applicable,0.0,2,3,44.63,96.69,0
GJ-01-DL-8221,2023-05-03,2023,Gujarat,Ahmedabad (GJ-01),HCV,Tanker,Volvo,Diesel,BS6,3760.0,2,1,0.0,100.0,0
CH-01-EL-8238,2023-08-07,2023,Chandigarh,Chandigarh (CH-01),2W,Scooter,Ather,EV,Not Applicable,0.0,2,1,40.62,90.62,0
KL-07-FL-8255,2024-03-04,2024,Kerala,Kochi (KL-07),3W,Tempo,Kinetic Green,EV,Not Applicable,0.0,4,0,84.38,93.75,0
PB-10-GL-8272,2023-06-26,2023,Punjab,Ludhiana (PB-10),HCV,Truck,MAN,Diesel,BS6,4998.0,2,1,0.0,68.0,0
MP-13-HL-8289,2024-09-25,2024,Madhya Pradesh,Ujjain (MP-13),2W,Scooter,TVS,Petrol,BS6,150.0,2,0,40.43,85.11,0
TN-01-IL-8306,2024-09-10,2024,Tamil Nadu,Chennai Central (TN-01),2W,Scooter,Ather,EV,Not Applicable,0.0,2,0,44.68,95.74,0
TN-58-JL-8323,2023-03-02,2023,Tamil Nadu,Madurai (TN-58),HCV,Trailer,MAN,Diesel,BS6,5660.0,2,1,0.0,90.0,0
WB-40-KL-8340,2022-11-25,2022,West Bengal,Durgapur (WB-40),2W,Motorcycle,Ola Electric,EV,Not Applicable,0.0,2,2,39.16,92.31,0
MH-15-LL-8357,2018-06-18,2018,Maharashtra,Nashik (MH-15),LCV,Pickup Van,Tata Motors,Diesel,BS4,3298.0,2,6,22.58,90.32,0
KA-01-ML-8374,2021-08-09,2021,Karnataka,Bangalore Central (KA-01),2W,Moped,TVS,Petrol,BS6,90.5,2,3,49.39,91.46,0
DL-01-NL-8391,2024-03-20,2024,Delhi,Delhi Central (DL-01),3W,Auto Rickshaw,Mahindra,CNG,BS6,250.0,4,0,89.47,94.74,0
WB-73-OL-8408,2022-02-25,2022,West Bengal,Siliguri (WB-73),2W,Scooter,Suzuki,Petrol,BS6,109.0,2,2,39.16,92.31,0
MP-20-PL-8425,2021-04-12,2021,Madhya Pradesh,Jabalpur (MP-20),2W,Scooter,Suzuki,Petrol,BS6,110.0,2,3,40.43,85.11,0
DL-08-QL-8442,2021-03-24,2021,Delhi,Delhi West (DL-08),2W,Scooter,Suzuki,Petrol,BS6,150.0,2,3,39.39,90.3,0
WB-40-RL-8459,2023-03-07,2023,West Bengal,Durgapur (WB-40),2W,Scooter,Ather,EV,Not Applicable,0.0,2,1,39.16,92.31,0
UP-70-SL-8476,2024-03-05,2024,Uttar Pradesh,Allahabad (UP-70),4W,MUV,Tata Motors,Petrol,BS6,1197.0,7,0,19.75,88.89,0
TS-09-TL-8493,2023-11-02,2023,Telangana,Hyderabad (TS-09),4W,Sedan,Maruti Suzuki,Petrol,BS6,1489.8,5,1,25.47,92.45,0
WB-40-UL-8510,2022-09-19,2022,West Bengal,Durgapur (WB-40),2W,Motorcycle,Suzuki,Petrol,BS6,125.0,2,2,39.16,92.31,0
DL-08-VL-8527,2023-08-31,2023,Delhi,Delhi West (DL-08),4W,SUV,Mahindra,EV,Not Applicable,0.0,7,1,22.58,88.17,0
DL-09-WL-8544,2019-05-21,2019,Delhi,Delhi South (DL-09),4W,SUV,Mahindra,Petrol,BS4,1462.0,5,5,22.58,88.17,0
UP-32-XL-8561,2021-12-25,2021,Uttar Pradesh,Lucknow (UP-32),4W,Hatchback,Maruti Suzuki,Diesel,BS6,1462.0,5,3,19.75,88.89,0
RJ-27-YL-8578,2018-05-18,2018,Rajasthan,Udaipur (RJ-27),3W,Tempo,Mahindra,EV,Not Applicable,0.0,4,6,85.19,100.0,0
RJ-27-ZL-8595,2018-06-14,2018,Rajasthan,Udaipur (RJ-27),2W,Motorcycle,TVS,Petrol,BS4,150.0,2,6,48.41,92.86,0
GJ-03-AM-8612,2020-07-06,2020,Gujarat,Rajkot (GJ-03),2W,Scooter,Honda,EV,Not Applicable,0.0,2,4,41.43,92.86,0
GJ-01-BM-8629,2024-07-03,2024,Gujarat,Ahmedabad (GJ-01),2W,Scooter,Ather,EV,Not Applicable,0.0,2,0,41.43,92.86,0
KL-02-CM-8646,2021-07-16,2021,Kerala,Kollam (KL-02),3W,E-Rickshaw,Piaggio,EV,Not Applicable,0.0,4,3,84.38,93.75,0
TN-45-DM-8663,2023-02-08,2023,Tamil Nadu,Trichy (TN-45),2W,Moped,Bajaj,Petrol,BS6,85.3,2,1,44.68,95.74,0
PB-02-EM-8680,2023-03-07,2023,Punjab,Amritsar (PB-02),2W,Scooter,Bajaj,EV,Not Applicable,0.0,2,1,41.51,90.57,0
UP-70-FM-8697,2023-08-12,2023,Uttar Pradesh,Allahabad (UP-70),4W,SUV,Toyota,Diesel,BS6,1000.0,7,1,19.75,88.89,0
UP-70-GM-8714,2021-05-29,2021,Uttar Pradesh,Allahabad (UP-70),HCV,Truck,Ashok Leyland,Diesel,BS6,3760.0,2,3,0.0,85.71,0
MH-12-HM-8731,2022-02-08,2022,Maharashtra,Pune (MH-12),4W,MUV,MG,EV,Not Applicable,0.0,7,2,28.89,91.11,0
TS-01-IM-8748,2021-01-02,2021,Telangana,Karimnagar (TS-01),4W,MUV,Honda,CNG,BS6,1197.0,7,3,25.47,92.45,0
CH-01-JM-8765,2023-05-13,2023,Chandigarh,Chandigarh (CH-01),LCV,Light Bus,Force Motors,Diesel,BS6,3298.0,15,1,60.0,100.0,0
GJ-06-KM-8782,2022-01-21,2022,Gujarat,Vadodara (GJ-06),4W,SUV,Mahindra,Petrol,BS6,1197.0,5,2,35.37,95.12,0
TN-58-LM-8799,2022-11-29,2022,Tamil Nadu,Madurai (TN-58),LCV,Mini Truck,Mahindra,Diesel,BS6,3298.0,2,2,40.0,92.0,0
PB-02-MM-8816,2023-11-10,2023,Punjab,Amritsar (PB-02),2W,Scooter,Ather,EV,Not Applicable,0.0,2,1,41.51,90.57,0
RJ-14-NM-8833,2023-04-01,2023,Rajasthan,Jaipur (RJ-14),4W,Hatchback,Toyota,Petrol,BS6,1498.0,5,1,26.0,89.0,0
TS-07-OM-8850,2020-11-20,2020,Telangana,Khammam (TS-07),2W,Moped,Suzuki,EV,Not Applicable,0.0,2,4,40.8,92.8,0
TS-03-PM-8867,2020-07-21,2020,Telangana,Warangal (TS-03),4W,Sedan,Toyota,Petrol,BS6,1197.0,5,4,25.47,92.45,0
DL-04-QM-8884,2020-03-31,2020,Delhi,Delhi North (DL-04),2W,Scooter,Honda,EV,Not Applicable,0.0,2,4,39.39,90.3,0
PB-08-RM-8901,2018-04-02,2018,Punjab,Jalandhar (PB-08),HCV,Bus,MAN,Diesel,BS4,6700.0,52,6,0.0,68.0,0
DL-01-SM-8918,2024-02-21,2024,Delhi,Delhi Central (DL-01),2W,Scooter,Bajaj,EV,Not Applicable,0.0,2,0,39.39,90.3,0
TN-01-TM-8935,2019-11-26,2019,Tamil Nadu,Chennai Central (TN-01),4W,MUV,Honda,Petrol,BS4,800.0,7,5,26.26,91.92,0
DL-01-UM-8952,2023-02-24,2023,Delhi,Delhi Central (DL-01),2W,Scooter,Ola Electric,EV,Not Applicable,0.0,2,1,39.39,90.3,0
KL-11-VM-8969,2022-08-16,2022,Kerala,Kozhikode (KL-11),LCV,Mini Truck,Mahindra,Diesel,BS6,2956.0,2,2,32.35,94.12,0
RJ-27-WM-8986,2021-03-05,2021,Rajasthan,Udaipur (RJ-27),2W,Scooter,Ather,EV,Not Applicable,0.0,2,3,48.41,92.86,0
MH-01-XM-9003,2020-01-13,2020,Maharashtra,Mumbai Central (MH-01),4W,Hatchback,Renault,Diesel,BS4,1462.0,5,4,28.89,91.11,1
UP-78-YM-9020,2021-02-27,2021,Uttar Pradesh,Kanpur (UP-78),2W,Scooter,Bajaj,Petrol,BS6,112.9,2,3,47.06,91.91,0
TN-01-ZM-9037,2022-07-04,2022,Tamil Nadu,Chennai Central (TN-01),2W,Scooter,Yamaha,Petrol,BS6,110.0,2,2,44.68,95.74,0
MH-20-AN-9054,2022-08-06,2022,Maharashtra,Aurangabad (MH-20),2W,Scooter,Ather,EV,Not Applicable,0.0,2,2,50.93,95.37,0
MP-07-BN-9071,2021-12-06,2021,Madhya Pradesh,Gwalior (MP-07),4W,SUV,Toyota,Petrol,BS6,1598.0,7,3,28.28,85.86,0
KL-01-CN-9088,2020-09-01,2020,Kerala,Thiruvananthapuram (KL-01),4W,Sedan,Tata Motors,Diesel,BS6,1000.0,5,4,24.55,90.0,0
PB-08-DN-9105,2021-04-05,2021,Punjab,Jalandhar (PB-08),HCV,Trailer,Ashok Leyland,Diesel,BS6,6700.0,2,3,0.0,68.0,0
RJ-27-EN-9122,2023-03-13,2023,Rajasthan,Udaipur (RJ-27),2W,Moped,Suzuki,EV,Not Applicable,0.0,2,1,48.41,92.86,0
UP-65-FN-9139,2023-02-13,2023,Uttar Pradesh,Varanasi (UP-65),4W,MUV,Renault,Diesel,BS6,1968.0,7,1,19.75,88.89,0
KL-01-GN-9156,2021-03-10,2021,Kerala,Thiruvananthapuram (KL-01),2W,Motorcycle,Bajaj,Petrol,BS6,110.0,2,3,44.63,96.69,0
MH-31-HN-9173,2020-08-03,2020,Maharashtra,Nagpur (MH-31),2W,Motorcycle,Royal Enfield,EV,Not Applicable,0.0,2,4,50.93,95.37,0
DL-02-IN-9190,2023-01-14,2023,Delhi,Delhi East (DL-02),2W,Motorcycle,Honda,Petrol,BS6,250.0,2,1,39.39,90.3,0
RJ-14-JN-9207,2024-03-16,2024,Rajasthan,Jaipur (RJ-14),4W,SUV,MG,CNG,BS6,1598.0,5,0,26.0,89.0,0
KA-09-KN-9224,2023-03-13,2023,Karnataka,Mysore (KA-09),2W,Scooter,Suzuki,Petrol,BS6,100.6,2,1,49.39,91.46,0
KL-11-LN-9241,2023-01-07,2023,Kerala,Kozhikode (KL-11),3W,Tempo,TVS,Diesel,BS6,250.0,4,1,84.38,93.75,0
TN-01-MN-9258,2020-01-06,2020,Tamil Nadu,Chennai Central (TN-01),LCV,Mini Truck,Eicher,EV,Not Applicable,0.0,2,4,40.0,92.0,0
MP-20-NN-9275,2021-08-05,2021,Madhya Pradesh,Jabalpur (MP-20),4W,SUV,Skoda,Diesel,BS6,1197.0,7,3,28.28,85.86,0
KA-22-ON-9292,2022-07-20,2022,Karnataka,Belgaum (KA-22),2W,Motorcycle,Bajaj,Petrol,BS6,125.0,2,2,49.39,91.46,0
KL-02-PN-9309,2021-07-27,2021,Kerala,Kollam (KL-02),4W,SUV,MG,Diesel,BS6,1968.0,5,3,24.55,90.0,0
MH-31-QN-9326,2019-11-05,2019,Maharashtra,Nagpur (MH-31),4W,SUV,Kia,Petrol,BS4,1598.0,5,5,28.89,91.11,0
DL-08-RN-9343,2022-06-08,2022,Delhi,Delhi West (DL-08),2W,Motorcycle,Honda,Petrol,BS6,150.0,2,2,39.39,90.3,0
TS-03-SN-9360,2019-10-17,2019,Telangana,Warangal (TS-03),4W,SUV,Mahindra,Petrol,BS4,800.0,5,5,25.47,92.45,0
MH-01-TN-9377,2023-09-14,2023,Maharashtra,Mumbai Central (MH-01),2W,Scooter,Hero,Petrol,BS6,150.0,2,1,50.93,95.37,0
RJ-27-UN-9394,2021-09-15,2021,Rajasthan,Udaipur (RJ-27),4W,Sedan,Hyundai,Diesel,BS6,1000.0,5,3,26.0,89.0,0
MH-20-VN-9411,2021-12-16,2021,Maharashtra,Aurangabad (MH-20),4W,SUV,Skoda,Petrol,BS6,2179.0,5,3,28.89,91.11,0
MP-04-WN-9428,2023-03-24,2023,Madhya Pradesh,Bhopal (MP-04),HCV,Bus,Ashok Leyland,Diesel,BS6,4998.0,52,1,4.76,85.71,0
KL-02-XN-9445,2021-11-16,2021,Kerala,Kollam (KL-02),4W,SUV,MG,Petrol,BS6,1968.0,5,3,24.55,90.0,0
KL-08-YN-9462,2024-11-18,2024,Kerala,Thrissur (KL-08),2W,Scooter,Ola Electric,EV,Not Applicable,0.0,2,0,44.63,96.69,0
KA-01-ZN-9479,2022-06-10,2022,Karnataka,Bangalore Central (KA-01),2W,Scooter,Ather,EV,Not Applicable,0.0,2,2,49.39,91.46,0
GJ-05-AO-9496,2019-12-30,2019,Gujarat,Surat (GJ-05),2W,Moped,Yamaha,Petrol,BS4,96.5,2,5,41.43,92.86,0
GJ-03-BO-9513,2024-01-22,2024,Gujarat,Rajkot (GJ-03),OTH,Tractor,TAFE,Diesel,BS6,5660.0,2,0,0.0,100.0,0
UP-65-CO-9530,2021-06-10,2021,Uttar Pradesh,Varanasi (UP-65),LCV,Light Bus,Mahindra,Diesel,BS6,3298.0,15,3,35.0,90.0,0
MP-20-DO-9547,2023-01-30,2023,Madhya Pradesh,Jabalpur (MP-20),3W,E-Rickshaw,Kinetic Green,EV,Not Applicable,0.0,4,1,79.31,89.66,0
TS-09-EO-9564,2020-02-07,2020,Telangana,Hyderabad (TS-09),2W,Motorcycle,Royal Enfield,Petrol,BS4,150.0,2,4,40.8,92.8,1
UP-65-FO-9581,2023-02-25,2023,Uttar Pradesh,Varanasi (UP-65),4W,SUV,MG,Diesel,BS6,1000.0,7,1,19.75,88.89,0
KL-01-GO-9598,2021-06-12,2021,Kerala,Thiruvananthapuram (KL-01),HCV,Tanker,BharatBenz,Diesel,BS6,5660.0,2,3,0.0,84.0,0
WB-13-HO-9615,2022-03-21,2022,West Bengal,Howrah (WB-13),4W,SUV,Hyundai,Petrol,BS6,2179.0,7,2,23.66,84.95,0
MP-09-IO-9632,2021-08-09,2021,Madhya Pradesh,Indore (MP-09),2W,Motorcycle,Ola Electric,EV,Not Applicable,0.0,2,3,40.43,85.11,0
DL-01-JO-9649,2020-02-12,2020,Delhi,Delhi Central (DL-01),2W,Motorcycle,Suzuki,Petrol,BS4,125.0,2,4,39.39,90.3,1
KA-25-KO-9666,2022-05-13,2022,Karnataka,Hubli (KA-25),2W,Motorcycle,KTM,Petrol,BS6,125.0,2,2,49.39,91.46,0
MH-01-LO-9683,2021-06-28,2021,Maharashtra,Mumbai Central (MH-01),LCV,Pickup Van,Ashok Leyland,EV,Not Applicable,0.0,2,3,22.58,90.32,0
WB-39-MO-9700,2024-07-18,2024,West Bengal,Asansol (WB-39),4W,Sedan,Honda,Diesel,BS6,800.0,5,0,23.66,84.95,0
KA-22-NO-9717,2020-03-16,2020,Karnataka,Belgaum (KA-22),4W,SUV,Toyota,Petrol,BS4,2179.0,7,4,25.89,89.29,1
KA-19-OO-9734,2024-11-20,2024,Karnataka,Mangalore (KA-19),2W,Moped,Hero,EV,Not Applicable,0.0,2,0,49.39,91.46,0
MP-13-PO-9751,2023-03-27,2023,Madhya Pradesh,Ujjain (MP-13),2W,Motorcycle,Bajaj,Petrol,BS6,150.0,2,1,40.43,85.11,0
UP-78-QO-9768,2021-01-09,2021,Uttar Pradesh,Kanpur (UP-78),2W,Motorcycle,Ola Electric,EV,Not Applicable,0.0,2,3,47.06,91.91,0
GJ-18-RO-9785,2024-07-29,2024,Gujarat,Gandhinagar (GJ-18),4W,SUV,MG,EV,Not Applicable,0.0,5,0,35.37,95.12,0
TS-01-SO-9802,2022-04-01,2022,Telangana,Karimnagar (TS-01),3W,E-Rickshaw,Bajaj,EV,Not Applicable,0.0,4,2,81.25,100.0,0
UP-65-TO-9819,2021-02-20,2021,Uttar Pradesh,Varanasi (UP-65),2W,Moped,Suzuki,EV,Not Applicable,0.0,2,3,47.06,91.91,0
KA-01-UO-9836,2023-10-06,2023,Karnataka,Bangalore Central (KA-01),4W,SUV,Hyundai,Diesel,BS6,1000.0,7,1,25.89,89.29,0
TS-07-VO-9853,2020-10-09,2020,Telangana,Khammam (TS-07),4W,SUV,Honda,Petrol,BS6,1968.0,5,4,25.47,92.45,0
DL-04-WO-9870,2024-12-26,2024,Delhi,Delhi North (DL-04),HCV,Trailer,BharatBenz,Diesel,BS6,6700.0,2,0,0.0,68.75,0
RJ-19-XO-9887,2021-12-11,2021,Rajasthan,Jodhpur (RJ-19),3W,E-Rickshaw,Kinetic Green,EV,Not Applicable,0.0,4,3,85.19,100.0,0
UP-32-YO-9904,2023-06-12,2023,Uttar Pradesh,Lucknow (UP-32),2W,Motorcycle,Yamaha,EV,Not Applicable,0.0,2,1,47.06,91.91,0
TN-45-ZO-9921,2020-07-20,2020,Tamil Nadu,Trichy (TN-45),OTH,Tractor,Escorts,Diesel,BS6,3760.0,2,4,0.0,83.33,0
UP-78-AP-9938,2021-09-22,2021,Uttar Pradesh,Kanpur (UP-78),HCV,Tanker,MAN,Diesel,BS6,4998.0,2,3,0.0,85.71,0
DL-01-BP-9955,2023-11-18,2023,Delhi,Delhi Central (DL-01),4W,Sedan,Renault,Petrol,BS6,1498.0,5,1,22.58,88.17,0
RJ-19-CP-9972,2023-03-20,2023,Rajasthan,Jodhpur (RJ-19),2W,Motorcycle,Suzuki,Petrol,BS6,100.0,2,1,48.41,92.86,0
PB-11-DP-9989,2018-03-08,2018,Punjab,Patiala (PB-11),HCV,Truck,Eicher,Diesel,BS4,6700.0,2,6,0.0,68.0,0
TN-37-EP-1006,2022-07-13,2022,Tamil Nadu,Coimbatore (TN-37),4W,SUV,Kia,Petrol,BS6,1498.0,5,2,26.26,91.92,0
GJ-01-FP-1023,2024-08-23,2024,Gujarat,Ahmedabad (GJ-01),HCV,Truck,MAN,Diesel,BS6,5660.0,2,0,0.0,100.0,0
KA-09-GP-1040,2022-04-18,2022,Karnataka,Mysore (KA-09),2W,Motorcycle,Honda,Petrol,BS6,250.0,2,2,49.39,91.46,0
KA-19-HP-1057,2024-04-17,2024,Karnataka,Mangalore (KA-19),4W,SUV,Hyundai,Diesel,BS6,1968.0,7,0,25.89,89.29,0
RJ-27-IP-1074,2024-10-17,2024,Rajasthan,Udaipur (RJ-27),4W,SUV,Kia,Petrol,BS6,800.0,5,0,26.0,89.0,0
RJ-20-JP-1091,2018-05-11,2018,Rajasthan,Kota (RJ-20),3W,Tempo,Atul Auto,EV,Not Applicable,0.0,4,6,85.19,100.0,0
CH-01-KP-1108,2019-01-16,2019,Chandigarh,Chandigarh (CH-01),4W,SUV,Mahindra,Diesel,BS4,1598.0,5,5,12.5,83.33,0
DL-01-LP-1125,2022-06-28,2022,Delhi,Delhi Central (DL-01),4W,SUV,Kia,Petrol,BS6,1462.0,5,2,22.58,88.17,0
WB-73-MP-1142,2020-05-23,2020,West Bengal,Siliguri (WB-73),2W,Scooter,Bajaj,Petrol,BS6,250.0,2,4,39.16,92.31,0
KA-22-NP-1159,2024-08-09,2024,Karnataka,Belgaum (KA-22),4W,SUV,Tata Motors,Petrol,BS6,2179.0,7,0,25.89,89.29,0
PB-02-OP-1176,2022-06-30,2022,Punjab,Amritsar (PB-02),4W,Hatchback,Skoda,Diesel,BS6,1598.0,5,2,28.17,87.32,0
WB-13-PP-1193,2021-11-27,2021,West Bengal,Howrah (WB-13),LCV,Light Bus,Ashok Leyland,CNG,BS6,3298.0,12,3,39.13,86.96,0
MH-01-QP-1210,2021-04-21,2021,Maharashtra,Mumbai Central (MH-01),2W,Scooter,Suzuki,Petrol,BS6,200.0,2,3,50.93,95.37,0
RJ-19-RP-1227,2023-06-19,2023,Rajasthan,Jodhpur (RJ-19),4W,Hatchback,Maruti Suzuki,Diesel,BS6,1462.0,5,1,26.0,89.0,0
PB-02-SP-1244,2021-09-27,2021,Punjab,Amritsar (PB-02),LCV,Light Bus,Tata Motors,Diesel,BS6,2956.0,15,3,22.22,88.89,0
TS-05-TP-1261,2022-08-11,2022,Telangana,Nizamabad (TS-05),4W,Hatchback,Skoda,EV,Not Applicable,0.0,5,2,25.47,92.45,0
DL-02-UP-1278,2024-03-02,2024,Delhi,Delhi East (DL-02),2W,Motorcycle,KTM,Petrol,BS6,110.0,2,0,39.39,90.3,0
WB-13-VP-1295,2018-11-26,2018,West Bengal,Howrah (WB-13),4W,MUV,Mahindra,CNG,BS4,800.0,7,6,23.66,84.95,0
GJ-05-WP-1312,2024-06-21,2024,Gujarat,Surat (GJ-05),LCV,Pickup Van,Tata Motors,Diesel,BS6,2523.0,2,0,53.33,73.33,0
WB-01-XP-1329,2021-07-24,2021,West Bengal,Kolkata (WB-01),4W,MUV,Kia,Petrol,BS6,1000.0,7,3,23.66,84.95,0
WB-39-YP-1346,2024-07-10,2024,West Bengal,Asansol (WB-39),2W,Motorcycle,KTM,EV,Not Applicable,0.0,2,0,39.16,92.31,0
KA-01-ZP-1363,2024-08-12,2024,Karnataka,Bangalore Central (KA-01),2W,Motorcycle,TVS,Petrol,BS6,150.0,2,0,49.39,91.46,0
TN-01-AQ-1380,2024-05-13,2024,Tamil Nadu,Chennai Central (TN-01),2W,Scooter,Ather,EV,Not Applicable,0.0,2,0,44.68,95.74,0
KA-01-BQ-1397,2023-05-19,2023,Karnataka,Bangalore Central (KA-01),HCV,Truck,Volvo,Diesel,BS6,4998.0,2,1,0.0,96.15,0
PB-08-CQ-1414,2022-11-23,2022,Punjab,Jalandhar (PB-08),2W,Scooter,TVS,Petrol,BS6,120.5,2,2,41.51,90.57,0
MP-04-DQ-1431,2023-06-14,2023,Madhya Pradesh,Bhopal (MP-04),3W,Auto Rickshaw,Atul Auto,Diesel,BS6,225.0,4,1,79.31,89.66,0
KA-25-EQ-1448,2023-12-04,2023,Karnataka,Hubli (KA-25),4W,Hatchback,Toyota,CNG,BS6,1462.0,5,1,25.89,89.29,0
KA-19-FQ-1465,2023-09-07,2023,Karnataka,Mangalore (KA-19),2W,Motorcycle,Bajaj,EV,Not Applicable,0.0,2,1,49.39,91.46,0
RJ-19-GQ-1482,2022-09-16,2022,Rajasthan,Jodhpur (RJ-19),4W,SUV,Kia,EV,Not Applicable,0.0,7,2,26.0,89.0,0
DL-08-HQ-1499,2022-04-06,2022,Delhi,Delhi West (DL-08),2W,Scooter,Ola Electric,EV,Not Applicable,0.0,2,2,39.39,90.3,0
GJ-03-IQ-1516,2022-02-24,2022,Gujarat,Rajkot (GJ-03),2W,Scooter,Ola Electric,EV,Not Applicable,0.0,2,2,41.43,92.86,0
DL-01-JQ-1533,2022-08-20,2022,Delhi,Delhi Central (DL-01),LCV,Mini Truck,Ashok Leyland,Diesel,BS6,3298.0,2,2,30.77,92.31,0
KA-22-KQ-1550,2021-09-18,2021,Karnataka,Belgaum (KA-22),2W,Scooter,Bajaj,Petrol,BS6,200.0,2,3,49.39,91.46,0
MH-15-LQ-1567,2021-04-10,2021,Maharashtra,Nashik (MH-15),2W,Motorcycle,Hero,EV,Not Applicable,0.0,2,3,50.93,95.37,0
DL-04-MQ-1584,2022-02-25,2022,Delhi,Delhi North (DL-04),2W,Scooter,Ather,EV,Not Applicable,0.0,2,2,39.39,90.3,0
MP-09-NQ-1601,2024-05-16,2024,Madhya Pradesh,Indore (MP-09),HCV,Bus,Tata Motors,Diesel,BS6,4998.0,32,0,4.76,85.71,0
TS-09-OQ-1618,2021-12-21,2021,Telangana,Hyderabad (TS-09),2W,Scooter,Suzuki,Petrol,BS6,104.4,2,3,40.8,92.8,0
WB-13-PQ-1635,2021-05-28,2021,West Bengal,Howrah (WB-13),2W,Motorcycle,Yamaha,EV,Not Applicable,0.0,2,3,39.16,92.31,0
KA-09-QQ-1652,2023-05-03,2023,Karnataka,Mysore (KA-09),3W,Tempo,Atul Auto,Diesel,BS6,225.0,4,1,68.42,94.74,0
MP-04-RQ-1669,2024-08-30,2024,Madhya Pradesh,Bhopal (MP-04),2W,Motorcycle,KTM,Petrol,BS6,250.0,2,0,40.43,85.11,0
RJ-14-SQ-1686,2023-11-01,2023,Rajasthan,Jaipur (RJ-14),2W,Scooter,Honda,Petrol,BS6,200.0,2,1,48.41,92.86,0
WB-39-TQ-1703,2018-10-18,2018,West Bengal,Asansol (WB-39),2W,Motorcycle,KTM,Petrol,BS4,160.0,2,6,39.16,92.31,0
DL-09-UQ-1720,2021-06-21,2021,Delhi,Delhi South (DL-09),3W,Auto Rickshaw,Bajaj,CNG,BS6,225.0,4,3,89.47,94.74,0
KL-11-VQ-1737,2021-06-30,2021,Kerala,Kozhikode (KL-11),OTH,Tractor,Sonalika,Diesel,BS6,5660.0,2,3,0.0,62.5,0
TS-07-WQ-1754,2023-03-17,2023,Telangana,Khammam (TS-07),3W,E-Rickshaw,Kinetic Green,EV,Not Applicable,0.0,4,1,81.25,100.0,0
MP-09-XQ-1771,2023-07-04,2023,Madhya Pradesh,Indore (MP-09),2W,Motorcycle,Bajaj,EV,Not Applicable,0.0,2,1,40.43,85.11,0
KL-01-YQ-1788,2024-10-05,2024,Kerala,Thiruvananthapuram (KL-01),2W,Scooter,Honda,Petrol,BS6,122.2,2,0,44.63,96.69,0
TS-03-ZQ-1805,2021-05-22,2021,Telangana,Warangal (TS-03),2W,Moped,Yamaha,Petrol,BS6,92.0,2,3,40.8,92.8,0
DL-01-AR-1822,2022-10-18,2022,Delhi,Delhi Central (DL-01),4W,SUV,Skoda,Petrol,BS6,1598.0,7,2,22.58,88.17,0
KA-01-BR-1839,2023-05-29,2023,Karnataka,Bangalore Central (KA-01),3W,Tempo,Piaggio,Diesel,BS6,225.0,4,1,68.42,94.74,0
WB-40-CR-1856,2018-10-31,2018,West Bengal,Durgapur (WB-40),2W,Scooter,Hero,EV,Not Applicable,0.0,2,6,39.16,92.31,0
MH-15-DR-1873,2023-05-09,2023,Maharashtra,Nashik (MH-15),2W,Scooter,Yamaha,EV,Not Applicable,0.0,2,1,50.93,95.37,0
RJ-20-ER-1890,2021-04-12,2021,Rajasthan,Kota (RJ-20),4W,Sedan,Hyundai,EV,Not Applicable,0.0,5,3,26.0,89.0,0
GJ-05-FR-1907,2023-07-24,2023,Gujarat,Surat (GJ-05),2W,Scooter,Bajaj,Petrol,BS6,110.0,2,1,41.43,92.86,0
GJ-06-GR-1924,2023-10-24,2023,Gujarat,Vadodara (GJ-06),4W,Sedan,Skoda,Diesel,BS6,1197.0,5,1,35.37,95.12,0
GJ-05-HR-1941,2019-11-18,2019,Gujarat,Surat (GJ-05),2W,Motorcycle,Royal Enfield,Petrol,BS4,350.0,2,5,41.43,92.86,0
TS-03-IR-1958,2022-06-10,2022,Telangana,Warangal (TS-03),2W,Scooter,Honda,Petrol,BS6,114.0,2,2,40.8,92.8,0
MP-07-JR-1975,2024-01-15,2024,Madhya Pradesh,Gwalior (MP-07),3W,E-Rickshaw,Mahindra,EV,Not Applicable,0.0,4,0,79.31,89.66,0
KA-09-KR-1992,2022-11-14,2022,Karnataka,Mysore (KA-09),4W,SUV,Mahindra,CNG,BS6,1462.0,7,2,25.89,89.29,0
MH-15-LR-2009,2023-08-24,2023,Maharashtra,Nashik (MH-15),2W,Moped,Hero,EV,Not Applicable,0.0,2,1,50.93,95.37,0
KA-01-MR-2026,2022-10-17,2022,Karnataka,Bangalore Central (KA-01),2W,Scooter,Honda,Petrol,BS6,87.2,2,2,49.39,91.46,0
KL-11-NR-2043,2022-01-28,2022,Kerala,Kozhikode (KL-11),LCV,Mini Truck,Eicher,CNG,BS6,2956.0,2,2,32.35,94.12,0
TN-45-OR-2060,2024-03-20,2024,Tamil Nadu,Trichy (TN-45),4W,MUV,Tata Motors,Petrol,BS6,1498.0,7,0,26.26,91.92,0
KL-01-PR-2077,2018-03-03,2018,Kerala,Thiruvananthapuram (KL-01),4W,Sedan,Hyundai,Petrol,BS4,1462.0,5,6,24.55,90.0,0
DL-02-QR-2094,2021-06-03,2021,Delhi,Delhi East (DL-02),2W,Scooter,Ather,EV,Not Applicable,0.0,2,3,39.39,90.3,0
WB-13-RR-2111,2022-11-12,2022,West Bengal,Howrah (WB-13),4W,SUV,Skoda,EV,Not Applicable,0.0,7,2,23.66,84.95,0
TN-01-SR-2128,2022-10-07,2022,Tamil Nadu,Chennai Central (TN-01),2W,Moped,Bajaj,Petrol,BS6,99.1,2,2,44.68,95.74,0
WB-73-TR-2145,2022-05-21,2022,West Bengal,Siliguri (WB-73),2W,Scooter,Honda,EV,Not Applicable,0.0,2,2,39.16,92.31,0
UP-32-UR-2162,2021-10-16,2021,Uttar Pradesh,Lucknow (UP-32),3W,E-Rickshaw,Piaggio,EV,Not Applicable,0.0,4,3,85.71,85.71,0
PB-02-VR-2179,2022-03-14,2022,Punjab,Amritsar (PB-02),2W,Scooter,Ola Electric,EV,Not Applicable,0.0,2,2,41.51,90.57,0
KL-08-WR-2196,2024-04-17,2024,Kerala,Thrissur (KL-08),2W,Motorcycle,Yamaha,EV,Not Applicable,0.0,2,0,44.63,96.69,0
KL-02-XR-2213,2020-10-15,2020,Kerala,Kollam (KL-02),2W,Motorcycle,TVS,EV,Not Applicable,0.0,2,4,44.63,96.69,0
WB-13-YR-2230,2019-09-05,2019,West Bengal,Howrah (WB-13),2W,Motorcycle,Royal Enfield,Petrol,BS4,105.0,2,5,39.16,92.31,0
WB-39-ZR-2247,2021-06-28,2021,West Bengal,Asansol (WB-39),4W,SUV,Tata Motors,EV,Not Applicable,0.0,5,3,23.66,84.95,0
MH-01-AS-2264,2023-12-14,2023,Maharashtra,Mumbai Central (MH-01),LCV,Mini Truck,Mahindra,Diesel,BS6,2956.0,2,1,22.58,90.32,0
DL-02-BS-2281,2024-02-01,2024,Delhi,Delhi East (DL-02),2W,Motorcycle,Suzuki,Petrol,BS6,160.0,2,0,39.39,90.3,0
GJ-01-CS-2298,2023-11-20,2023,Gujarat,Ahmedabad (GJ-01),2W,Scooter,Honda,EV,Not Applicable,0.0,2,1,41.43,92.86,0
TN-58-DS-2315,2024-10-11,2024,Tamil Nadu,Madurai (TN-58),2W,Scooter,Suzuki,Petrol,BS6,150.0,2,0,44.68,95.74,0
DL-08-ES-2332,2020-08-10,2020,Delhi,Delhi West (DL-08),3W,Tempo,TVS,CNG,BS6,225.0,4,4,89.47,94.74,0
CH-01-FS-2349,2023-07-04,2023,Chandigarh,Chandigarh (CH-01),4W,SUV,Mahindra,Petrol,BS6,1968.0,5,1,12.5,83.33,0
RJ-19-GS-2366,2022-09-14,2022,Rajasthan,Jodhpur (RJ-19),4W,MUV,Mahindra,Petrol,BS6,1598.0,7,2,26.0,89.0,0
PB-11-HS-2383,2023-10-19,2023,Punjab,Patiala (PB-11),LCV,Mini Truck,Force Motors,Diesel,BS6,2523.0,2,1,22.22,88.89,0
TS-05-IS-2400,2022-01-12,2022,Telangana,Nizamabad (TS-05),2W,Scooter,Bajaj,Petrol,BS6,150.0,2,2,40.8,92.8,0
GJ-06-JS-2417,2024-09-30,2024,Gujarat,Vadodara (GJ-06),2W,Scooter,Honda,Petrol,BS6,160.0,2,0,41.43,92.86,0
DL-09-KS-2434,2018-02-26,2018,Delhi,Delhi South (DL-09),HCV,Trailer,BharatBenz,Diesel,BS4,5660.0,2,6,0.0,68.75,0
GJ-01-LS-2451,2021-02-01,2021,Gujarat,Ahmedabad (GJ-01),2W,Motorcycle,Royal Enfield,Petrol,BS6,125.0,2,3,41.43,92.86,0
DL-09-MS-2468,2022-11-09,2022,Delhi,Delhi South (DL-09),4W,SUV,Maruti Suzuki,Petrol,BS6,800.0,7,2,22.58,88.17,0
KA-19-NS-2485,2024-01-22,2024,Karnataka,Mangalore (KA-19),4W,Hatchback,Renault,Diesel,BS6,1000.0,5,0,25.89,89.29,0
WB-39-OS-2502,2021-01-11,2021,West Bengal,Asansol (WB-39),2W,Scooter,Suzuki,EV,Not Applicable,0.0,2,3,39.16,92.31,0
MH-12-PS-2519,2022-07-13,2022,Maharashtra,Pune (MH-12),4W,MUV,Maruti Suzuki,CNG,BS6,1197.0,7,2,28.89,91.11,0
KL-08-QS-2536,2024-06-29,2024,Kerala,Thrissur (KL-08),4W,SUV,MG,Petrol,BS6,1462.0,5,0,24.55,90.0,0
UP-32-RS-2553,2022-10-01,2022,Uttar Pradesh,Lucknow (UP-32),2W,Motorcycle,Ola Electric,EV,Not Applicable,0.0,2,2,47.06,91.91,0
MH-01-SS-2570,2018-04-03,2018,Maharashtra,Mumbai Central (MH-01),LCV,Mini Truck,Tata Motors,Diesel,BS4,3298.0,2,6,22.58,90.32,0
RJ-20-TS-2587,2022-12-03,2022,Rajasthan,Kota (RJ-20),4W,SUV,Kia,Petrol,BS6,1000.0,5,2,26.0,89.0,0
KA-25-US-2604,2023-04-24,2023,Karnataka,Hubli (KA-25),HCV,Bus,BharatBenz,Diesel,BS6,6700.0,32,1,0.0,96.15,0
RJ-01-VS-2621,2024-12-23,2024,Rajasthan,Ajmer (RJ-01),2W,Moped,Bajaj,EV,Not Applicable,0.0,2,0,48.41,92.86,0
TS-09-WS-2638,2021-03-12,2021,Telangana,Hyderabad (TS-09),2W,Scooter,Ola Electric,EV,Not Applicable,0.0,2,3,40.8,92.8,0
DL-08-XS-2655,2023-01-19,2023,Delhi,Delhi West (DL-08),4W,Sedan,Hyundai,Diesel,BS6,1462.0,5,1,22.58,88.17,0
MP-20-YS-2672,2021-07-16,2021,Madhya Pradesh,Jabalpur (MP-20),HCV,Truck,BharatBenz,Diesel,BS6,5660.0,2,3,4.76,85.71,0
MH-31-ZS-2689,2024-08-15,2024,Maharashtra,Nagpur (MH-31),LCV,Pickup Van,Force Motors,Diesel,BS6,2523.0,2,0,22.58,90.32,0
DL-04-AT-2706,2023-10-05,2023,Delhi,Delhi North (DL-04),2W,Scooter,Ather,EV,Not Applicable,0.0,2,1,39.39,90.3,0
MH-20-BT-2723,2022-01-15,2022,Maharashtra,Aurangabad (MH-20),4W,SUV,Kia,Hybrid,BS6,1598.0,7,2,28.89,91.11,0
UP-32-CT-2740,2022-10-18,2022,Uttar Pradesh,Lucknow (UP-32),4W,MUV,Kia,Diesel,BS6,1480.0,7,2,19.75,88.89,0
TN-30-DT-2757,2021-05-21,2021,Tamil Nadu,Salem (TN-30),3W,Auto Rickshaw,Piaggio,CNG,BS6,200.0,4,3,82.14,96.43,0
TS-05-ET-2774,2021-12-04,2021,Telangana,Nizamabad (TS-05),2W,Scooter,Hero,EV,Not Applicable,0.0,2,3,40.8,92.8,0
MP-13-FT-2791,2021-04-02,2021,Madhya Pradesh,Ujjain (MP-13),2W,Scooter,Ola Electric,EV,Not Applicable,0.0,2,3,40.43,85.11,0
WB-01-GT-2808,2022-04-22,2022,West Bengal,Kolkata (WB-01),2W,Scooter,Hero,Petrol,BS6,250.0,2,2,39.16,92.31,0
MH-20-HT-2825,2021-08-14,2021,Maharashtra,Aurangabad (MH-20),HCV,Trailer,Eicher,Diesel,BS6,4998.0,2,3,0.0,84.62,0
GJ-06-IT-2842,2020-12-01,2020,Gujarat,Vadodara (GJ-06),LCV,Mini Truck,Mahindra,CNG,BS6,2523.0,2,4,53.33,73.33,0
KA-01-JT-2859,2021-04-27,2021,Karnataka,Bangalore Central (KA-01),2W,Motorcycle,KTM,EV,Not Applicable,0.0,2,3,49.39,91.46,0
KL-11-KT-2876,2023-05-01,2023,Kerala,Kozhikode (KL-11),OTH,Tractor,John Deere,Diesel,BS6,5660.0,2,1,0.0,62.5,0
KA-22-LT-2893,2020-07-09,2020,Karnataka,Belgaum (KA-22),2W,Scooter,Honda,Petrol,BS6,92.3,2,4,49.39,91.46,0
KA-19-MT-2910,2022-06-21,2022,Karnataka,Mangalore (KA-19),LCV,Mini Truck,Tata Motors,Diesel,BS6,2956.0,2,2,26.92,88.46,0
RJ-27-NT-2927,2020-05-28,2020,Rajasthan,Udaipur (RJ-27),HCV,Trailer,Eicher,Diesel,BS6,4998.0,2,4,6.67,86.67,0
MH-01-OT-2944,2023-10-25,2023,Maharashtra,Mumbai Central (MH-01),4W,SUV,Renault,EV,Not Applicable,0.0,7,1,28.89,91.11,0
UP-70-PT-2961,2023-02-10,2023,Uttar Pradesh,Allahabad (UP-70),2W,Moped,TVS,Petrol,BS6,89.2,2,1,47.06,91.91,0
DL-09-QT-2978,2023-03-04,2023,Delhi,Delhi South (DL-09),3W,Tempo,Kinetic Green,EV,Not Applicable,0.0,4,1,89.47,94.74,0
WB-39-RT-2995,2023-05-05,2023,West Bengal,Asansol (WB-39),3W,E-Rickshaw,TVS,EV,Not Applicable,0.0,4,1,85.0,100.0,0
RJ-19-ST-3012,2020-07-28,2020,Rajasthan,Jodhpur (RJ-19),3W,Tempo,Bajaj,EV,Not Applicable,0.0,4,4,85.19,100.0,0
RJ-01-TT-3029,2022-08-03,2022,Rajasthan,Ajmer (RJ-01),3W,E-Rickshaw,Kinetic Green,EV,Not Applicable,0.0,4,2,85.19,100.0,0
TN-45-UT-3046,2022-05-27,2022,Tamil Nadu,Trichy (TN-45),2W,Scooter,Ola Electric,EV,Not Applicable,0.0,2,2,44.68,95.74,0
RJ-14-VT-3063,2022-04-12,2022,Rajasthan,Jaipur (RJ-14),2W,Scooter,Ather,EV,Not Applicable,0.0,2,2,48.41,92.86,0
WB-01-WT-3080,2022-02-21,2022,West Bengal,Kolkata (WB-01),2W,Motorcycle,Royal Enfield,Petrol,BS6,125.0,2,2,39.16,92.31,0
MH-15-XT-3097,2022-07-18,2022,Maharashtra,Nashik (MH-15),2W,Motorcycle,Honda,Petrol,BS6,250.0,2,2,50.93,95.37,0
RJ-19-YT-3114,2021-06-22,2021,Rajasthan,Jodhpur (RJ-19),2W,Moped,Bajaj,Petrol,BS6,89.7,2,3,48.41,92.86,0
PB-11-ZT-3131,2023-08-18,2023,Punjab,Patiala (PB-11),2W,Moped,Hero,Petrol,BS6,96.1,2,1,41.51,90.57,0
MP-20-AU-3148,2022-04-04,2022,Madhya Pradesh,Jabalpur (MP-20),4W,MUV,Kia,Hybrid,BS6,1462.0,5,2,28.28,85.86,0
TN-01-BU-3165,2021-09-18,2021,Tamil Nadu,Chennai Central (TN-01),4W,SUV,MG,Diesel,BS6,1498.0,5,3,26.26,91.92,0
DL-08-CU-3182,2024-09-17,2024,Delhi,Delhi West (DL-08),3W,Auto Rickshaw,Atul Auto,EV,Not Applicable,0.0,4,0,89.47,94.74,0
RJ-27-DU-3199,2023-04-18,2023,Rajasthan,Udaipur (RJ-27),2W,Motorcycle,TVS,Petrol,BS6,250.0,2,1,48.41,92.86,0
TS-05-EU-3216,2021-05-28,2021,Telangana,Nizamabad (TS-05),4W,SUV,Hyundai,Diesel,BS6,1498.0,7,3,25.47,92.45,0
WB-13-FU-3233,2023-12-08,2023,West Bengal,Howrah (WB-13),LCV,Pickup Van,Ashok Leyland,CNG,BS6,3298.0,2,1,39.13,86.96,0
KA-09-GU-3250,2024-10-02,2024,Karnataka,Mysore (KA-09),4W,Sedan,Maruti Suzuki,CNG,BS6,1462.0,5,0,25.89,89.29,0
WB-01-HU-3267,2023-03-06,2023,West Bengal,Kolkata (WB-01),2W,Scooter,Ola Electric,EV,Not Applicable,0.0,2,1,39.16,92.31,0
GJ-01-IU-3284,2022-03-12,2022,Gujarat,Ahmedabad (GJ-01),4W,SUV,MG,Diesel,BS6,1498.0,5,2,35.37,95.12,0
RJ-14-JU-3301,2020-05-21,2020,Rajasthan,Jaipur (RJ-14),4W,Sedan,Hyundai,Diesel,BS6,2179.0,5,4,26.0,89.0,0
KL-11-KU-3318,2024-06-11,2024,Kerala,Kozhikode (KL-11),LCV,Mini Truck,Force Motors,Diesel,BS6,2956.0,2,0,32.35,94.12,0
MP-04-LU-3335,2022-12-12,2022,Madhya Pradesh,Bhopal (MP-04),HCV,Truck,Ashok Leyland,Diesel,BS6,4998.0,2,2,4.76,85.71,0
WB-13-MU-3352,2021-11-22,2021,West Bengal,Howrah (WB-13),3W,Auto Rickshaw,Kinetic Green,EV,Not Applicable,0.0,4,3,85.0,100.0,0
KL-07-NU-3369,2022-04-02,2022,Kerala,Kochi (KL-07),2W,Motorcycle,KTM,EV,Not Applicable,0.0,2,2,44.63,96.69,0
UP-80-OU-3386,2022-06-03,2022,Uttar Pradesh,Agra (UP-80),4W,Sedan,Toyota,Diesel,BS6,1462.0,5,2,19.75,88.89,0
MP-20-PU-3403,2021-06-01,2021,Madhya Pradesh,Jabalpur (MP-20),3W,Tempo,Mahindra,EV,Not Applicable,0.0,4,3,79.31,89.66,0
KA-25-QU-3420,2023-04-01,2023,Karnataka,Hubli (KA-25),2W,Scooter,Yamaha,Petrol,BS6,113.3,2,1,49.39,91.46,0
RJ-14-RU-3437,2024-11-04,2024,Rajasthan,Jaipur (RJ-14),2W,Scooter,TVS,Petrol,BS6,250.0,2,0,48.41,92.86,0
MP-09-SU-3454,2024-02-01,2024,Madhya Pradesh,Indore (MP-09),2W,Scooter,Ather,EV,Not Applicable,0.0,2,0,40.43,85.11,0
RJ-20-TU-3471,2022-01-28,2022,Rajasthan,Kota (RJ-20),4W,MUV,Honda,Diesel,BS6,1498.0,7,2,26.0,89.0,0
KL-07-UU-3488,2021-03-27,2021,Kerala,Kochi (KL-07),2W,Motorcycle,Royal Enfield,EV,Not Applicable,0.0,2,3,44.63,96.69,0
DL-01-VU-3505,2022-01-11,2022,Delhi,Delhi Central (DL-01),HCV,Trailer,Ashok Leyland,Diesel,BS6,6700.0,2,2,0.0,68.75,0
KL-11-WU-3522,2022-10-03,2022,Kerala,Kozhikode (KL-11),HCV,Truck,MAN,Diesel,BS6,4998.0,2,2,0.0,84.0,0
TS-01-XU-3539,2024-07-30,2024,Telangana,Karimnagar (TS-01),LCV,Mini Truck,Ashok Leyland,Diesel,BS6,2956.0,2,0,0.0,84.62,0
KL-07-YU-3556,2024-09-13,2024,Kerala,Kochi (KL-07),HCV,Truck,Tata Motors,Diesel,BS6,5661.0,2,0,0.0,84.0,0
MH-12-ZU-3573,2023-01-18,2023,Maharashtra,Pune (MH-12),2W,Motorcycle,Bajaj,EV,Not Applicable,0.0,2,1,50.93,95.37,0
KL-01-AV-3590,2023-02-13,2023,Kerala,Thiruvananthapuram (KL-01),4W,MUV,Honda,Petrol,BS6,1000.0,5,1,24.55,90.0,0
TS-01-BV-3607,2024-10-28,2024,Telangana,Karimnagar (TS-01),2W,Scooter,Ather,EV,Not Applicable,0.0,2,0,40.8,92.8,0
DL-09-CV-3624,2023-05-22,2023,Delhi,Delhi South (DL-09),LCV,Pickup Van,Force Motors,Diesel,BS6,2956.0,2,1,30.77,92.31,0
KA-25-DV-3641,2022-07-28,2022,Karnataka,Hubli (KA-25),HCV,Tanker,BharatBenz,Diesel,BS6,4998.0,2,2,0.0,96.15,0
WB-40-EV-3658,2021-07-21,2021,West Bengal,Durgapur (WB-40),LCV,Light Bus,Eicher,Diesel,BS6,3298.0,15,3,39.13,86.96,0
KL-01-FV-3675,2023-07-10,2023,Kerala,Thiruvananthapuram (KL-01),3W,Tempo,Bajaj,Diesel,BS6,225.0,4,1,84.38,93.75,0
KA-25-GV-3692,2022-09-08,2022,Karnataka,Hubli (KA-25),2W,Scooter,Honda,Petrol,BS6,87.9,2,2,49.39,91.46,0
DL-01-HV-3709,2023-05-01,2023,Delhi,Delhi Central (DL-01),2W,Motorcycle,KTM,EV,Not Applicable,0.0,2,1,39.39,90.3,0
WB-40-IV-3726,2018-10-17,2018,West Bengal,Durgapur (WB-40),2W,Scooter,Yamaha,Petrol,BS4,110.0,2,6,39.16,92.31,0
UP-32-JV-3743,2022-11-30,2022,Uttar Pradesh,Lucknow (UP-32),2W,Scooter,Ather,EV,Not Applicable,0.0,2,2,47.06,91.91,0
RJ-27-KV-3760,2023-03-07,2023,Rajasthan,Udaipur (RJ-27),4W,Hatchback,Hyundai,Diesel,BS6,800.0,5,1,26.0,89.0,0
TS-09-LV-3777,2024-03-28,2024,Telangana,Hyderabad (TS-09),2W,Scooter,Honda,Petrol,BS6,108.8,2,0,40.8,92.8,0
WB-13-MV-3794,2021-05-31,2021,West Bengal,Howrah (WB-13),4W,MUV,Honda,Petrol,BS6,1498.0,7,3,23.66,84.95,0
PB-02-NV-3811,2022-11-11,2022,Punjab,Amritsar (PB-02),4W,Sedan,Tata Motors,Petrol,BS6,1598.0,5,2,28.17,87.32,0
WB-73-OV-3828,2022-01-06,2022,West Bengal,Siliguri (WB-73),2W,Scooter,TVS,Petrol,BS6,200.0,2,2,39.16,92.31,0
UP-78-PV-3845,2023-12-22,2023,Uttar Pradesh,Kanpur (UP-78),2W,Motorcycle,Hero,Petrol,BS6,110.0,2,1,47.06,91.91,0
TS-01-QV-3862,2022-06-29,2022,Telangana,Karimnagar (TS-01),2W,Motorcycle,Ola Electric,EV,Not Applicable,0.0,2,2,40.8,92.8,0
DL-08-RV-3879,2023-10-27,2023,Delhi,Delhi West (DL-08),4W,SUV,Kia,Petrol,BS6,1498.0,5,1,22.58,88.17,0
PB-08-SV-3896,2020-04-20,2020,Punjab,Jalandhar (PB-08),HCV,Bus,Tata Motors,Diesel,BS6,5660.0,32,4,0.0,68.0,0
GJ-18-TV-3913,2023-10-23,2023,Gujarat,Gandhinagar (GJ-18),2W,Scooter,Ola Electric,EV,Not Applicable,0.0,2,1,41.43,92.86,0
PB-02-UV-3930,2018-04-21,2018,Punjab,Amritsar (PB-02),HCV,Tanker,Ashok Leyland,Diesel,BS4,3760.0,2,6,0.0,68.0,0
TN-37-VV-3947,2024-03-11,2024,Tamil Nadu,Coimbatore (TN-37),2W,Motorcycle,Yamaha,Petrol,BS6,400.0,2,0,44.68,95.74,0
WB-73-WV-3964,2023-10-14,2023,West Bengal,Siliguri (WB-73),4W,SUV,Kia,Diesel,BS6,1968.0,7,1,23.66,84.95,0
UP-65-XV-3981,2019-04-20,2019,Uttar Pradesh,Varanasi (UP-65),2W,Moped,Yamaha,EV,Not Applicable,0.0,2,5,47.06,91.91,0
MP-07-YV-3998,2022-12-17,2022,Madhya Pradesh,Gwalior (MP-07),4W,MUV,Renault,Diesel,BS6,1000.0,7,2,28.28,85.86,0
MP-07-ZV-4015,2023-08-07,2023,Madhya Pradesh,Gwalior (MP-07),2W,Motorcycle,KTM,Petrol,BS6,150.0,2,1,40.43,85.11,0
PB-11-AW-4032,2020-01-06,2020,Punjab,Patiala (PB-11),LCV,Mini Truck,Force Motors,Diesel,BS4,2956.0,2,4,22.22,88.89,1
RJ-01-BW-4049,2019-05-10,2019,Rajasthan,Ajmer (RJ-01),2W,Motorcycle,Royal Enfield,Petrol,BS4,89.6,2,5,48.41,92.86,0
MH-20-CW-4066,2022-12-23,2022,Maharashtra,Aurangabad (MH-20),2W,Motorcycle,Royal Enfield,EV,Not Applicable,0.0,2,2,50.93,95.37,0
GJ-01-DW-4083,2023-03-30,2023,Gujarat,Ahmedabad (GJ-01),OTH,Tractor,Sonalika,Diesel,BS6,6700.0,2,1,0.0,100.0,0
KA-01-EW-4100,2023-02-13,2023,Karnataka,Bangalore Central (KA-01),2W,Moped,TVS,Petrol,BS6,85.7,2,1,49.39,91.46,0
KA-01-FW-4117,2019-05-23,2019,Karnataka,Bangalore Central (KA-01),2W,Moped,Hero,Petrol,BS4,87.8,2,5,49.39,91.46,0
MP-13-GW-4134,2020-07-06,2020,Madhya Pradesh,Ujjain (MP-13),4W,SUV,Toyota,EV,Not Applicable,0.0,5,4,28.28,85.86,0
MP-20-HW-4151,2020-09-14,2020,Madhya Pradesh,Jabalpur (MP-20),2W,Scooter,Hero,Petrol,BS6,105.2,2,4,40.43,85.11,0
KL-11-IW-4168,2022-09-16,2022,Kerala,Kozhikode (KL-11),2W,Scooter,Hero,Petrol,BS6,250.0,2,2,44.63,96.69,0
TN-01-JW-4185,2021-12-23,2021,Tamil Nadu,Chennai Central (TN-01),2W,Scooter,Yamaha,Petrol,BS6,105.0,2,3,44.68,95.74,0
PB-08-KW-4202,2019-10-30,2019,Punjab,Jalandhar (PB-08),2W,Motorcycle,TVS,Petrol,BS4,100.0,2,5,41.51,90.57,0
TN-01-LW-4219,2024-06-06,2024,Tamil Nadu,Chennai Central (TN-01),2W,Motorcycle,KTM,Petrol,BS6,150.0,2,0,44.68,95.74,0
KL-07-MW-4236,2021-06-11,2021,Kerala,Kochi (KL-07),2W,Motorcycle,Royal Enfield,Petrol,BS6,250.0,2,3,44.63,96.69,0
DL-02-NW-4253,2020-05-15,2020,Delhi,Delhi East (DL-02),2W,Motorcycle,TVS,Petrol,BS6,110.0,2,4,39.39,90.3,0
WB-40-OW-4270,2023-03-29,2023,West Bengal,Durgapur (WB-40),4W,SUV,Renault,Diesel,BS6,800.0,7,1,23.66,84.95,0
TN-45-PW-4287,2023-04-17,2023,Tamil Nadu,Trichy (TN-45),4W,MUV,Toyota,EV,Not Applicable,0.0,7,1,26.26,91.92,0
KA-22-QW-4304,2021-09-22,2021,Karnataka,Belgaum (KA-22),4W,SUV,Mahindra,Diesel,BS6,1197.0,7,3,25.89,89.29,0
TN-30-RW-4321,2023-06-15,2023,Tamil Nadu,Salem (TN-30),4W,SUV,Skoda,Diesel,BS6,1000.0,7,1,26.26,91.92,0
MH-12-SW-4338,2024-07-02,2024,Maharashtra,Pune (MH-12),2W,Scooter,Yamaha,EV,Not Applicable,0.0,2,0,50.93,95.37,0
TN-30-TW-4355,2022-12-22,2022,Tamil Nadu,Salem (TN-30),4W,SUV,MG,CNG,BS6,1968.0,5,2,26.26,91.92,0
WB-13-UW-4372,2022-06-03,2022,West Bengal,Howrah (WB-13),2W,Scooter,Ola Electric,EV,Not Applicable,0.0,2,2,39.16,92.31,0
DL-09-VW-4389,2021-03-25,2021,Delhi,Delhi South (DL-09),2W,Motorcycle,Royal Enfield,EV,Not Applicable,0.0,2,3,39.39,90.3,0
TN-58-WW-4406,2024-03-12,2024,Tamil Nadu,Madurai (TN-58),LCV,Light Bus,Eicher,Diesel,BS6,2956.0,15,0,40.0,92.0,0
RJ-14-XW-4423,2022-08-24,2022,Rajasthan,Jaipur (RJ-14),OTH,Tractor,TAFE,Diesel,BS6,3760.0,2,2,0.0,100.0,0
DL-02-YW-4440,2024-02-16,2024,Delhi,Delhi East (DL-02),2W,Motorcycle,TVS,Petrol,BS6,150.0,2,0,39.39,90.3,0
TN-45-ZW-4457,2020-08-29,2020,Tamil Nadu,Trichy (TN-45),LCV,Pickup Van,Tata Motors,Diesel,BS6,2956.0,2,4,40.0,92.0,0
DL-04-AX-4474,2024-03-06,2024,Delhi,Delhi North (DL-04),4W,MUV,Mahindra,Hybrid,BS6,1598.0,7,0,22.58,88.17,0
UP-80-BX-4491,2021-06-28,2021,Uttar Pradesh,Agra (UP-80),LCV,Light Bus,Force Motors,CNG,BS6,2956.0,15,3,35.0,90.0,0
KL-02-CX-4508,2020-06-23,2020,Kerala,Kollam (KL-02),2W,Scooter,TVS,Petrol,BS6,112.8,2,4,44.63,96.69,0
MH-20-DX-4525,2020-04-06,2020,Maharashtra,Aurangabad (MH-20),4W,SUV,Hyundai,EV,Not Applicable,0.0,7,4,28.89,91.11,0
GJ-03-EX-4542,2020-07-17,2020,Gujarat,Rajkot (GJ-03),2W,Scooter,TVS,Petrol,BS6,96.5,2,4,41.43,92.86,0
MH-31-FX-4559,2021-02-24,2021,Maharashtra,Nagpur (MH-31),HCV,Tanker,Ashok Leyland,Diesel,BS6,6700.0,2,3,0.0,84.62,0
RJ-14-GX-4576,2021-09-17,2021,Rajasthan,Jaipur (RJ-14),4W,MUV,Maruti Suzuki,Petrol,BS6,1968.0,7,3,26.0,89.0,0
MH-15-HX-4593,2018-05-14,2018,Maharashtra,Nashik (MH-15),4W,MUV,Honda,Hybrid,BS4,1000.0,7,6,28.89,91.11,0
TS-05-IX-4610,2019-08-06,2019,Telangana,Nizamabad (TS-05),4W,SUV,Renault,Diesel,BS4,1498.0,7,5,25.47,92.45,0
MP-04-JX-4627,2022-08-20,2022,Madhya Pradesh,Bhopal (MP-04),2W,Scooter,Ola Electric,EV,Not Applicable,0.0,2,2,40.43,85.11,0
MH-15-KX-4644,2021-12-18,2021,Maharashtra,Nashik (MH-15),2W,Motorcycle,KTM,EV,Not Applicable,0.0,2,3,50.93,95.37,0
GJ-03-LX-4661,2021-07-02,2021,Gujarat,Rajkot (GJ-03),2W,Scooter,Hero,EV,Not Applicable,0.0,2,3,41.43,92.86,0
MH-15-MX-4678,2019-01-19,2019,Maharashtra,Nashik (MH-15),2W,Moped,Hero,EV,Not Applicable,0.0,2,5,50.93,95.37,0
KL-08-NX-4695,2019-11-21,2019,Kerala,Thrissur (KL-08),2W,Scooter,Ather,EV,Not Applicable,0.0,2,5,44.63,96.69,0
UP-80-OX-4712,2024-09-25,2024,Uttar Pradesh,Agra (UP-80),2W,Scooter,Ola Electric,EV,Not Applicable,0.0,2,0,47.06,91.91,0
WB-01-PX-4729,2022-11-23,2022,West Bengal,Kolkata (WB-01),2W,Scooter,Hero,Petrol,BS6,110.0,2,2,39.16,92.31,0
UP-70-QX-4746,2023-07-25,2023,Uttar Pradesh,Allahabad (UP-70),OTH,Tractor,John Deere,Diesel,BS6,3760.0,2,1,0.0,75.0,0
KL-11-RX-4763,2023-05-15,2023,Kerala,Kozhikode (KL-11),4W,Hatchback,Honda,Petrol,BS6,1498.0,5,1,24.55,90.0,0
KL-01-SX-4780,2024-12-18,2024,Kerala,Thiruvananthapuram (KL-01),2W,Scooter,Bajaj,Petrol,BS6,125.0,2,0,44.63,96.69,0
GJ-18-TX-4797,2021-07-28,2021,Gujarat,Gandhinagar (GJ-18),4W,MUV,Tata Motors,EV,Not Applicable,0.0,5,3,35.37,95.12,0
UP-78-UX-4814,2021-04-26,2021,Uttar Pradesh,Kanpur (UP-78),2W,Scooter,Ola Electric,EV,Not Applicable,0.0,2,3,47.06,91.91,0
KL-11-VX-4831,2023-10-30,2023,Kerala,Kozhikode (KL-11),2W,Motorcycle,Royal Enfield,Petrol,BS6,106.4,2,1,44.63,96.69,0
MP-13-WX-4848,2018-06-13,2018,Madhya Pradesh,Ujjain (MP-13),2W,Motorcycle,KTM,EV,Not Applicable,0.0,2,6,40.43,85.11,0
WB-13-XX-4865,2022-12-12,2022,West Bengal,Howrah (WB-13),3W,Tempo,Mahindra,CNG,BS6,225.0,4,2,85.0,100.0,0
UP-32-YX-4882,2024-04-16,2024,Uttar Pradesh,Lucknow (UP-32),4W,SUV,MG,CNG,BS6,1498.0,5,0,19.75,88.89,0
GJ-06-ZX-4899,2020-03-26,2020,Gujarat,Vadodara (GJ-06),4W,MUV,MG,Petrol,BS4,1598.0,7,4,35.37,95.12,1
UP-32-AY-4916,2022-07-12,2022,Uttar Pradesh,Lucknow (UP-32),4W,SUV,Renault,Hybrid,BS6,1480.0,7,2,19.75,88.89,0
UP-70-BY-4933,2020-10-19,2020,Uttar Pradesh,Allahabad (UP-70),HCV,Truck,Tata Motors,Diesel,BS6,5660.0,2,4,0.0,85.71,0
TN-30-CY-4950,2024-06-12,2024,Tamil Nadu,Salem (TN-30),4W,SUV,Mahindra,Diesel,BS6,1598.0,5,0,26.26,91.92,0
MP-07-DY-4967,2024-08-26,2024,Madhya Pradesh,Gwalior (MP-07),3W,Tempo,Mahindra,CNG,BS6,250.0,4,0,79.31,89.66,0
TN-37-EY-4984,2023-03-30,2023,Tamil Nadu,Coimbatore (TN-37),2W,Scooter,Ather,EV,Not Applicable,0.0,2,1,44.68,95.74,0
UP-70-FY-5001,2023-04-25,2023,Uttar Pradesh,Allahabad (UP-70),4W,MUV,Honda,Petrol,BS6,1197.0,5,1,19.75,88.89,0
PB-11-GY-5018,2020-11-16,2020,Punjab,Patiala (PB-11),4W,Hatchback,Toyota,CNG,BS6,2179.0,5,4,28.17,87.32,0
RJ-14-HY-5035,2024-08-22,2024,Rajasthan,Jaipur (RJ-14),4W,MUV,Renault,Diesel,BS6,1598.0,7,0,26.0,89.0,0
TN-30-IY-5052,2021-04-16,2021,Tamil Nadu,Salem (TN-30),HCV,Bus,Volvo,Diesel,BS6,5660.0,45,3,0.0,90.0,0
WB-13-JY-5069,2024-11-25,2024,West Bengal,Howrah (WB-13),4W,MUV,Mahindra,Petrol,BS6,1000.0,7,0,23.66,84.95,0
TN-37-KY-5086,2018-07-28,2018,Tamil Nadu,Coimbatore (TN-37),3W,Auto Rickshaw,Bajaj,Petrol,BS4,225.0,4,6,82.14,96.43,0
KA-19-LY-5103,2022-01-13,2022,Karnataka,Mangalore (KA-19),HCV,Truck,MAN,Diesel,BS6,5655.5,2,2,0.0,96.15,0
KL-01-MY-5120,2021-11-19,2021,Kerala,Thiruvananthapuram (KL-01),2W,Scooter,Hero,Petrol,BS6,123.5,2,3,44.63,96.69,0
UP-32-NY-5137,2023-03-28,2023,Uttar Pradesh,Lucknow (UP-32),2W,Scooter,Ola Electric,EV,Not Applicable,0.0,2,1,47.06,91.91,0
UP-80-OY-5154,2021-11-25,2021,Uttar Pradesh,Agra (UP-80),2W,Motorcycle,KTM,Petrol,BS6,110.0,2,3,47.06,91.91,0
WB-73-PY-5171,2023-08-19,2023,West Bengal,Siliguri (WB-73),4W,SUV,Toyota,Petrol,BS6,1498.0,7,1,23.66,84.95,0
CH-01-QY-5188,2018-10-16,2018,Chandigarh,Chandigarh (CH-01),4W,Sedan,Renault,Petrol,BS4,1598.0,5,6,12.5,83.33,0
GJ-05-RY-5205,2022-03-21,2022,Gujarat,Surat (GJ-05),4W,SUV,MG,EV,Not Applicable,0.0,7,2,35.37,95.12,0
PB-02-SY-5222,2024-06-04,2024,Punjab,Amritsar (PB-02),LCV,Pickup Van,Mahindra,Diesel,BS6,2956.0,2,0,22.22,88.89,0
MH-31-TY-5239,2022-06-27,2022,Maharashtra,Nagpur (MH-31),2W,Scooter,Ather,EV,Not Applicable,0.0,2,2,50.93,95.37,0
PB-11-UY-5256,2023-09-04,2023,Punjab,Patiala (PB-11),2W,Scooter,Suzuki,EV,Not Applicable,0.0,2,1,41.51,90.57,0
WB-73-VY-5273,2021-03-18,2021,West Bengal,Siliguri (WB-73),2W,Motorcycle,Yamaha,Petrol,BS6,160.0,2,3,39.16,92.31,0
CH-01-WY-5290,2022-01-07,2022,Chandigarh,Chandigarh (CH-01),4W,SUV,MG,Diesel,BS6,1498.0,7,2,12.5,83.33,0
KL-07-XY-5307,2019-09-17,2019,Kerala,Kochi (KL-07),2W,Motorcycle,Suzuki,EV,Not Applicable,0.0,2,5,44.63,96.69,0
GJ-18-YY-5324,2022-05-06,2022,Gujarat,Gandhinagar (GJ-18),HCV,Truck,Tata Motors,Diesel,BS6,5660.0,2,2,0.0,100.0,0
KL-07-ZY-5341,2018-05-17,2018,Kerala,Kochi (KL-07),2W,Motorcycle,KTM,Petrol,BS4,94.0,2,6,44.63,96.69,0
GJ-01-AZ-5358,2021-04-27,2021,Gujarat,Ahmedabad (GJ-01),4W,Hatchback,Tata Motors,Diesel,BS6,1462.0,5,3,35.37,95.12,0
WB-01-BZ-5375,2019-03-01,2019,West Bengal,Kolkata (WB-01),4W,Hatchback,Toyota,EV,Not Applicable,0.0,5,5,23.66,84.95,0
WB-13-CZ-5392,2022-01-05,2022,West Bengal,Howrah (WB-13),2W,Moped,Bajaj,EV,Not Applicable,0.0,2,2,39.16,92.31,0
UP-32-DZ-5409,2023-08-22,2023,Uttar Pradesh,Lucknow (UP-32),4W,MUV,Mahindra,CNG,BS6,800.0,7,1,19.75,88.89,0
UP-70-EZ-5426,2022-05-26,2022,Uttar Pradesh,Allahabad (UP-70),2W,Scooter,TVS,Petrol,BS6,110.7,2,2,47.06,91.91,0
GJ-18-FZ-5443,2021-02-27,2021,Gujarat,Gandhinagar (GJ-18),2W,Scooter,Ather,EV,Not Applicable,0.0,2,3,41.43,92.86,0
WB-01-GZ-5460,2020-08-10,2020,West Bengal,Kolkata (WB-01),2W,Motorcycle,KTM,EV,Not Applicable,0.0,2,4,39.16,92.31,0
KA-19-HZ-5477,2020-04-28,2020,Karnataka,Mangalore (KA-19),2W,Scooter,Ather,EV,Not Applicable,0.0,2,4,49.39,91.46,0
GJ-18-IZ-5494,2023-04-18,2023,Gujarat,Gandhinagar (GJ-18),2W,Motorcycle,KTM,Petrol,BS6,92.4,2,1,41.43,92.86,0
MP-09-JZ-5511,2024-12-05,2024,Madhya Pradesh,Indore (MP-09),2W,Motorcycle,Suzuki,Petrol,BS6,125.0,2,0,40.43,85.11,0
RJ-01-KZ-5528,2023-04-28,2023,Rajasthan,Ajmer (RJ-01),OTH,Road Roller,Escorts,Diesel,BS6,5660.0,2,1,0.0,100.0,0
GJ-06-LZ-5545,2021-08-06,2021,Gujarat,Vadodara (GJ-06),2W,Scooter,Yamaha,Petrol,BS6,150.0,2,3,41.43,92.86,0
UP-65-MZ-5562,2021-08-23,2021,Uttar Pradesh,Varanasi (UP-65),2W,Scooter,Hero,Petrol,BS6,160.0,2,3,47.06,91.91,0
MH-12-NZ-5579,2023-06-14,2023,Maharashtra,Pune (MH-12),2W,Motorcycle,Royal Enfield,Petrol,BS6,97.9,2,1,50.93,95.37,0
UP-80-OZ-5596,2022-02-24,2022,Uttar Pradesh,Agra (UP-80),4W,SUV,Mahindra,CNG,BS6,1000.0,5,2,19.75,88.89,0
TN-58-PZ-5613,2023-12-28,2023,Tamil Nadu,Madurai (TN-58),4W,MUV,Maruti Suzuki,Hybrid,BS6,2179.0,7,1,26.26,91.92,0
GJ-18-QZ-5630,2023-10-03,2023,Gujarat,Gandhinagar (GJ-18),4W,Hatchback,Hyundai,Petrol,BS6,1598.0,5,1,35.37,95.12,0
GJ-01-RZ-5647,2024-07-30,2024,Gujarat,Ahmedabad (GJ-01),3W,Tempo,Bajaj,CNG,BS6,225.0,4,0,89.47,100.0,0
PB-02-SZ-5664,2021-12-06,2021,Punjab,Amritsar (PB-02),4W,SUV,MG,Petrol,BS6,1498.0,5,3,28.17,87.32,0
KL-01-TZ-5681,2024-04-19,2024,Kerala,Thiruvananthapuram (KL-01),2W,Motorcycle,Yamaha,Petrol,BS6,125.0,2,0,44.63,96.69,0
RJ-27-UZ-5698,2023-05-13,2023,Rajasthan,Udaipur (RJ-27),2W,Scooter,Yamaha,Petrol,BS6,160.0,2,1,48.41,92.86,0
CH-01-VZ-5715,2021-01-25,2021,Chandigarh,Chandigarh (CH-01),2W,Moped,Suzuki,Petrol,BS6,87.0,2,3,40.62,90.62,0
MH-20-WZ-5732,2024-10-02,2024,Maharashtra,Aurangabad (MH-20),2W,Moped,Suzuki,Petrol,BS6,92.2,2,0,50.93,95.37,0
GJ-18-XZ-5749,2019-02-27,2019,Gujarat,Gandhinagar (GJ-18),2W,Motorcycle,Honda,EV,Not Applicable,0.0,2,5,41.43,92.86,0
TN-45-YZ-5766,2022-02-07,2022,Tamil Nadu,Trichy (TN-45),LCV,Mini Truck,Eicher,Diesel,BS6,2956.0,2,2,40.0,92.0,0
WB-73-ZZ-5783,2021-11-29,2021,West Bengal,Siliguri (WB-73),LCV,Light Bus,Mahindra,CNG,BS6,3298.0,12,3,39.13,86.96,0
TS-01-AA-5800,2018-01-10,2018,Telangana,Karimnagar (TS-01),LCV,Pickup Van,Eicher,Diesel,BS4,2523.0,2,6,0.0,84.62,0
RJ-27-BA-5817,2023-08-23,2023,Rajasthan,Udaipur (RJ-27),2W,Motorcycle,Ola Electric,EV,Not Applicable,0.0,2,1,48.41,92.86,0
PB-02-CA-5834,2020-04-15,2020,Punjab,Amritsar (PB-02),LCV,Light Bus,Eicher,Diesel,BS6,3298.0,15,4,22.22,88.89,0
KA-01-DA-5851,2021-06-17,2021,Karnataka,Bangalore Central (KA-01),4W,Hatchback,Tata Motors,Diesel,BS6,1598.0,5,3,25.89,89.29,0
MP-09-EA-5868,2020-06-30,2020,Madhya Pradesh,Indore (MP-09),2W,Motorcycle,Suzuki,Petrol,BS6,100.0,2,4,40.43,85.11,0
TN-30-FA-5885,2024-04-16,2024,Tamil Nadu,Salem (TN-30),2W,Scooter,Hero,EV,Not Applicable,0.0,2,0,44.68,95.74,0
MH-15-GA-5902,2021-02-17,2021,Maharashtra,Nashik (MH-15),2W,Motorcycle,Bajaj,Petrol,BS6,125.0,2,3,50.93,95.37,0
TS-07-HA-5919,2020-11-05,2020,Telangana,Khammam (TS-07),4W,Hatchback,Tata Motors,Hybrid,BS6,1598.0,5,4,25.47,92.45,0
UP-78-IA-5936,2022-02-28,2022,Uttar Pradesh,Kanpur (UP-78),2W,Scooter,Ather,EV,Not Applicable,0.0,2,2,47.06,91.91,0
MH-01-JA-5953,2021-02-03,2021,Maharashtra,Mumbai Central (MH-01),2W,Scooter,Suzuki,Petrol,BS6,250.0,2,3,50.93,95.37,0
MP-07-KA-5970,2023-08-30,2023,Madhya Pradesh,Gwalior (MP-07),2W,Scooter,Honda,EV,Not Applicable,0.0,2,1,40.43,85.11,0
GJ-06-LA-5987,2018-03-21,2018,Gujarat,Vadodara (GJ-06),2W,Motorcycle,TVS,EV,Not Applicable,0.0,2,6,41.43,92.86,0
KL-08-MA-6004,2024-05-30,2024,Kerala,Thrissur (KL-08),4W,Hatchback,Skoda,Petrol,BS6,1598.0,5,0,24.55,90.0,0
TN-30-NA-6021,2023-04-03,2023,Tamil Nadu,Salem (TN-30),2W,Moped,TVS,Petrol,BS6,94.7,2,1,44.68,95.74,0
KA-09-OA-6038,2023-11-15,2023,Karnataka,Mysore (KA-09),2W,Motorcycle,Royal Enfield,Petrol,BS6,200.0,2,1,49.39,91.46,0
MH-01-PA-6055,2024-01-24,2024,Maharashtra,Mumbai Central (MH-01),2W,Scooter,Hero,Petrol,BS6,105.6,2,0,50.93,95.37,0
UP-70-QA-6072,2018-02-17,2018,Uttar Pradesh,Allahabad (UP-70),4W,Sedan,Tata Motors,Petrol,BS4,1968.0,5,6,19.75,88.89,0
KA-19-RA-6089,2019-11-23,2019,Karnataka,Mangalore (KA-19),3W,E-Rickshaw,Atul Auto,EV,Not Applicable,0.0,4,5,68.42,94.74,0
WB-73-SA-6106,2023-11-11,2023,West Bengal,Siliguri (WB-73),LCV,Pickup Van,Mahindra,Diesel,BS6,2523.0,2,1,39.13,86.96,0
WB-39-TA-6123,2023-04-26,2023,West Bengal,Asansol (WB-39),2W,Scooter,Ather,EV,Not Applicable,0.0,2,1,39.16,92.31,0
KL-01-UA-6140,2020-04-04,2020,Kerala,Thiruvananthapuram (KL-01),4W,SUV,Skoda,Petrol,BS6,1498.0,7,4,24.55,90.0,0
KL-08-VA-6157,2022-03-16,2022,Kerala,Thrissur (KL-08),4W,SUV,Tata Motors,Diesel,BS6,800.0,7,2,24.55,90.0,0
MP-04-WA-6174,2023-03-24,2023,Madhya Pradesh,Bhopal (MP-04),4W,Sedan,Maruti Suzuki,Petrol,BS6,1968.0,5,1,28.28,85.86,0
MH-20-XA-6191,2024-07-26,2024,Maharashtra,Aurangabad (MH-20),3W,E-Rickshaw,Piaggio,EV,Not Applicable,0.0,4,0,87.5,87.5,0
WB-39-YA-6208,2021-09-21,2021,West Bengal,Asansol (WB-39),2W,Scooter,Honda,Petrol,BS6,200.0,2,3,39.16,92.31,0
RJ-19-ZA-6225,2023-06-26,2023,Rajasthan,Jodhpur (RJ-19),2W,Scooter,Ather,EV,Not Applicable,0.0,2,1,48.41,92.86,0
GJ-01-AB-6242,2019-08-23,2019,Gujarat,Ahmedabad (GJ-01),4W,MUV,Maruti Suzuki,Diesel,BS4,1000.0,5,5,35.37,95.12,0
TS-05-BB-6259,2022-09-16,2022,Telangana,Nizamabad (TS-05),2W,Motorcycle,Royal Enfield,EV,Not Applicable,0.0,2,2,40.8,92.8,0
UP-70-CB-6276,2018-07-02,2018,Uttar Pradesh,Allahabad (UP-70),2W,Moped,Bajaj,Petrol,BS4,93.0,2,6,47.06,91.91,0
PB-10-DB-6293,2022-09-29,2022,Punjab,Ludhiana (PB-10),4W,Hatchback,Renault,Diesel,BS6,1197.0,5,2,28.17,87.32,0
TN-01-EB-6310,2024-08-05,2024,Tamil Nadu,Chennai Central (TN-01),4W,Sedan,Tata Motors,Diesel,BS6,1462.0,5,0,26.26,91.92,0
MH-15-FB-6327,2022-06-03,2022,Maharashtra,Nashik (MH-15),2W,Moped,Suzuki,EV,Not Applicable,0.0,2,2,50.93,95.37,0
KA-25-GB-6344,2022-01-31,2022,Karnataka,Hubli (KA-25),4W,SUV,Mahindra,Hybrid,BS6,1968.0,7,2,25.89,89.29,0
TN-30-HB-6361,2023-10-30,2023,Tamil Nadu,Salem (TN-30),4W,Sedan,Honda,Petrol,BS6,1462.0,5,1,26.26,91.92,0
RJ-14-IB-6378,2019-10-28,2019,Rajasthan,Jaipur (RJ-14),2W,Scooter,TVS,Petrol,BS4,125.0,2,5,48.41,92.86,0
DL-04-JB-6395,2023-06-09,2023,Delhi,Delhi North (DL-04),2W,Scooter,Yamaha,Petrol,BS6,112.7,2,1,39.39,90.3,0
KA-22-KB-6412,2023-11-09,2023,Karnataka,Belgaum (KA-22),3W,Tempo,Mahindra,CNG,BS6,225.0,4,1,68.42,94.74,0
KA-25-LB-6429,2019-08-07,2019,Karnataka,Hubli (KA-25),LCV,Mini Truck,Force Motors,Diesel,BS4,2956.0,2,5,26.92,88.46,0
KL-08-MB-6446,2019-11-05,2019,Kerala,Thrissur (KL-08),4W,Sedan,Renault,Petrol,BS4,1598.0,5,5,24.55,90.0,0
MP-20-NB-6463,2023-05-24,2023,Madhya Pradesh,Jabalpur (MP-20),LCV,Pickup Van,Force Motors,Diesel,BS6,3298.0,2,1,37.5,83.33,0
MP-13-OB-6480,2019-09-06,2019,Madhya Pradesh,Ujjain (MP-13),2W,Motorcycle,Royal Enfield,Petrol,BS4,111.3,2,5,40.43,85.11,0
PB-08-PB-6497,2024-09-06,2024,Punjab,Jalandhar (PB-08),2W,Motorcycle,Royal Enfield,Petrol,BS6,101.9,2,0,41.51,90.57,0
PB-11-QB-6514,2022-11-26,2022,Punjab,Patiala (PB-11),2W,Moped,Suzuki,Petrol,BS6,94.7,2,2,41.51,90.57,0
CH-01-RB-6531,2023-08-04,2023,Chandigarh,Chandigarh (CH-01),2W,Motorcycle,Yamaha,EV,Not Applicable,0.0,2,1,40.62,90.62,0
KL-01-SB-6548,2024-07-23,2024,Kerala,Thiruvananthapuram (KL-01),2W,Motorcycle,KTM,EV,Not Applicable,0.0,2,0,44.63,96.69,0
MP-04-TB-6565,2024-05-29,2024,Madhya Pradesh,Bhopal (MP-04),2W,Motorcycle,Hero,EV,Not Applicable,0.0,2,0,40.43,85.11,0
MH-15-UB-6582,2021-05-22,2021,Maharashtra,Nashik (MH-15),LCV,Pickup Van,Ashok Leyland,CNG,BS6,3298.0,2,3,22.58,90.32,0
RJ-27-VB-6599,2022-11-28,2022,Rajasthan,Udaipur (RJ-27),4W,SUV,Tata Motors,Petrol,BS6,1598.0,7,2,26.0,89.0,0
RJ-19-WB-6616,2022-04-27,2022,Rajasthan,Jodhpur (RJ-19),LCV,Mini Truck,Ashok Leyland,Diesel,BS6,3298.0,2,2,40.91,72.73,0
KA-01-XB-6633,2023-07-15,2023,Karnataka,Bangalore Central (KA-01),4W,SUV,Skoda,Diesel,BS6,1462.0,7,1,25.89,89.29,0
KL-08-YB-6650,2020-06-15,2020,Kerala,Thrissur (KL-08),2W,Scooter,Yamaha,Petrol,BS6,100.0,2,4,44.63,96.69,0
KA-09-ZB-6667,2020-12-22,2020,Karnataka,Mysore (KA-09),4W,SUV,Renault,Diesel,BS6,1000.0,7,4,25.89,89.29,0
KA-01-AC-6684,2023-07-01,2023,Karnataka,Bangalore Central (KA-01),4W,MUV,Kia,Petrol,BS6,1968.0,7,1,25.89,89.29,0
UP-32-BC-6701,2022-06-15,2022,Uttar Pradesh,Lucknow (UP-32),LCV,Light Bus,Ashok Leyland,CNG,BS6,2956.0,12,2,35.0,90.0,0
MH-12-CC-6718,2020-04-22,2020,Maharashtra,Pune (MH-12),4W,SUV,Maruti Suzuki,Diesel,BS6,1462.0,7,4,28.89,91.11,0
WB-13-DC-6735,2024-08-12,2024,West Bengal,Howrah (WB-13),2W,Scooter,Bajaj,Petrol,BS6,250.0,2,0,39.16,92.31,0
TS-07-EC-6752,2024-07-23,2024,Telangana,Khammam (TS-07),OTH,Tractor,Sonalika,Diesel,BS6,4998.0,2,0,0.0,75.0,0
KL-11-FC-6769,2021-06-14,2021,Kerala,Kozhikode (KL-11),4W,SUV,Kia,Diesel,BS6,1498.0,7,3,24.55,90.0,0
KA-09-GC-6786,2022-09-17,2022,Karnataka,Mysore (KA-09),2W,Moped,Bajaj,EV,Not Applicable,0.0,2,2,49.39,91.46,0
TS-05-HC-6803,2021-11-27,2021,Telangana,Nizamabad (TS-05),2W,Moped,Bajaj,Petrol,BS6,93.7,2,3,40.8,92.8,0
DL-04-IC-6820,2022-08-12,2022,Delhi,Delhi North (DL-04),2W,Motorcycle,KTM,EV,Not Applicable,0.0,2,2,39.39,90.3,0
TN-01-JC-6837,2024-02-02,2024,Tamil Nadu,Chennai Central (TN-01),4W,Hatchback,Toyota,Diesel,BS6,1598.0,5,0,26.26,91.92,0
KL-11-KC-6854,2022-03-10,2022,Kerala,Kozhikode (KL-11),4W,Hatchback,Skoda,Diesel,BS6,1968.0,5,2,24.55,90.0,0
MP-20-LC-6871,2020-07-27,2020,Madhya Pradesh,Jabalpur (MP-20),2W,Motorcycle,Royal Enfield,Petrol,BS6,111.0,2,4,40.43,85.11,0
TS-07-MC-6888,2023-10-28,2023,Telangana,Khammam (TS-07),2W,Motorcycle,Ola Electric,EV,Not Applicable,0.0,2,1,40.8,92.8,0
KA-22-NC-6905,2020-04-01,2020,Karnataka,Belgaum (KA-22),2W,Scooter,TVS,Petrol,BS6,125.0,2,4,49.39,91.46,0
MH-15-OC-6922,2024-12-24,2024,Maharashtra,Nashik (MH-15),4W,SUV,Hyundai,Petrol,BS6,1968.0,7,0,28.89,91.11,0
UP-65-PC-6939,2021-12-29,2021,Uttar Pradesh,Varanasi (UP-65),2W,Scooter,TVS,Petrol,BS6,250.0,2,3,47.06,91.91,0
GJ-03-QC-6956,2020-11-20,2020,Gujarat,Rajkot (GJ-03),2W,Scooter,Suzuki,Petrol,BS6,110.0,2,4,41.43,92.86,0
RJ-27-RC-6973,2019-01-31,2019,Rajasthan,Udaipur (RJ-27),4W,SUV,Maruti Suzuki,CNG,BS4,1598.0,5,5,26.0,89.0,0
TN-01-SC-6990,2021-10-18,2021,Tamil Nadu,Chennai Central (TN-01),HCV,Truck,Tata Motors,Diesel,BS6,5660.0,2,3,0.0,90.0,0
KA-09-TC-7007,2022-02-19,2022,Karnataka,Mysore (KA-09),2W,Motorcycle,KTM,Petrol,BS6,99.7,2,2,49.39,91.46,0
PB-02-UC-7024,2020-01-16,2020,Punjab,Amritsar (PB-02),4W,MUV,Tata Motors,Diesel,BS4,800.0,5,4,28.17,87.32,1
GJ-06-VC-7041,2022-09-12,2022,Gujarat,Vadodara (GJ-06),2W,Moped,TVS,EV,Not Applicable,0.0,2,2,41.43,92.86,0
PB-10-WC-7058,2022-08-18,2022,Punjab,Ludhiana (PB-10),OTH,Tractor,Sonalika,Diesel,BS6,3760.0,2,2,0.0,100.0,0
KA-25-XC-7075,2020-01-22,2020,Karnataka,Hubli (KA-25),2W,Motorcycle,Bajaj,EV,Not Applicable,0.0,2,4,49.39,91.46,0
MH-15-YC-7092,2023-09-27,2023,Maharashtra,Nashik (MH-15),4W,Hatchback,Renault,Petrol,BS6,1498.0,5,1,28.89,91.11,0
TS-03-ZC-7109,2020-08-06,2020,Telangana,Warangal (TS-03),2W,Motorcycle,KTM,Petrol,BS6,250.0,2,4,40.8,92.8,0
UP-65-AD-7126,2021-11-09,2021,Uttar Pradesh,Varanasi (UP-65),2W,Motorcycle,KTM,Petrol,BS6,250.0,2,3,47.06,91.91,0
GJ-03-BD-7143,2023-02-15,2023,Gujarat,Rajkot (GJ-03),OTH,Crane,Mahindra,Diesel,BS6,5660.0,2,1,0.0,100.0,0
KL-02-CD-7160,2018-07-17,2018,Kerala,Kollam (KL-02),4W,SUV,Maruti Suzuki,Diesel,BS4,1462.0,7,6,24.55,90.0,0
TS-09-DD-7177,2024-07-08,2024,Telangana,Hyderabad (TS-09),4W,MUV,Renault,Diesel,BS6,800.0,7,0,25.47,92.45,0
KA-19-ED-7194,2019-09-11,2019,Karnataka,Mangalore (KA-19),HCV,Bus,MAN,Diesel,BS4,4998.0,52,5,0.0,96.15,0
MP-13-FD-7211,2019-01-03,2019,Madhya Pradesh,Ujjain (MP-13),2W,Scooter,Bajaj,Petrol,BS4,150.0,2,5,40.43,85.11,0
MP-07-GD-7228,2024-01-23,2024,Madhya Pradesh,Gwalior (MP-07),OTH,Tractor,TAFE,Diesel,BS6,4998.0,2,0,0.0,75.0,0
PB-10-HD-7245,2022-06-08,2022,Punjab,Ludhiana (PB-10),4W,SUV,Honda,Petrol,BS6,1508.8,7,2,28.17,87.32,0
UP-32-ID-7262,2024-09-06,2024,Uttar Pradesh,Lucknow (UP-32),2W,Scooter,Suzuki,Petrol,BS6,160.0,2,0,47.06,91.91,0
CH-01-JD-7279,2023-12-06,2023,Chandigarh,Chandigarh (CH-01),4W,MUV,Maruti Suzuki,Petrol,BS6,1489.7,5,1,12.5,83.33,0
MP-04-KD-7296,2022-05-12,2022,Madhya Pradesh,Bhopal (MP-04),2W,Scooter,Honda,Petrol,BS6,250.0,2,2,40.43,85.11,0
GJ-18-LD-7313,2023-04-14,2023,Gujarat,Gandhinagar (GJ-18),2W,Motorcycle,Royal Enfield,Petrol,BS6,112.8,2,1,41.43,92.86,0
TS-01-MD-7330,2022-04-28,2022,Telangana,Karimnagar (TS-01),2W,Moped,Hero,EV,Not Applicable,0.0,2,2,40.8,92.8,0
UP-78-ND-7347,2022-08-13,2022,Uttar Pradesh,Kanpur (UP-78),2W,Scooter,Honda,Petrol,BS6,86.1,2,2,47.06,91.91,0
WB-39-OD-7364,2021-01-08,2021,West Bengal,Asansol (WB-39),4W,SUV,Mahindra,Hybrid,BS6,1197.0,5,3,23.66,84.95,0
GJ-05-PD-7381,2021-09-16,2021,Gujarat,Surat (GJ-05),2W,Motorcycle,Hero,Petrol,BS6,110.0,2,3,41.43,92.86,0
DL-02-QD-7398,2024-05-06,2024,Delhi,Delhi East (DL-02),4W,SUV,MG,Petrol,BS6,1498.0,7,0,22.58,88.17,0
TS-03-RD-7415,2023-09-23,2023,Telangana,Warangal (TS-03),2W,Scooter,Hero,Petrol,BS6,119.3,2,1,40.8,92.8,0
MH-20-SD-7432,2020-12-16,2020,Maharashtra,Aurangabad (MH-20),4W,SUV,Toyota,Petrol,BS6,1462.0,5,4,28.89,91.11,0
UP-32-TD-7449,2024-11-18,2024,Uttar Pradesh,Lucknow (UP-32),4W,SUV,Skoda,Petrol,BS6,800.0,5,0,19.75,88.89,0
MH-15-UD-7466,2022-05-02,2022,Maharashtra,Nashik (MH-15),HCV,Tanker,Volvo,Diesel,BS6,6700.0,2,2,0.0,84.62,0
GJ-06-VD-7483,2024-08-20,2024,Gujarat,Vadodara (GJ-06),OTH,Tractor,Sonalika,Diesel,BS6,5329.0,2,0,0.0,100.0,0
DL-02-WD-7500,2024-07-08,2024,Delhi,Delhi East (DL-02),2W,Moped,TVS,Petrol,BS6,100.0,2,0,39.39,90.3,0
UP-80-XD-7517,2024-07-24,2024,Uttar Pradesh,Agra (UP-80),2W,Scooter,Suzuki,Petrol,BS6,125.0,2,0,47.06,91.91,0
MP-07-YD-7534,2022-08-16,2022,Madhya Pradesh,Gwalior (MP-07),2W,Scooter,Suzuki,Petrol,BS6,250.0,2,2,40.43,85.11,0
WB-40-ZD-7551,2023-05-06,2023,West Bengal,Durgapur (WB-40),2W,Moped,Suzuki,Petrol,BS6,87.4,2,1,39.16,92.31,0
KL-07-AE-7568,2024-07-10,2024,Kerala,Kochi (KL-07),4W,SUV,MG,CNG,BS6,1498.0,7,0,24.55,90.0,0
UP-78-BE-7585,2021-11-16,2021,Uttar Pradesh,Kanpur (UP-78),3W,Tempo,Kinetic Green,EV,Not Applicable,0.0,4,3,85.71,85.71,0
DL-02-CE-7602,2022-01-13,2022,Delhi,Delhi East (DL-02),2W,Motorcycle,Suzuki,EV,Not Applicable,0.0,2,2,39.39,90.3,0
UP-70-DE-7619,2020-10-21,2020,Uttar Pradesh,Allahabad (UP-70),4W,SUV,Skoda,Hybrid,BS6,1462.0,7,4,19.75,88.89,0
UP-80-EE-7636,2024-11-08,2024,Uttar Pradesh,Agra (UP-80),3W,Tempo,Piaggio,Petrol,BS6,200.0,4,0,85.71,85.71,0
KA-01-FE-7653,2024-07-01,2024,Karnataka,Bangalore Central (KA-01),2W,Motorcycle,Hero,Petrol,BS6,150.0,2,0,49.39,91.46,0
KL-07-GE-7670,2023-10-26,2023,Kerala,Kochi (KL-07),HCV,Trailer,Tata Motors,Diesel,BS6,6700.0,2,1,0.0,84.0,0
RJ-19-HE-7687,2024-03-25,2024,Rajasthan,Jodhpur (RJ-19),2W,Scooter,Ather,EV,Not Applicable,0.0,2,0,48.41,92.86,0
KA-22-IE-7704,2022-12-26,2022,Karnataka,Belgaum (KA-22),HCV,Tanker,Ashok Leyland,Diesel,BS6,5660.0,2,2,0.0,96.15,0
KA-09-JE-7721,2024-07-13,2024,Karnataka,Mysore (KA-09),LCV,Mini Truck,Tata Motors,Diesel,BS6,2956.0,2,0,26.92,88.46,0
MH-20-KE-7738,2022-01-11,2022,Maharashtra,Aurangabad (MH-20),4W,SUV,MG,CNG,BS6,2179.0,7,2,28.89,91.11,0
RJ-14-LE-7755,2023-07-21,2023,Rajasthan,Jaipur (RJ-14),LCV,Mini Truck,Mahindra,Diesel,BS6,2956.0,2,1,40.91,72.73,0
MP-09-ME-7772,2023-07-01,2023,Madhya Pradesh,Indore (MP-09),HCV,Trailer,Volvo,Diesel,BS6,5660.0,2,1,4.76,85.71,0
MH-20-NE-7789,2024-09-19,2024,Maharashtra,Aurangabad (MH-20),LCV,Pickup Van,Mahindra,Diesel,BS6,3298.0,2,0,22.58,90.32,0
MH-15-OE-7806,2020-05-14,2020,Maharashtra,Nashik (MH-15),2W,Motorcycle,Hero,EV,Not Applicable,0.0,2,4,50.93,95.37,0
UP-80-PE-7823,2019-01-17,2019,Uttar Pradesh,Agra (UP-80),2W,Motorcycle,KTM,EV,Not Applicable,0.0,2,5,47.06,91.91,0
CH-01-QE-7840,2020-07-13,2020,Chandigarh,Chandigarh (CH-01),4W,SUV,Kia,Diesel,BS6,1968.0,5,4,12.5,83.33,0
KL-11-RE-7857,2024-07-27,2024,Kerala,Kozhikode (KL-11),4W,SUV,Toyota,Diesel,BS6,1598.0,7,0,24.55,90.0,0
RJ-20-SE-7874,2019-12-10,2019,Rajasthan,Kota (RJ-20),4W,MUV,Kia,Petrol,BS4,1000.0,7,5,26.0,89.0,0
TS-09-TE-7891,2019-02-04,2019,Telangana,Hyderabad (TS-09),2W,Motorcycle,Honda,Petrol,BS4,125.0,2,5,40.8,92.8,0
PB-10-UE-7908,2018-11-13,2018,Punjab,Ludhiana (PB-10),4W,Hatchback,Maruti Suzuki,Hybrid,BS4,1000.0,5,6,28.17,87.32,0
PB-08-VE-7925,2019-03-13,2019,Punjab,Jalandhar (PB-08),4W,SUV,Hyundai,CNG,BS4,1462.0,5,5,28.17,87.32,0
TN-01-WE-7942,2023-04-18,2023,Tamil Nadu,Chennai Central (TN-01),4W,Hatchback,Maruti Suzuki,Diesel,BS6,800.0,5,1,26.26,91.92,0
UP-80-XE-7959,2023-11-06,2023,Uttar Pradesh,Agra (UP-80),4W,SUV,MG,Petrol,BS6,1197.0,5,1,19.75,88.89,0
GJ-18-YE-7976,2022-04-01,2022,Gujarat,Gandhinagar (GJ-18),LCV,Mini Truck,Force Motors,Diesel,BS6,2956.0,2,2,53.33,73.33,0
TN-45-ZE-7993,2023-04-06,2023,Tamil Nadu,Trichy (TN-45),4W,Sedan,Hyundai,EV,Not Applicable,0.0,5,1,26.26,91.92,0
TN-30-AF-8010,2022-04-22,2022,Tamil Nadu,Salem (TN-30),4W,SUV,Skoda,Diesel,BS6,1968.0,7,2,26.26,91.92,0
RJ-19-BF-8027,2020-02-03,2020,Rajasthan,Jodhpur (RJ-19),4W,SUV,Kia,Hybrid,BS4,2179.0,7,4,26.0,89.0,1
KL-01-CF-8044,2023-08-17,2023,Kerala,Thiruvananthapuram (KL-01),4W,SUV,Hyundai,EV,Not Applicable,0.0,5,1,24.55,90.0,0
RJ-01-DF-8061,2024-05-14,2024,Rajasthan,Ajmer (RJ-01),4W,SUV,Skoda,EV,Not Applicable,0.0,7,0,26.0,89.0,0
RJ-27-EF-8078,2022-04-08,2022,Rajasthan,Udaipur (RJ-27),2W,Motorcycle,KTM,Petrol,BS6,150.0,2,2,48.41,92.86,0
PB-10-FF-8095,2024-07-25,2024,Punjab,Ludhiana (PB-10),2W,Scooter,Suzuki,EV,Not Applicable,0.0,2,0,41.51,90.57,0
WB-73-GF-8112,2024-06-11,2024,West Bengal,Siliguri (WB-73),2W,Moped,Suzuki,Petrol,BS6,91.9,2,0,39.16,92.31,0
MP-09-HF-8129,2024-10-30,2024,Madhya Pradesh,Indore (MP-09),2W,Motorcycle,Suzuki,EV,Not Applicable,0.0,2,0,40.43,85.11,0
DL-01-IF-8146,2021-09-13,2021,Delhi,Delhi Central (DL-01),2W,Scooter,TVS,Petrol,BS6,250.0,2,3,39.39,90.3,0
TN-58-JF-8163,2022-09-13,2022,Tamil Nadu,Madurai (TN-58),4W,SUV,Mahindra,Petrol,BS6,1968.0,7,2,26.26,91.92,0
TN-30-KF-8180,2019-12-28,2019,Tamil Nadu,Salem (TN-30),HCV,Truck,Volvo,Diesel,BS4,6700.0,2,5,0.0,90.0,0
GJ-05-LF-8197,2022-11-21,2022,Gujarat,Surat (GJ-05),2W,Scooter,Bajaj,Petrol,BS6,125.0,2,2,41.43,92.86,0
RJ-20-MF-8214,2022-05-25,2022,Rajasthan,Kota (RJ-20),4W,SUV,Skoda,Petrol,BS6,1598.0,7,2,26.0,89.0,0
KL-07-NF-8231,2022-05-07,2022,Kerala,Kochi (KL-07),2W,Scooter,Honda,Petrol,BS6,150.0,2,2,44.63,96.69,0
RJ-19-OF-8248,2023-06-24,2023,Rajasthan,Jodhpur (RJ-19),HCV,Trailer,MAN,Diesel,BS6,5660.0,2,1,6.67,86.67,0
KL-07-PF-8265,2023-05-02,2023,Kerala,Kochi (KL-07),LCV,Pickup Van,Eicher,Diesel,BS6,2956.0,2,1,32.35,94.12,0
PB-08-QF-8282,2021-11-16,2021,Punjab,Jalandhar (PB-08),LCV,Pickup Van,Eicher,Diesel,BS6,3298.0,2,3,22.22,88.89,0
TS-01-RF-8299,2022-04-09,2022,Telangana,Karimnagar (TS-01),3W,Tempo,TVS,CNG,BS6,250.0,4,2,81.25,100.0,0
TN-58-SF-8316,2020-06-16,2020,Tamil Nadu,Madurai (TN-58),LCV,Mini Truck,Force Motors,Diesel,BS6,3298.0,2,4,40.0,92.0,0
WB-39-TF-8333,2024-10-01,2024,West Bengal,Asansol (WB-39),2W,Scooter,Yamaha,EV,Not Applicable,0.0,2,0,39.16,92.31,0
MP-09-UF-8350,2019-09-26,2019,Madhya Pradesh,Indore (MP-09),HCV,Truck,Volvo,Diesel,BS4,4998.0,2,5,4.76,85.71,0
DL-04-VF-8367,2020-01-13,2020,Delhi,Delhi North (DL-04),2W,Motorcycle,Royal Enfield,Petrol,BS4,100.0,2,4,39.39,90.3,1
MP-20-WF-8384,2023-03-22,2023,Madhya Pradesh,Jabalpur (MP-20),2W,Scooter,TVS,EV,Not Applicable,0.0,2,1,40.43,85.11,0
WB-40-XF-8401,2020-08-20,2020,West Bengal,Durgapur (WB-40),2W,Motorcycle,KTM,Petrol,BS6,160.0,2,4,39.16,92.31,0
TN-45-YF-8418,2024-09-02,2024,Tamil Nadu,Trichy (TN-45),2W,Motorcycle,Honda,Petrol,BS6,200.0,2,0,44.68,95.74,0
TN-58-ZF-8435,2023-06-15,2023,Tamil Nadu,Madurai (TN-58),LCV,Pickup Van,Eicher,Diesel,BS6,2956.0,2,1,40.0,92.0,0
RJ-01-AG-8452,2022-01-21,2022,Rajasthan,Ajmer (RJ-01),LCV,Mini Truck,Ashok Leyland,Diesel,BS6,2523.0,2,2,40.91,72.73,0
KL-07-BG-8469,2019-05-01,2019,Kerala,Kochi (KL-07),3W,Auto Rickshaw,Piaggio,CNG,BS4,200.0,4,5,84.38,93.75,0
RJ-20-CG-8486,2021-09-27,2021,Rajasthan,Kota (RJ-20),2W,Scooter,Honda,EV,Not Applicable,0.0,2,3,48.41,92.86,0
MP-20-DG-8503,2020-05-13,2020,Madhya Pradesh,Jabalpur (MP-20),4W,SUV,Mahindra,Diesel,BS6,1462.0,5,4,28.28,85.86,0
MH-20-EG-8520,2018-04-30,2018,Maharashtra,Aurangabad (MH-20),2W,Moped,Bajaj,EV,Not Applicable,0.0,2,6,50.93,95.37,0
TN-45-FG-8537,2022-09-10,2022,Tamil Nadu,Trichy (TN-45),2W,Scooter,Suzuki,Petrol,BS6,100.0,2,2,44.68,95.74,0
MP-20-GG-8554,2018-10-26,2018,Madhya Pradesh,Jabalpur (MP-20),4W,SUV,Mahindra,CNG,BS4,2179.0,5,6,28.28,85.86,0
RJ-14-HG-8571,2021-10-02,2021,Rajasthan,Jaipur (RJ-14),4W,SUV,Renault,Petrol,BS6,800.0,7,3,26.0,89.0,0
GJ-18-IG-8588,2023-06-21,2023,Gujarat,Gandhinagar (GJ-18),2W,Scooter,TVS,Petrol,BS6,150.0,2,1,41.43,92.86,0
RJ-20-JG-8605,2018-11-30,2018,Rajasthan,Kota (RJ-20),2W,Motorcycle,Royal Enfield,EV,Not Applicable,0.0,2,6,48.41,92.86,0
UP-78-KG-8622,2023-04-13,2023,Uttar Pradesh,Kanpur (UP-78),2W,Motorcycle,Suzuki,Petrol,BS6,150.0,2,1,47.06,91.91,0
KL-11-LG-8639,2023-08-26,2023,Kerala,Kozhikode (KL-11),LCV,Light Bus,Mahindra,CNG,BS6,2523.0,15,1,32.35,94.12,0
MP-09-MG-8656,2018-04-21,2018,Madhya Pradesh,Indore (MP-09),4W,SUV,Mahindra,Diesel,BS4,1197.0,7,6,28.28,85.86,0
DL-04-NG-8673,2022-11-05,2022,Delhi,Delhi North (DL-04),HCV,Tanker,MAN,Diesel,BS6,4998.0,2,2,0.0,68.75,0
WB-39-OG-8690,2019-01-16,2019,West Bengal,Asansol (WB-39),4W,Sedan,Hyundai,CNG,BS4,800.0,5,5,23.66,84.95,0
GJ-01-PG-8707,2022-04-21,2022,Gujarat,Ahmedabad (GJ-01),2W,Scooter,Ola Electric,EV,Not Applicable,0.0,2,2,41.43,92.86,0
UP-80-QG-8724,2023-06-05,2023,Uttar Pradesh,Agra (UP-80),2W,Scooter,Hero,Petrol,BS6,125.0,2,1,47.06,91.91,0
GJ-03-RG-8741,2023-01-16,2023,Gujarat,Rajkot (GJ-03),HCV,Bus,Tata Motors,Diesel,BS6,6700.0,32,1,0.0,100.0,0
MH-01-SG-8758,2023-05-19,2023,Maharashtra,Mumbai Central (MH-01),2W,Motorcycle,KTM,EV,Not Applicable,0.0,2,1,50.93,95.37,0
KL-02-TG-8775,2020-12-14,2020,Kerala,Kollam (KL-02),3W,Tempo,Kinetic Green,EV,Not Applicable,0.0,4,4,84.38,93.75,0
MH-15-UG-8792,2024-01-23,2024,Maharashtra,Nashik (MH-15),2W,Scooter,Suzuki,Petrol,BS6,110.0,2,0,50.93,95.37,0
GJ-06-VG-8809,2023-05-01,2023,Gujarat,Vadodara (GJ-06),4W,SUV,Kia,Petrol,BS6,2179.0,5,1,35.37,95.12,0
MP-04-WG-8826,2022-01-25,2022,Madhya Pradesh,Bhopal (MP-04),LCV,Pickup Van,Eicher,CNG,BS6,3298.0,2,2,37.5,83.33,0
KA-22-XG-8843,2021-10-11,2021,Karnataka,Belgaum (KA-22),2W,Scooter,Ather,EV,Not Applicable,0.0,2,3,49.39,91.46,0
TN-58-YG-8860,2022-08-29,2022,Tamil Nadu,Madurai (TN-58),4W,SUV,Honda,Petrol,BS6,1598.0,7,2,26.26,91.92,0
TN-30-ZG-8877,2019-03-12,2019,Tamil Nadu,Salem (TN-30),4W,MUV,Toyota,Diesel,BS4,1598.0,7,5,26.26,91.92,0
MP-20-AH-8894,2024-09-16,2024,Madhya Pradesh,Jabalpur (MP-20),3W,Tempo,Kinetic Green,EV,Not Applicable,0.0,4,0,79.31,89.66,0
RJ-01-BH-8911,2024-12-20,2024,Rajasthan,Ajmer (RJ-01),4W,Sedan,Skoda,Petrol,BS6,1968.0,5,0,26.0,89.0,0
UP-32-CH-8928,2019-05-11,2019,Uttar Pradesh,Lucknow (UP-32),OTH,Road Roller,Mahindra,Diesel,BS4,5329.0,2,5,0.0,75.0,0
KL-07-DH-8945,2021-10-08,2021,Kerala,Kochi (KL-07),4W,SUV,MG,Petrol,BS6,1968.0,7,3,24.55,90.0,0
DL-09-EH-8962,2023-03-21,2023,Delhi,Delhi South (DL-09),2W,Scooter,Honda,Petrol,BS6,150.0,2,1,39.39,90.3,0
KL-01-FH-8979,2020-12-21,2020,Kerala,Thiruvananthapuram (KL-01),LCV,Light Bus,Tata Motors,Diesel,BS6,3298.0,15,4,32.35,94.12,0
UP-80-GH-8996,2018-03-03,2018,Uttar Pradesh,Agra (UP-80),4W,SUV,Mahindra,Petrol,BS4,1462.0,5,6,19.75,88.89,0
MP-04-HH-9013,2024-07-25,2024,Madhya Pradesh,Bhopal (MP-04),2W,Scooter,Honda,Petrol,BS6,100.0,2,0,40.43,85.11,0
KL-02-IH-9030,2021-10-29,2021,Kerala,Kollam (KL-02),2W,Scooter,Yamaha,Petrol,BS6,110.1,2,3,44.63,96.69,0
MP-13-JH-9047,2021-05-11,2021,Madhya Pradesh,Ujjain (MP-13),4W,MUV,Maruti Suzuki,Diesel,BS6,2179.0,7,3,28.28,85.86,0
TS-09-KH-9064,2024-09-09,2024,Telangana,Hyderabad (TS-09),2W,Scooter,Ola Electric,EV,Not Applicable,0.0,2,0,40.8,92.8,0
UP-32-LH-9081,2022-05-06,2022,Uttar Pradesh,Lucknow (UP-32),HCV,Truck,BharatBenz,Diesel,BS6,3760.0,2,2,0.0,85.71,0
UP-80-MH-9098,2021-12-27,2021,Uttar Pradesh,Agra (UP-80),2W,Scooter,Hero,Petrol,BS6,97.7,2,3,47.06,91.91,0
DL-09-NH-9115,2024-01-15,2024,Delhi,Delhi South (DL-09),2W,Motorcycle,TVS,EV,Not Applicable,0.0,2,0,39.39,90.3,0
WB-01-OH-9132,2022-12-01,2022,West Bengal,Kolkata (WB-01),3W,E-Rickshaw,TVS,EV,Not Applicable,0.0,4,2,85.0,100.0,0
CH-01-PH-9149,2021-01-21,2021,Chandigarh,Chandigarh (CH-01),4W,MUV,Tata Motors,Diesel,BS6,1498.0,7,3,12.5,83.33,0
UP-32-QH-9166,2022-07-18,2022,Uttar Pradesh,Lucknow (UP-32),4W,SUV,Mahindra,Diesel,BS6,1197.0,5,2,19.75,88.89,0
MH-31-RH-9183,2022-12-24,2022,Maharashtra,Nagpur (MH-31),2W,Scooter,Ola Electric,EV,Not Applicable,0.0,2,2,50.93,95.37,0
KA-09-SH-9200,2022-07-07,2022,Karnataka,Mysore (KA-09),2W,Scooter,Ola Electric,EV,Not Applicable,0.0,2,2,49.39,91.46,0
MH-20-TH-9217,2021-05-24,2021,Maharashtra,Aurangabad (MH-20),LCV,Pickup Van,Eicher,Diesel,BS6,2956.0,2,3,22.58,90.32,0
KL-08-UH-9234,2021-09-17,2021,Kerala,Thrissur (KL-08),2W,Motorcycle,Royal Enfield,Petrol,BS6,150.0,2,3,44.63,96.69,0
TN-01-VH-9251,2023-12-04,2023,Tamil Nadu,Chennai Central (TN-01),2W,Motorcycle,Ola Electric,EV,Not Applicable,0.0,2,1,44.68,95.74,0
RJ-01-WH-9268,2021-01-21,2021,Rajasthan,Ajmer (RJ-01),2W,Motorcycle,TVS,EV,Not Applicable,0.0,2,3,48.41,92.86,0
DL-02-XH-9285,2021-01-07,2021,Delhi,Delhi East (DL-02),2W,Moped,Suzuki,Petrol,BS6,90.8,2,3,39.39,90.3,0
TS-05-YH-9302,2021-09-03,2021,Telangana,Nizamabad (TS-05),4W,SUV,Kia,Petrol,BS6,1462.0,5,3,25.47,92.45,0
MP-20-ZH-9319,2021-11-18,2021,Madhya Pradesh,Jabalpur (MP-20),3W,Auto Rickshaw,Bajaj,CNG,BS6,200.0,4,3,79.31,89.66,0
MP-09-AI-9336,2022-10-17,2022,Madhya Pradesh,Indore (MP-09),LCV,Mini Truck,Tata Motors,Diesel,BS6,2956.0,2,2,37.5,83.33,0
MP-20-BI-9353,2021-08-10,2021,Madhya Pradesh,Jabalpur (MP-20),LCV,Pickup Van,Mahindra,Diesel,BS6,2523.0,2,3,37.5,83.33,0
UP-32-CI-9370,2022-03-07,2022,Uttar Pradesh,Lucknow (UP-32),2W,Moped,Yamaha,Petrol,BS6,97.8,2,2,47.06,91.91,0
PB-11-DI-9387,2022-09-12,2022,Punjab,Patiala (PB-11),LCV,Light Bus,Mahindra,Diesel,BS6,2523.0,12,2,22.22,88.89,0
CH-01-EI-9404,2024-11-25,2024,Chandigarh,Chandigarh (CH-01),2W,Scooter,Honda,Petrol,BS6,100.0,2,0,40.62,90.62,0
RJ-20-FI-9421,2023-06-17,2023,Rajasthan,Kota (RJ-20),2W,Scooter,Yamaha,Petrol,BS6,160.0,2,1,48.41,92.86,0
WB-39-GI-9438,2022-11-07,2022,West Bengal,Asansol (WB-39),3W,Tempo,Atul Auto,EV,Not Applicable,0.0,4,2,85.0,100.0,0
RJ-14-HI-9455,2022-05-09,2022,Rajasthan,Jaipur (RJ-14),4W,SUV,Renault,Diesel,BS6,1498.0,7,2,26.0,89.0,0
GJ-18-II-9472,2022-06-06,2022,Gujarat,Gandhinagar (GJ-18),3W,E-Rickshaw,TVS,EV,Not Applicable,0.0,4,2,89.47,100.0,0
TS-01-JI-9489,2023-11-10,2023,Telangana,Karimnagar (TS-01),2W,Scooter,Suzuki,Petrol,BS6,101.8,2,1,40.8,92.8,0
KL-11-KI-9506,2022-04-15,2022,Kerala,Kozhikode (KL-11),2W,Moped,Yamaha,Petrol,BS6,86.6,2,2,44.63,96.69,0
PB-11-LI-9523,2020-11-20,2020,Punjab,Patiala (PB-11),2W,Motorcycle,Royal Enfield,EV,Not Applicable,0.0,2,4,41.51,90.57,0
TN-30-MI-9540,2021-08-24,2021,Tamil Nadu,Salem (TN-30),2W,Motorcycle,KTM,Petrol,BS6,114.2,2,3,44.68,95.74,0
RJ-19-NI-9557,2024-07-20,2024,Rajasthan,Jodhpur (RJ-19),2W,Motorcycle,Royal Enfield,Petrol,BS6,100.0,2,0,48.41,92.86,0
KA-09-OI-9574,2024-10-25,2024,Karnataka,Mysore (KA-09),4W,SUV,MG,Diesel,BS6,1498.0,7,0,25.89,89.29,0
DL-08-PI-9591,2019-07-18,2019,Delhi,Delhi West (DL-08),2W,Motorcycle,KTM,EV,Not Applicable,0.0,2,5,39.39,90.3,0
KA-09-QI-9608,2024-02-26,2024,Karnataka,Mysore (KA-09),2W,Scooter,Hero,Petrol,BS6,104.4,2,0,49.39,91.46,0
TS-05-RI-9625,2018-10-18,2018,Telangana,Nizamabad (TS-05),2W,Motorcycle,Suzuki,Petrol,BS4,100.0,2,6,40.8,92.8,0
MH-01-SI-9642,2022-04-23,2022,Maharashtra,Mumbai Central (MH-01),2W,Motorcycle,Royal Enfield,Petrol,BS6,94.4,2,2,50.93,95.37,0
PB-11-TI-9659,2018-06-12,2018,Punjab,Patiala (PB-11),4W,SUV,Mahindra,Petrol,BS4,1462.0,7,6,28.17,87.32,0
UP-78-UI-9676,2022-05-19,2022,Uttar Pradesh,Kanpur (UP-78),4W,Hatchback,Tata Motors,Petrol,BS6,2179.0,5,2,19.75,88.89,0
KA-09-VI-9693,2022-04-23,2022,Karnataka,Mysore (KA-09),LCV,Mini Truck,Mahindra,Diesel,BS6,3298.0,2,2,26.92,88.46,0
MH-12-WI-9710,2024-04-19,2024,Maharashtra,Pune (MH-12),4W,SUV,Skoda,CNG,BS6,1462.0,5,0,28.89,91.11,0
KA-19-XI-9727,2024-07-13,2024,Karnataka,Mangalore (KA-19),4W,MUV,Tata Motors,Hybrid,BS6,800.0,7,0,25.89,89.29,0
DL-04-YI-9744,2018-11-12,2018,Delhi,Delhi North (DL-04),2W,Scooter,Yamaha,Petrol,BS4,109.8,2,6,39.39,90.3,0
WB-39-ZI-9761,2023-07-13,2023,West Bengal,Asansol (WB-39),2W,Motorcycle,Honda,EV,Not Applicable,0.0,2,1,39.16,92.31,0
UP-78-AJ-9778,2020-04-28,2020,Uttar Pradesh,Kanpur (UP-78),2W,Scooter,Suzuki,Petrol,BS6,250.0,2,4,47.06,91.91,0
PB-08-BJ-9795,2019-01-12,2019,Punjab,Jalandhar (PB-08),HCV,Bus,MAN,Diesel,BS4,6700.0,52,5,0.0,68.0,0
RJ-20-CJ-9812,2022-02-15,2022,Rajasthan,Kota (RJ-20),2W,Scooter,Suzuki,Petrol,BS6,250.0,2,2,48.41,92.86,0
GJ-06-DJ-9829,2020-10-26,2020,Gujarat,Vadodara (GJ-06),2W,Motorcycle,Royal Enfield,EV,Not Applicable,0.0,2,4,41.43,92.86,0
PB-11-EJ-9846,2018-02-16,2018,Punjab,Patiala (PB-11),4W,Hatchback,Honda,Diesel,BS4,1197.0,5,6,28.17,87.32,0
PB-11-FJ-9863,2022-03-14,2022,Punjab,Patiala (PB-11),2W,Scooter,Ather,EV,Not Applicable,0.0,2,2,41.51,90.57,0
GJ-05-GJ-9880,2019-11-14,2019,Gujarat,Surat (GJ-05),2W,Scooter,TVS,EV,Not Applicable,0.0,2,5,41.43,92.86,0
PB-10-HJ-9897,2020-11-04,2020,Punjab,Ludhiana (PB-10),2W,Scooter,Suzuki,Petrol,BS6,110.0,2,4,41.51,90.57,0
KA-01-IJ-9914,2023-07-08,2023,Karnataka,Bangalore Central (KA-01),2W,Scooter,Ather,EV,Not Applicable,0.0,2,1,49.39,91.46,0
TN-45-JJ-9931,2024-05-20,2024,Tamil Nadu,Trichy (TN-45),HCV,Bus,Tata Motors,Diesel,BS6,5660.0,32,0,0.0,90.0,0
TS-07-KJ-9948,2018-03-09,2018,Telangana,Khammam (TS-07),LCV,Pickup Van,Mahindra,Diesel,BS4,2956.0,2,6,0.0,84.62,0
RJ-01-LJ-9965,2020-12-31,2020,Rajasthan,Ajmer (RJ-01),4W,MUV,Mahindra,Diesel,BS6,1462.0,7,4,26.0,89.0,0
MP-13-MJ-9982,2018-09-28,2018,Madhya Pradesh,Ujjain (MP-13),4W,Hatchback,Honda,Petrol,BS4,2179.0,5,6,28.28,85.86,0
TS-07-NJ-9999,2023-07-27,2023,Telangana,Khammam (TS-07),4W,MUV,Renault,Diesel,BS6,1498.0,7,1,25.47,92.45,0
TN-45-OJ-1016,2019-06-03,2019,Tamil Nadu,Trichy (TN-45),LCV,Mini Truck,Tata Motors,Diesel,BS4,2523.0,2,5,40.0,92.0,0
UP-65-PJ-1033,2022-01-10,2022,Uttar Pradesh,Varanasi (UP-65),2W,Scooter,Hero,Petrol,BS6,150.0,2,2,47.06,91.91,0
UP-78-QJ-1050,2023-05-06,2023,Uttar Pradesh,Kanpur (UP-78),2W,Moped,TVS,EV,Not Applicable,0.0,2,1,47.06,91.91,0
MH-12-RJ-1067,2022-07-11,2022,Maharashtra,Pune (MH-12),LCV,Pickup Van,Force Motors,Diesel,BS6,2956.0,2,2,22.58,90.32,0
TN-30-SJ-1084,2024-07-10,2024,Tamil Nadu,Salem (TN-30),HCV,Bus,Ashok Leyland,Diesel,BS6,3760.0,32,0,0.0,90.0,0
WB-73-TJ-1101,2021-10-11,2021,West Bengal,Siliguri (WB-73),LCV,Pickup Van,Tata Motors,CNG,BS6,3298.0,2,3,39.13,86.96,0
WB-01-UJ-1118,2020-03-16,2020,West Bengal,Kolkata (WB-01),2W,Motorcycle,Royal Enfield,EV,Not Applicable,0.0,2,4,39.16,92.31,0
GJ-01-VJ-1135,2018-06-21,2018,Gujarat,Ahmedabad (GJ-01),2W,Scooter,Ather,EV,Not Applicable,0.0,2,6,41.43,92.86,0
WB-40-WJ-1152,2023-03-06,2023,West Bengal,Durgapur (WB-40),4W,SUV,Toyota,Petrol,BS6,2179.0,7,1,23.66,84.95,0
UP-70-XJ-1169,2022-07-13,2022,Uttar Pradesh,Allahabad (UP-70),2W,Scooter,Ola Electric,EV,Not Applicable,0.0,2,2,47.06,91.91,0
MP-20-YJ-1186,2023-02-17,2023,Madhya Pradesh,Jabalpur (MP-20),4W,SUV,Tata Motors,Petrol,BS6,1968.0,7,1,28.28,85.86,0
UP-78-ZJ-1203,2020-04-09,2020,Uttar Pradesh,Kanpur (UP-78),2W,Scooter,Hero,Petrol,BS6,250.0,2,4,47.06,91.91,0
TN-30-AK-1220,2024-01-20,2024,Tamil Nadu,Salem (TN-30),4W,SUV,Mahindra,Petrol,BS6,1498.0,7,0,26.26,91.92,0
KA-09-BK-1237,2019-08-24,2019,Karnataka,Mysore (KA-09),3W,Auto Rickshaw,Kinetic Green,EV,Not Applicable,0.0,4,5,68.42,94.74,0
KL-11-CK-1254,2022-06-20,2022,Kerala,Kozhikode (KL-11),LCV,Pickup Van,Eicher,CNG,BS6,3298.0,2,2,32.35,94.12,0
TN-45-DK-1271,2024-01-12,2024,Tamil Nadu,Trichy (TN-45),3W,E-Rickshaw,Atul Auto,EV,Not Applicable,0.0,4,0,82.14,96.43,0
GJ-06-EK-1288,2024-10-29,2024,Gujarat,Vadodara (GJ-06),HCV,Trailer,BharatBenz,Diesel,BS6,5660.0,2,0,0.0,100.0,0
KA-09-FK-1305,2024-12-23,2024,Karnataka,Mysore (KA-09),4W,SUV,Mahindra,Diesel,BS6,1462.0,5,0,25.89,89.29,0
UP-65-GK-1322,2020-09-03,2020,Uttar Pradesh,Varanasi (UP-65),2W,Motorcycle,Royal Enfield,Petrol,BS6,110.0,2,4,47.06,91.91,0
RJ-14-HK-1339,2022-06-20,2022,Rajasthan,Jaipur (RJ-14),2W,Scooter,TVS,Petrol,BS6,200.0,2,2,48.41,92.86,0
KA-25-IK-1356,2020-04-30,2020,Karnataka,Hubli (KA-25),2W,Scooter,Suzuki,EV,Not Applicable,0.0,2,4,49.39,91.46,0
DL-09-JK-1373,2021-02-12,2021,Delhi,Delhi South (DL-09),4W,SUV,Tata Motors,CNG,BS6,1000.0,5,3,22.58,88.17,0
KA-01-KK-1390,2024-11-27,2024,Karnataka,Bangalore Central (KA-01),2W,Motorcycle,KTM,Petrol,BS6,125.0,2,0,49.39,91.46,0
MH-01-LK-1407,2024-12-13,2024,Maharashtra,Mumbai Central (MH-01),3W,Auto Rickshaw,Piaggio,CNG,BS6,250.0,4,0,87.5,87.5,0
CH-01-MK-1424,2018-02-12,2018,Chandigarh,Chandigarh (CH-01),2W,Scooter,Yamaha,Petrol,BS4,100.0,2,6,40.62,90.62,0
CH-01-NK-1441,2023-02-25,2023,Chandigarh,Chandigarh (CH-01),4W,Sedan,Tata Motors,Diesel,BS6,1498.0,5,1,12.5,83.33,0
PB-11-OK-1458,2019-05-14,2019,Punjab,Patiala (PB-11),2W,Motorcycle,Royal Enfield,Petrol,BS4,111.6,2,5,41.51,90.57,0
MP-13-PK-1475,2021-06-23,2021,Madhya Pradesh,Ujjain (MP-13),2W,Scooter,Bajaj,Petrol,BS6,104.9,2,3,40.43,85.11,0
KL-08-QK-1492,2021-07-26,2021,Kerala,Thrissur (KL-08),4W,SUV,Renault,Petrol,BS6,1968.0,7,3,24.55,90.0,0
GJ-06-RK-1509,2020-01-31,2020,Gujarat,Vadodara (GJ-06),2W,Scooter,TVS,Petrol,BS4,160.0,2,4,41.43,92.86,1
KA-09-SK-1526,2023-06-20,2023,Karnataka,Mysore (KA-09),2W,Scooter,TVS,Petrol,BS6,200.0,2,1,49.39,91.46,0
PB-10-TK-1543,2024-12-09,2024,Punjab,Ludhiana (PB-10),4W,MUV,Honda,Petrol,BS6,1462.0,7,0,28.17,87.32,0
KL-07-UK-1560,2020-06-25,2020,Kerala,Kochi (KL-07),LCV,Light Bus,Tata Motors,Diesel,BS6,2523.0,15,4,32.35,94.12,0
MH-31-VK-1577,2024-06-14,2024,Maharashtra,Nagpur (MH-31),2W,Motorcycle,KTM,EV,Not Applicable,0.0,2,0,50.93,95.37,0
TN-58-WK-1594,2022-04-05,2022,Tamil Nadu,Madurai (TN-58),4W,MUV,Toyota,Hybrid,BS6,800.0,7,2,26.26,91.92,0
GJ-03-XK-1611,2024-09-19,2024,Gujarat,Rajkot (GJ-03),2W,Scooter,TVS,Petrol,BS6,160.0,2,0,41.43,92.86,0
WB-40-YK-1628,2018-11-20,2018,West Bengal,Durgapur (WB-40),LCV,Light Bus,Mahindra,Diesel,BS4,3298.0,15,6,39.13,86.96,0
RJ-01-ZK-1645,2023-04-14,2023,Rajasthan,Ajmer (RJ-01),2W,Motorcycle,Honda,EV,Not Applicable,0.0,2,1,48.41,92.86,0
TN-58-AL-1662,2024-11-09,2024,Tamil Nadu,Madurai (TN-58),4W,SUV,Renault,Diesel,BS6,1462.0,7,0,26.26,91.92,0
KL-01-BL-1679,2021-08-23,2021,Kerala,Thiruvananthapuram (KL-01),3W,Tempo,Atul Auto,EV,Not Applicable,0.0,4,3,84.38,93.75,0
RJ-14-CL-1696,2023-08-26,2023,Rajasthan,Jaipur (RJ-14),2W,Scooter,Honda,EV,Not Applicable,0.0,2,1,48.41,92.86,0
PB-10-DL-1713,2021-01-20,2021,Punjab,Ludhiana (PB-10),HCV,Bus,BharatBenz,Diesel,BS6,4998.0,52,3,0.0,68.0,0
GJ-03-EL-1730,2020-05-02,2020,Gujarat,Rajkot (GJ-03),2W,Scooter,Bajaj,Petrol,BS6,114.5,2,4,41.43,92.86,0
MH-15-FL-1747,2023-08-02,2023,Maharashtra,Nashik (MH-15),2W,Motorcycle,Royal Enfield,EV,Not Applicable,0.0,2,1,50.93,95.37,0
TS-05-GL-1764,2020-10-09,2020,Telangana,Nizamabad (TS-05),4W,SUV,MG,CNG,BS6,1498.0,5,4,25.47,92.45,0
DL-04-HL-1781,2023-12-18,2023,Delhi,Delhi North (DL-04),4W,SUV,Tata Motors,Diesel,BS6,1968.0,5,1,22.58,88.17,0
RJ-19-IL-1798,2024-05-13,2024,Rajasthan,Jodhpur (RJ-19),HCV,Truck,Tata Motors,Diesel,BS6,4998.0,2,0,6.67,86.67,0
MP-07-JL-1815,2020-05-27,2020,Madhya Pradesh,Gwalior (MP-07),2W,Scooter,Bajaj,Petrol,BS6,160.0,2,4,40.43,85.11,0
TS-07-KL-1832,2024-05-02,2024,Telangana,Khammam (TS-07),4W,Hatchback,Tata Motors,Petrol,BS6,1000.0,5,0,25.47,92.45,0
TN-01-LL-1849,2023-10-02,2023,Tamil Nadu,Chennai Central (TN-01),4W,SUV,Hyundai,Diesel,BS6,2179.0,5,1,26.26,91.92,0
WB-39-ML-1866,2021-04-07,2021,West Bengal,Asansol (WB-39),2W,Motorcycle,Yamaha,Petrol,BS6,400.0,2,3,39.16,92.31,0
GJ-01-NL-1883,2020-09-24,2020,Gujarat,Ahmedabad (GJ-01),HCV,Truck,Tata Motors,Diesel,BS6,5660.0,2,4,0.0,100.0,0
WB-40-OL-1900,2023-07-26,2023,West Bengal,Durgapur (WB-40),2W,Scooter,Suzuki,Petrol,BS6,150.0,2,1,39.16,92.31,0
TN-37-PL-1917,2023-04-27,2023,Tamil Nadu,Coimbatore (TN-37),4W,SUV,Skoda,Hybrid,BS6,2179.0,7,1,26.26,91.92,0
UP-80-QL-1934,2022-10-20,2022,Uttar Pradesh,Agra (UP-80),4W,Sedan,Maruti Suzuki,Petrol,BS6,1598.0,5,2,19.75,88.89,0
MP-07-RL-1951,2024-03-09,2024,Madhya Pradesh,Gwalior (MP-07),4W,MUV,Maruti Suzuki,Diesel,BS6,1000.0,5,0,28.28,85.86,0
PB-10-SL-1968,2023-11-16,2023,Punjab,Ludhiana (PB-10),3W,Tempo,Atul Auto,Petrol,BS6,200.0,4,1,76.0,92.0,0
RJ-19-TL-1985,2024-06-03,2024,Rajasthan,Jodhpur (RJ-19),2W,Motorcycle,Royal Enfield,Petrol,BS6,125.0,2,0,48.41,92.86,0
KL-11-UL-2002,2024-09-28,2024,Kerala,Kozhikode (KL-11),4W,SUV,Kia,Diesel,BS6,1598.0,5,0,24.55,90.0,0
WB-40-VL-2019,2024-04-04,2024,West Bengal,Durgapur (WB-40),4W,MUV,Maruti Suzuki,Petrol,BS6,1000.0,7,0,23.66,84.95,0
TS-07-WL-2036,2019-06-20,2019,Telangana,Khammam (TS-07),4W,Hatchback,Toyota,Petrol,BS4,1598.0,5,5,25.47,92.45,0
TN-45-XL-2053,2021-10-09,2021,Tamil Nadu,Trichy (TN-45),2W,Motorcycle,Bajaj,Petrol,BS6,400.0,2,3,44.68,95.74,0
KA-22-YL-2070,2021-01-21,2021,Karnataka,Belgaum (KA-22),HCV,Trailer,Eicher,Diesel,BS6,5660.0,2,3,0.0,96.15,0
KA-25-ZL-2087,2019-01-03,2019,Karnataka,Hubli (KA-25),2W,Motorcycle,TVS,Petrol,BS4,110.0,2,5,49.39,91.46,0
WB-01-AM-2104,2019-10-30,2019,West Bengal,Kolkata (WB-01),3W,E-Rickshaw,Mahindra,EV,Not Applicable,0.0,4,5,85.0,100.0,0
RJ-19-BM-2121,2023-04-22,2023,Rajasthan,Jodhpur (RJ-19),2W,Scooter,Honda,EV,Not Applicable,0.0,2,1,48.41,92.86,0
TN-45-CM-2138,2022-10-24,2022,Tamil Nadu,Trichy (TN-45),2W,Scooter,Hero,Petrol,BS6,150.0,2,2,44.68,95.74,0
WB-39-DM-2155,2023-09-28,2023,West Bengal,Asansol (WB-39),2W,Scooter,Bajaj,EV,Not Applicable,0.0,2,1,39.16,92.31,0
RJ-19-EM-2172,2021-11-12,2021,Rajasthan,Jodhpur (RJ-19),2W,Moped,Suzuki,EV,Not Applicable,0.0,2,3,48.41,92.86,0
KL-08-FM-2189,2024-10-29,2024,Kerala,Thrissur (KL-08),2W,Motorcycle,KTM,Petrol,BS6,114.5,2,0,44.63,96.69,0
KL-11-GM-2206,2024-03-08,2024,Kerala,Kozhikode (KL-11),4W,Sedan,Skoda,Petrol,BS6,800.0,5,0,24.55,90.0,0
DL-01-HM-2223,2021-10-22,2021,Delhi,Delhi Central (DL-01),4W,MUV,Tata Motors,Petrol,BS6,800.0,7,3,22.58,88.17,0
KL-01-IM-2240,2021-03-15,2021,Kerala,Thiruvananthapuram (KL-01),4W,Hatchback,Honda,Petrol,BS6,1197.0,5,3,24.55,90.0,0
RJ-20-JM-2257,2021-04-14,2021,Rajasthan,Kota (RJ-20),OTH,Crane,Escorts,Diesel,BS6,4998.0,2,3,0.0,100.0,0
UP-80-KM-2274,2022-08-12,2022,Uttar Pradesh,Agra (UP-80),2W,Moped,Bajaj,EV,Not Applicable,0.0,2,2,47.06,91.91,0
GJ-01-LM-2291,2023-05-29,2023,Gujarat,Ahmedabad (GJ-01),2W,Motorcycle,Hero,Petrol,BS6,150.0,2,1,41.43,92.86,0
UP-32-MM-2308,2020-01-08,2020,Uttar Pradesh,Lucknow (UP-32),LCV,Mini Truck,Ashok Leyland,Diesel,BS4,2956.0,2,4,35.0,90.0,1
KA-22-NM-2325,2022-05-23,2022,Karnataka,Belgaum (KA-22),3W,E-Rickshaw,Kinetic Green,EV,Not Applicable,0.0,4,2,68.42,94.74,0
GJ-05-OM-2342,2023-09-06,2023,Gujarat,Surat (GJ-05),3W,E-Rickshaw,Piaggio,EV,Not Applicable,0.0,4,1,89.47,100.0,0
TS-07-PM-2359,2023-05-11,2023,Telangana,Khammam (TS-07),4W,Sedan,Hyundai,Petrol,BS6,1000.0,5,1,25.47,92.45,0
MP-13-QM-2376,2022-05-04,2022,Madhya Pradesh,Ujjain (MP-13),4W,MUV,Maruti Suzuki,Petrol,BS6,1498.0,7,2,28.28,85.86,0
DL-09-RM-2393,2023-01-02,2023,Delhi,Delhi South (DL-09),LCV,Light Bus,Eicher,Diesel,BS6,2956.0,15,1,30.77,92.31,0
RJ-01-SM-2410,2020-06-05,2020,Rajasthan,Ajmer (RJ-01),2W,Scooter,Hero,EV,Not Applicable,0.0,2,4,48.41,92.86,0
GJ-06-TM-2427,2022-07-14,2022,Gujarat,Vadodara (GJ-06),4W,SUV,Skoda,CNG,BS6,2179.0,7,2,35.37,95.12,0
DL-08-UM-2444,2023-06-20,2023,Delhi,Delhi West (DL-08),2W,Scooter,Yamaha,EV,Not Applicable,0.0,2,1,39.39,90.3,0
DL-04-VM-2461,2019-04-29,2019,Delhi,Delhi North (DL-04),HCV,Truck,MAN,Diesel,BS4,6700.0,2,5,0.0,68.75,0
DL-04-WM-2478,2023-08-14,2023,Delhi,Delhi North (DL-04),2W,Scooter,Honda,Petrol,BS6,112.1,2,1,39.39,90.3,0
DL-02-XM-2495,2018-07-30,2018,Delhi,Delhi East (DL-02),2W,Motorcycle,Hero,Petrol,BS4,110.0,2,6,39.39,90.3,0
GJ-18-YM-2512,2024-03-01,2024,Gujarat,Gandhinagar (GJ-18),LCV,Mini Truck,Tata Motors,Diesel,BS6,2523.0,2,0,53.33,73.33,0
PB-11-ZM-2529,2023-03-27,2023,Punjab,Patiala (PB-11),4W,Sedan,Maruti Suzuki,Diesel,BS6,800.0,5,1,28.17,87.32,0
DL-04-AN-2546,2022-05-23,2022,Delhi,Delhi North (DL-04),LCV,Mini Truck,Tata Motors,Diesel,BS6,2523.0,2,2,30.77,92.31,0
KL-11-BN-2563,2020-02-19,2020,Kerala,Kozhikode (KL-11),HCV,Tanker,Eicher,Diesel,BS4,5849.0,2,4,0.0,84.0,1
MP-07-CN-2580,2018-04-11,2018,Madhya Pradesh,Gwalior (MP-07),2W,Motorcycle,Bajaj,Petrol,BS4,150.0,2,6,40.43,85.11,0
DL-02-DN-2597,2022-03-02,2022,Delhi,Delhi East (DL-02),2W,Motorcycle,KTM,Petrol,BS6,150.0,2,2,39.39,90.3,0
RJ-20-EN-2614,2019-08-31,2019,Rajasthan,Kota (RJ-20),LCV,Pickup Van,Mahindra,CNG,BS4,3298.0,2,5,40.91,72.73,0
TN-58-FN-2631,2019-04-19,2019,Tamil Nadu,Madurai (TN-58),2W,Motorcycle,Suzuki,Petrol,BS4,110.0,2,5,44.68,95.74,0
TN-30-GN-2648,2023-10-12,2023,Tamil Nadu,Salem (TN-30),2W,Motorcycle,TVS,Petrol,BS6,400.0,2,1,44.68,95.74,0
PB-11-HN-2665,2022-04-21,2022,Punjab,Patiala (PB-11),OTH,Tractor,TAFE,Diesel,BS6,6700.0,2,2,0.0,100.0,0
TN-45-IN-2682,2021-01-11,2021,Tamil Nadu,Trichy (TN-45),LCV,Pickup Van,Ashok Leyland,Diesel,BS6,2956.0,2,3,40.0,92.0,0
GJ-03-JN-2699,2019-03-06,2019,Gujarat,Rajkot (GJ-03),4W,SUV,Hyundai,CNG,BS4,800.0,7,5,35.37,95.12,0
KL-02-KN-2716,2021-10-25,2021,Kerala,Kollam (KL-02),HCV,Truck,Eicher,Diesel,BS6,4998.0,2,3,0.0,84.0,0
TS-03-LN-2733,2024-11-06,2024,Telangana,Warangal (TS-03),4W,Sedan,Tata Motors,Petrol,BS6,1462.0,5,0,25.47,92.45,0
DL-09-MN-2750,2019-06-20,2019,Delhi,Delhi South (DL-09),4W,SUV,Renault,Diesel,BS4,1498.0,7,5,22.58,88.17,0
TN-01-NN-2767,2023-09-23,2023,Tamil Nadu,Chennai Central (TN-01),2W,Motorcycle,TVS,Petrol,BS6,125.0,2,1,44.68,95.74,0
PB-08-ON-2784,2023-08-24,2023,Punjab,Jalandhar (PB-08),2W,Scooter,Ather,EV,Not Applicable,0.0,2,1,41.51,90.57,0
MP-07-PN-2801,2023-01-14,2023,Madhya Pradesh,Gwalior (MP-07),OTH,Crane,Mahindra,Diesel,BS6,3760.0,2,1,0.0,75.0,0
KA-25-QN-2818,2022-09-05,2022,Karnataka,Hubli (KA-25),2W,Scooter,Ola Electric,EV,Not Applicable,0.0,2,2,49.39,91.46,0
WB-39-RN-2835,2023-06-10,2023,West Bengal,Asansol (WB-39),4W,Hatchback,Skoda,Petrol,BS6,1968.0,5,1,23.66,84.95,0
TS-05-SN-2852,2022-11-04,2022,Telangana,Nizamabad (TS-05),4W,SUV,Tata Motors,Petrol,BS6,1498.0,7,2,25.47,92.45,0
GJ-03-TN-2869,2023-09-14,2023,Gujarat,Rajkot (GJ-03),3W,Auto Rickshaw,Piaggio,CNG,BS6,200.0,4,1,89.47,100.0,0
UP-65-UN-2886,2018-01-02,2018,Uttar Pradesh,Varanasi (UP-65),2W,Motorcycle,KTM,Petrol,BS4,160.0,2,6,47.06,91.91,0
DL-04-VN-2903,2023-09-29,2023,Delhi,Delhi North (DL-04),2W,Scooter,Honda,Petrol,BS6,125.0,2,1,39.39,90.3,0
UP-65-WN-2920,2023-04-27,2023,Uttar Pradesh,Varanasi (UP-65),4W,Sedan,Honda,Petrol,BS6,1598.0,5,1,19.75,88.89,0
MP-04-XN-2937,2023-01-21,2023,Madhya Pradesh,Bhopal (MP-04),2W,Motorcycle,Ola Electric,EV,Not Applicable,0.0,2,1,40.43,85.11,0
MH-15-YN-2954,2022-07-01,2022,Maharashtra,Nashik (MH-15),2W,Scooter,Ola Electric,EV,Not Applicable,0.0,2,2,50.93,95.37,0
PB-11-ZN-2971,2023-07-20,2023,Punjab,Patiala (PB-11),2W,Motorcycle,Hero,Petrol,BS6,160.0,2,1,41.51,90.57,0
TS-09-AO-2988,2023-11-27,2023,Telangana,Hyderabad (TS-09),LCV,Light Bus,Tata Motors,Diesel,BS6,2956.0,15,1,0.0,84.62,0
WB-73-BO-3005,2021-04-07,2021,West Bengal,Siliguri (WB-73),LCV,Mini Truck,Eicher,Diesel,BS6,2523.0,2,3,39.13,86.96,0
GJ-05-CO-3022,2021-06-01,2021,Gujarat,Surat (GJ-05),2W,Motorcycle,TVS,Petrol,BS6,125.0,2,3,41.43,92.86,0
TS-07-DO-3039,2020-08-03,2020,Telangana,Khammam (TS-07),4W,SUV,Honda,Petrol,BS6,1197.0,7,4,25.47,92.45,0
KL-02-EO-3056,2020-01-21,2020,Kerala,Kollam (KL-02),2W,Motorcycle,Royal Enfield,Petrol,BS4,250.0,2,4,44.63,96.69,1
GJ-03-FO-3073,2020-12-11,2020,Gujarat,Rajkot (GJ-03),2W,Motorcycle,Royal Enfield,Petrol,BS6,200.0,2,4,41.43,92.86,0
RJ-01-GO-3090,2018-08-29,2018,Rajasthan,Ajmer (RJ-01),4W,SUV,Mahindra,Hybrid,BS4,1968.0,7,6,26.0,89.0,0
UP-80-HO-3107,2022-04-26,2022,Uttar Pradesh,Agra (UP-80),LCV,Light Bus,Eicher,Diesel,BS6,2523.0,12,2,35.0,90.0,0
DL-09-IO-3124,2023-08-28,2023,Delhi,Delhi South (DL-09),4W,SUV,Kia,Diesel,BS6,800.0,5,1,22.58,88.17,0
MH-31-JO-3141,2020-04-16,2020,Maharashtra,Nagpur (MH-31),4W,SUV,Kia,Petrol,BS6,1598.0,5,4,28.89,91.11,0
TS-05-KO-3158,2020-02-22,2020,Telangana,Nizamabad (TS-05),4W,Hatchback,Honda,Hybrid,BS4,1000.0,5,4,25.47,92.45,1
KL-02-LO-3175,2022-04-12,2022,Kerala,Kollam (KL-02),3W,E-Rickshaw,Kinetic Green,EV,Not Applicable,0.0,4,2,84.38,93.75,0
KA-09-MO-3192,2021-01-21,2021,Karnataka,Mysore (KA-09),3W,Auto Rickshaw,Mahindra,EV,Not Applicable,0.0,4,3,68.42,94.74,0
KL-01-NO-3209,2019-07-29,2019,Kerala,Thiruvananthapuram (KL-01),HCV,Tanker,Volvo,Diesel,BS4,4998.0,2,5,0.0,84.0,0
MH-01-OO-3226,2022-08-01,2022,Maharashtra,Mumbai Central (MH-01),HCV,Bus,Tata Motors,Diesel,BS6,3760.0,52,2,0.0,84.62,0
TN-45-PO-3243,2021-11-23,2021,Tamil Nadu,Trichy (TN-45),3W,Auto Rickshaw,Piaggio,EV,Not Applicable,0.0,4,3,82.14,96.43,0
KL-11-QO-3260,2024-04-19,2024,Kerala,Kozhikode (KL-11),4W,Hatchback,Honda,Petrol,BS6,1968.0,5,0,24.55,90.0,0
PB-02-RO-3277,2022-09-27,2022,Punjab,Amritsar (PB-02),2W,Motorcycle,Honda,Petrol,BS6,150.0,2,2,41.51,90.57,0
GJ-01-SO-3294,2022-01-14,2022,Gujarat,Ahmedabad (GJ-01),4W,SUV,Mahindra,Diesel,BS6,1197.0,5,2,35.37,95.12,0
DL-02-TO-3311,2022-02-07,2022,Delhi,Delhi East (DL-02),4W,SUV,Mahindra,CNG,BS6,1462.0,5,2,22.58,88.17,0
GJ-06-UO-3328,2024-05-30,2024,Gujarat,Vadodara (GJ-06),2W,Motorcycle,Honda,Petrol,BS6,125.0,2,0,41.43,92.86,0
TS-07-VO-3345,2023-06-22,2023,Telangana,Khammam (TS-07),2W,Scooter,Hero,Petrol,BS6,103.2,2,1,40.8,92.8,0
WB-73-WO-3362,2023-03-07,2023,West Bengal,Siliguri (WB-73),2W,Moped,Hero,EV,Not Applicable,0.0,2,1,39.16,92.31,0
MH-01-XO-3379,2021-11-08,2021,Maharashtra,Mumbai Central (MH-01),HCV,Truck,Eicher,Diesel,BS6,3760.0,2,3,0.0,84.62,0
UP-78-YO-3396,2020-04-21,2020,Uttar Pradesh,Kanpur (UP-78),4W,Hatchback,Toyota,Hybrid,BS6,1498.0,5,4,19.75,88.89,0
RJ-14-ZO-3413,2019-09-06,2019,Rajasthan,Jaipur (RJ-14),4W,Sedan,Honda,CNG,BS4,1968.0,5,5,26.0,89.0,0
PB-10-AP-3430,2024-05-03,2024,Punjab,Ludhiana (PB-10),OTH,Tractor,John Deere,Diesel,BS6,5660.0,2,0,0.0,100.0,0
MH-20-BP-3447,2020-10-08,2020,Maharashtra,Aurangabad (MH-20),OTH,Tractor,John Deere,Diesel,BS6,4998.0,2,4,0.0,71.43,0
UP-32-CP-3464,2023-02-22,2023,Uttar Pradesh,Lucknow (UP-32),2W,Moped,Yamaha,EV,Not Applicable,0.0,2,1,47.06,91.91,0
WB-01-DP-3481,2024-12-28,2024,West Bengal,Kolkata (WB-01),4W,Hatchback,Renault,Diesel,BS6,1000.0,5,0,23.66,84.95,0
GJ-18-EP-3498,2022-07-26,2022,Gujarat,Gandhinagar (GJ-18),2W,Motorcycle,KTM,Petrol,BS6,150.0,2,2,41.43,92.86,0
KL-02-FP-3515,2023-12-04,2023,Kerala,Kollam (KL-02),4W,SUV,Skoda,CNG,BS6,1498.0,7,1,24.55,90.0,0
KA-22-GP-3532,2021-05-08,2021,Karnataka,Belgaum (KA-22),2W,Moped,Yamaha,EV,Not Applicable,0.0,2,3,49.39,91.46,0
RJ-01-HP-3549,2022-03-31,2022,Rajasthan,Ajmer (RJ-01),2W,Scooter,Ather,EV,Not Applicable,0.0,2,2,48.41,92.86,0
KA-09-IP-3566,2020-07-25,2020,Karnataka,Mysore (KA-09),LCV,Mini Truck,Ashok Leyland,EV,Not Applicable,0.0,2,4,26.92,88.46,0
CH-01-JP-3583,2023-08-02,2023,Chandigarh,Chandigarh (CH-01),OTH,Tractor,TAFE,Diesel,BS6,3760.0,2,1,0.0,100.0,0
TN-37-KP-3600,2022-12-10,2022,Tamil Nadu,Coimbatore (TN-37),2W,Moped,Bajaj,EV,Not Applicable,0.0,2,2,44.68,95.74,0
RJ-19-LP-3617,2024-01-09,2024,Rajasthan,Jodhpur (RJ-19),LCV,Light Bus,Mahindra,CNG,BS6,3298.0,15,0,40.91,72.73,0
RJ-27-MP-3634,2022-06-24,2022,Rajasthan,Udaipur (RJ-27),LCV,Mini Truck,Mahindra,CNG,BS6,2523.0,2,2,40.91,72.73,0
TN-30-NP-3651,2020-05-16,2020,Tamil Nadu,Salem (TN-30),4W,SUV,Renault,EV,Not Applicable,0.0,7,4,26.26,91.92,0
PB-08-OP-3668,2018-08-07,2018,Punjab,Jalandhar (PB-08),2W,Scooter,Honda,Petrol,BS4,111.0,2,6,41.51,90.57,0
MP-09-PP-3685,2024-03-02,2024,Madhya Pradesh,Indore (MP-09),4W,SUV,Skoda,Diesel,BS6,1498.0,7,0,28.28,85.86,0
GJ-03-QP-3702,2021-05-20,2021,Gujarat,Rajkot (GJ-03),4W,Sedan,Skoda,Hybrid,BS6,800.0,5,3,35.37,95.12,0
TN-30-RP-3719,2024-11-04,2024,Tamil Nadu,Salem (TN-30),4W,Hatchback,Maruti Suzuki,Petrol,BS6,1208.8,5,0,26.26,91.92,0
KA-01-SP-3736,2019-04-09,2019,Karnataka,Bangalore Central (KA-01),2W,Scooter,Ather,EV,Not Applicable,0.0,2,5,49.39,91.46,0
RJ-14-TP-3753,2018-05-23,2018,Rajasthan,Jaipur (RJ-14),2W,Motorcycle,Suzuki,EV,Not Applicable,0.0,2,6,48.41,92.86,0
GJ-18-UP-3770,2022-04-01,2022,Gujarat,Gandhinagar (GJ-18),2W,Scooter,Yamaha,Petrol,BS6,103.0,2,2,41.43,92.86,0
DL-09-VP-3787,2018-04-23,2018,Delhi,Delhi South (DL-09),HCV,Tanker,MAN,Diesel,BS4,5660.0,2,6,0.0,68.75,0
MH-15-WP-3804,2020-08-17,2020,Maharashtra,Nashik (MH-15),2W,Motorcycle,Royal Enfield,Petrol,BS6,91.3,2,4,50.93,95.37,0
KL-08-XP-3821,2019-10-12,2019,Kerala,Thrissur (KL-08),4W,MUV,Tata Motors,CNG,BS4,1000.0,7,5,24.55,90.0,0
KL-08-YP-3838,2023-02-04,2023,Kerala,Thrissur (KL-08),HCV,Truck,Ashok Leyland,Diesel,BS6,5660.0,2,1,0.0,84.0,0
UP-70-ZP-3855,2020-04-28,2020,Uttar Pradesh,Allahabad (UP-70),4W,SUV,Hyundai,Petrol,BS6,1000.0,7,4,19.75,88.89,0
RJ-20-AQ-3872,2024-02-26,2024,Rajasthan,Kota (RJ-20),4W,SUV,Mahindra,Diesel,BS6,2179.0,5,0,26.0,89.0,0
WB-01-BQ-3889,2022-07-14,2022,West Bengal,Kolkata (WB-01),2W,Motorcycle,Honda,Petrol,BS6,110.0,2,2,39.16,92.31,0
DL-04-CQ-3906,2022-10-21,2022,Delhi,Delhi North (DL-04),2W,Scooter,Yamaha,Petrol,BS6,102.9,2,2,39.39,90.3,0
UP-32-DQ-3923,2022-05-16,2022,Uttar Pradesh,Lucknow (UP-32),2W,Scooter,Honda,Petrol,BS6,160.0,2,2,47.06,91.91,0
MH-12-EQ-3940,2024-09-18,2024,Maharashtra,Pune (MH-12),LCV,Pickup Van,Tata Motors,Diesel,BS6,2523.0,2,0,22.58,90.32,0
UP-80-FQ-3957,2020-02-22,2020,Uttar Pradesh,Agra (UP-80),2W,Motorcycle,Bajaj,EV,Not Applicable,0.0,2,4,47.06,91.91,0
WB-39-GQ-3974,2023-09-20,2023,West Bengal,Asansol (WB-39),2W,Motorcycle,KTM,Petrol,BS6,125.0,2,1,39.16,92.31,0
TN-01-HQ-3991,2024-10-01,2024,Tamil Nadu,Chennai Central (TN-01),2W,Motorcycle,Honda,EV,Not Applicable,0.0,2,0,44.68,95.74,0
KA-09-IQ-4008,2022-09-09,2022,Karnataka,Mysore (KA-09),2W,Scooter,TVS,EV,Not Applicable,0.0,2,2,49.39,91.46,0
WB-13-JQ-4025,2024-04-01,2024,West Bengal,Howrah (WB-13),4W,Sedan,Renault,Petrol,BS6,1462.0,5,0,23.66,84.95,0
UP-32-KQ-4042,2018-10-29,2018,Uttar Pradesh,Lucknow (UP-32),2W,Motorcycle,KTM,Petrol,BS4,89.4,2,6,47.06,91.91,0
KL-08-LQ-4059,2023-09-12,2023,Kerala,Thrissur (KL-08),2W,Motorcycle,KTM,EV,Not Applicable,0.0,2,1,44.63,96.69,0
UP-70-MQ-4076,2023-10-04,2023,Uttar Pradesh,Allahabad (UP-70),4W,Sedan,Maruti Suzuki,Diesel,BS6,1197.0,5,1,19.75,88.89,0
MP-09-NQ-4093,2023-07-21,2023,Madhya Pradesh,Indore (MP-09),2W,Scooter,Yamaha,Petrol,BS6,106.4,2,1,40.43,85.11,0
MH-31-OQ-4110,2021-03-18,2021,Maharashtra,Nagpur (MH-31),4W,SUV,Hyundai,EV,Not Applicable,0.0,7,3,28.89,91.11,0
KA-22-PQ-4127,2023-10-13,2023,Karnataka,Belgaum (KA-22),2W,Moped,Suzuki,EV,Not Applicable,0.0,2,1,49.39,91.46,0
TS-05-QQ-4144,2021-01-09,2021,Telangana,Nizamabad (TS-05),2W,Scooter,Ola Electric,EV,Not Applicable,0.0,2,3,40.8,92.8,0
TN-01-RQ-4161,2023-10-05,2023,Tamil Nadu,Chennai Central (TN-01),LCV,Mini Truck,Eicher,CNG,BS6,3298.0,2,1,40.0,92.0,0
PB-02-SQ-4178,2021-06-22,2021,Punjab,Amritsar (PB-02),3W,E-Rickshaw,Kinetic Green,EV,Not Applicable,0.0,4,3,76.0,92.0,0
KA-25-TQ-4195,2022-01-19,2022,Karnataka,Hubli (KA-25),2W,Scooter,Ather,EV,Not Applicable,0.0,2,2,49.39,91.46,0
KA-25-UQ-4212,2022-04-11,2022,Karnataka,Hubli (KA-25),HCV,Bus,Eicher,Diesel,BS6,5660.0,32,2,0.0,96.15,0
MH-20-VQ-4229,2019-12-06,2019,Maharashtra,Aurangabad (MH-20),3W,E-Rickshaw,Bajaj,EV,Not Applicable,0.0,4,5,87.5,87.5,0
PB-11-WQ-4246,2022-09-16,2022,Punjab,Patiala (PB-11),3W,Tempo,Piaggio,EV,Not Applicable,0.0,4,2,76.0,92.0,0
TN-37-XQ-4263,2024-11-25,2024,Tamil Nadu,Coimbatore (TN-37),2W,Moped,Bajaj,EV,Not Applicable,0.0,2,0,44.68,95.74,0
RJ-01-YQ-4280,2023-07-08,2023,Rajasthan,Ajmer (RJ-01),2W,Moped,TVS,Petrol,BS6,100.0,2,1,48.41,92.86,0
KL-11-ZQ-4297,2024-11-13,2024,Kerala,Kozhikode (KL-11),LCV,Light Bus,Ashok Leyland,EV,Not Applicable,0.0,15,0,32.35,94.12,0
WB-39-AR-4314,2021-04-01,2021,West Bengal,Asansol (WB-39),2W,Scooter,Honda,Petrol,BS6,95.2,2,3,39.16,92.31,0
RJ-20-BR-4331,2022-03-14,2022,Rajasthan,Kota (RJ-20),2W,Moped,Suzuki,EV,Not Applicable,0.0,2,2,48.41,92.86,0
PB-02-CR-4348,2022-05-18,2022,Punjab,Amritsar (PB-02),2W,Motorcycle,TVS,Petrol,BS6,250.0,2,2,41.51,90.57,0
DL-02-DR-4365,2020-12-16,2020,Delhi,Delhi East (DL-02),4W,Hatchback,Toyota,Diesel,BS6,1598.0,5,4,22.58,88.17,0
TS-05-ER-4382,2021-03-29,2021,Telangana,Nizamabad (TS-05),4W,MUV,Tata Motors,Diesel,BS6,1968.0,7,3,25.47,92.45,0
KL-07-FR-4399,2020-02-24,2020,Kerala,Kochi (KL-07),2W,Scooter,Yamaha,Petrol,BS4,113.2,2,4,44.63,96.69,1
KL-08-GR-4416,2021-10-14,2021,Kerala,Thrissur (KL-08),2W,Motorcycle,KTM,EV,Not Applicable,0.0,2,3,44.63,96.69,0
MH-20-HR-4433,2020-06-05,2020,Maharashtra,Aurangabad (MH-20),2W,Motorcycle,Royal Enfield,Petrol,BS6,160.0,2,4,50.93,95.37,0
KA-22-IR-4450,2022-01-25,2022,Karnataka,Belgaum (KA-22),4W,Hatchback,Hyundai,Diesel,BS6,1462.0,5,2,25.89,89.29,0
PB-10-JR-4467,2020-02-15,2020,Punjab,Ludhiana (PB-10),2W,Motorcycle,Honda,Petrol,BS4,200.0,2,4,41.51,90.57,1
GJ-03-KR-4484,2020-07-06,2020,Gujarat,Rajkot (GJ-03),2W,Scooter,Bajaj,Petrol,BS6,160.0,2,4,41.43,92.86,0
DL-04-LR-4501,2023-06-12,2023,Delhi,Delhi North (DL-04),3W,Tempo,Bajaj,CNG,BS6,200.0,4,1,89.47,94.74,0
PB-02-MR-4518,2023-02-14,2023,Punjab,Amritsar (PB-02),HCV,Bus,MAN,Diesel,BS6,3760.0,32,1,0.0,68.0,0
TN-30-NR-4535,2022-10-15,2022,Tamil Nadu,Salem (TN-30),2W,Scooter,Honda,Petrol,BS6,100.0,2,2,44.68,95.74,0
PB-10-OR-4552,2019-09-27,2019,Punjab,Ludhiana (PB-10),4W,SUV,Kia,Diesel,BS4,1498.0,5,5,28.17,87.32,0
UP-78-PR-4569,2022-06-16,2022,Uttar Pradesh,Kanpur (UP-78),LCV,Pickup Van,Eicher,EV,Not Applicable,0.0,2,2,35.0,90.0,0
TS-01-QR-4586,2023-06-22,2023,Telangana,Karimnagar (TS-01),2W,Motorcycle,TVS,EV,Not Applicable,0.0,2,1,40.8,92.8,0
TS-05-RR-4603,2023-05-29,2023,Telangana,Nizamabad (TS-05),4W,MUV,Toyota,Diesel,BS6,1197.0,7,1,25.47,92.45,0
GJ-18-SR-4620,2024-03-11,2024,Gujarat,Gandhinagar (GJ-18),HCV,Truck,MAN,Diesel,BS6,3760.0,2,0,0.0,100.0,0
MH-12-TR-4637,2023-02-07,2023,Maharashtra,Pune (MH-12),4W,SUV,Mahindra,CNG,BS6,1462.0,7,1,28.89,91.11,0
MP-04-UR-4654,2018-09-04,2018,Madhya Pradesh,Bhopal (MP-04),4W,SUV,Hyundai,Petrol,BS4,800.0,7,6,28.28,85.86,0
MP-20-VR-4671,2021-09-27,2021,Madhya Pradesh,Jabalpur (MP-20),4W,Sedan,Hyundai,Petrol,BS6,1968.0,5,3,28.28,85.86,0
PB-11-WR-4688,2024-04-23,2024,Punjab,Patiala (PB-11),OTH,Tractor,TAFE,Diesel,BS6,6700.0,2,0,0.0,100.0,0
MP-20-XR-4705,2023-07-07,2023,Madhya Pradesh,Jabalpur (MP-20),4W,SUV,Honda,Petrol,BS6,1498.0,7,1,28.28,85.86,0
RJ-20-YR-4722,2023-12-29,2023,Rajasthan,Kota (RJ-20),2W,Scooter,Ather,EV,Not Applicable,0.0,2,1,48.41,92.86,0
KA-09-ZR-4739,2022-01-04,2022,Karnataka,Mysore (KA-09),2W,Motorcycle,TVS,Petrol,BS6,160.0,2,2,49.39,91.46,0
CH-01-AS-4756,2022-05-16,2022,Chandigarh,Chandigarh (CH-01),2W,Scooter,Hero,Petrol,BS6,113.4,2,2,40.62,90.62,0
TN-37-BS-4773,2022-08-30,2022,Tamil Nadu,Coimbatore (TN-37),4W,MUV,Toyota,Petrol,BS6,1968.0,5,2,26.26,91.92,0
MP-20-CS-4790,2022-07-05,2022,Madhya Pradesh,Jabalpur (MP-20),2W,Motorcycle,Yamaha,EV,Not Applicable,0.0,2,2,40.43,85.11,0
MP-07-DS-4807,2024-03-13,2024,Madhya Pradesh,Gwalior (MP-07),3W,E-Rickshaw,Piaggio,EV,Not Applicable,0.0,4,0,79.31,89.66,0
MP-20-ES-4824,2023-01-28,2023,Madhya Pradesh,Jabalpur (MP-20),2W,Scooter,Ather,EV,Not Applicable,0.0,2,1,40.43,85.11,0
TN-30-FS-4841,2022-04-12,2022,Tamil Nadu,Salem (TN-30),HCV,Tanker,Ashok Leyland,Diesel,BS6,6700.0,2,2,0.0,90.0,0
PB-11-GS-4858,2020-10-17,2020,Punjab,Patiala (PB-11),HCV,Truck,Volvo,Diesel,BS6,5660.0,2,4,0.0,68.0,0
KL-08-HS-4875,2023-02-08,2023,Kerala,Thrissur (KL-08),LCV,Mini Truck,Force Motors,Diesel,BS6,3298.0,2,1,32.35,94.12,0
TS-07-IS-4892,2021-10-23,2021,Telangana,Khammam (TS-07),2W,Motorcycle,Yamaha,EV,Not Applicable,0.0,2,3,40.8,92.8,0
DL-08-JS-4909,2019-11-27,2019,Delhi,Delhi West (DL-08),4W,SUV,Kia,Diesel,BS4,2179.0,7,5,22.58,88.17,0
DL-02-KS-4926,2022-05-10,2022,Delhi,Delhi East (DL-02),4W,SUV,Mahindra,Petrol,BS6,2179.0,5,2,22.58,88.17,0
TN-30-LS-4943,2022-02-05,2022,Tamil Nadu,Salem (TN-30),4W,MUV,Maruti Suzuki,Petrol,BS6,1197.0,5,2,26.26,91.92,0
RJ-19-MS-4960,2023-09-09,2023,Rajasthan,Jodhpur (RJ-19),4W,MUV,Renault,Diesel,BS6,1598.0,7,1,26.0,89.0,0
PB-11-NS-4977,2018-02-20,2018,Punjab,Patiala (PB-11),HCV,Bus,Ashok Leyland,Diesel,BS4,4998.0,32,6,0.0,68.0,0
UP-32-OS-4994,2021-09-08,2021,Uttar Pradesh,Lucknow (UP-32),4W,Sedan,Maruti Suzuki,Petrol,BS6,2179.0,5,3,19.75,88.89,0
RJ-19-PS-5011,2020-09-30,2020,Rajasthan,Jodhpur (RJ-19),4W,SUV,Renault,Diesel,BS6,1968.0,5,4,26.0,89.0,0
MH-12-QS-5028,2023-10-21,2023,Maharashtra,Pune (MH-12),2W,Scooter,Bajaj,Petrol,BS6,200.0,2,1,50.93,95.37,0
KA-19-RS-5045,2022-01-12,2022,Karnataka,Mangalore (KA-19),2W,Motorcycle,Bajaj,Petrol,BS6,125.0,2,2,49.39,91.46,0
MP-13-SS-5062,2021-02-17,2021,Madhya Pradesh,Ujjain (MP-13),2W,Scooter,Ola Electric,EV,Not Applicable,0.0,2,3,40.43,85.11,0
DL-04-TS-5079,2018-01-03,2018,Delhi,Delhi North (DL-04),2W,Scooter,Ather,EV,Not Applicable,0.0,2,6,39.39,90.3,0
UP-65-US-5096,2022-03-16,2022,Uttar Pradesh,Varanasi (UP-65),2W,Scooter,Ola Electric,EV,Not Applicable,0.0,2,2,47.06,91.91,0
MH-12-VS-5113,2019-12-25,2019,Maharashtra,Pune (MH-12),4W,SUV,Mahindra,Petrol,BS4,2179.0,5,5,28.89,91.11,0
WB-13-WS-5130,2019-02-23,2019,West Bengal,Howrah (WB-13),2W,Scooter,Honda,Petrol,BS4,97.5,2,5,39.16,92.31,0
TN-01-XS-5147,2019-12-05,2019,Tamil Nadu,Chennai Central (TN-01),2W,Moped,Hero,EV,Not Applicable,0.0,2,5,44.68,95.74,0
WB-13-YS-5164,2021-08-09,2021,West Bengal,Howrah (WB-13),2W,Moped,Bajaj,Petrol,BS6,88.2,2,3,39.16,92.31,0
RJ-19-ZS-5181,2024-09-23,2024,Rajasthan,Jodhpur (RJ-19),4W,SUV,MG,EV,Not Applicable,0.0,5,0,26.0,89.0,0
GJ-05-AT-5198,2023-09-26,2023,Gujarat,Surat (GJ-05),2W,Scooter,Hero,EV,Not Applicable,0.0,2,1,41.43,92.86,0
RJ-14-BT-5215,2022-03-07,2022,Rajasthan,Jaipur (RJ-14),4W,SUV,Tata Motors,Petrol,BS6,800.0,7,2,26.0,89.0,0
KL-11-CT-5232,2023-12-02,2023,Kerala,Kozhikode (KL-11),OTH,Tractor,Sonalika,Diesel,BS6,3760.0,2,1,0.0,62.5,0
KL-02-DT-5249,2023-02-20,2023,Kerala,Kollam (KL-02),4W,Sedan,Skoda,Diesel,BS6,1462.0,5,1,24.55,90.0,0
KA-09-ET-5266,2021-07-19,2021,Karnataka,Mysore (KA-09),2W,Scooter,Yamaha,EV,Not Applicable,0.0,2,3,49.39,91.46,0
TN-37-FT-5283,2023-03-14,2023,Tamil Nadu,Coimbatore (TN-37),LCV,Pickup Van,Tata Motors,EV,Not Applicable,0.0,2,1,40.0,92.0,0
UP-32-GT-5300,2022-01-31,2022,Uttar Pradesh,Lucknow (UP-32),2W,Motorcycle,KTM,Petrol,BS6,125.0,2,2,47.06,91.91,0
PB-11-HT-5317,2022-01-12,2022,Punjab,Patiala (PB-11),2W,Scooter,Honda,EV,Not Applicable,0.0,2,2,41.51,90.57,0
DL-02-IT-5334,2024-06-24,2024,Delhi,Delhi East (DL-02),2W,Scooter,Ather,EV,Not Applicable,0.0,2,0,39.39,90.3,0
GJ-05-JT-5351,2023-01-17,2023,Gujarat,Surat (GJ-05),4W,SUV,Mahindra,EV,Not Applicable,0.0,5,1,35.37,95.12,0
KA-01-KT-5368,2024-08-19,2024,Karnataka,Bangalore Central (KA-01),4W,MUV,MG,CNG,BS6,1598.0,7,0,25.89,89.29,0
GJ-18-LT-5385,2023-07-10,2023,Gujarat,Gandhinagar (GJ-18),2W,Scooter,Ola Electric,EV,Not Applicable,0.0,2,1,41.43,92.86,0
UP-78-MT-5402,2019-08-26,2019,Uttar Pradesh,Kanpur (UP-78),HCV,Trailer,BharatBenz,Diesel,BS4,6700.0,2,5,0.0,85.71,0
KA-01-NT-5419,2018-07-31,2018,Karnataka,Bangalore Central (KA-01),4W,Hatchback,Renault,Petrol,BS4,1498.0,5,6,25.89,89.29,0
KA-19-OT-5436,2022-10-06,2022,Karnataka,Mangalore (KA-19),2W,Motorcycle,KTM,Petrol,BS6,100.0,2,2,49.39,91.46,0
TS-09-PT-5453,2020-02-25,2020,Telangana,Hyderabad (TS-09),4W,SUV,MG,Petrol,BS4,1598.0,5,4,25.47,92.45,1
WB-01-QT-5470,2019-08-26,2019,West Bengal,Kolkata (WB-01),2W,Motorcycle,Suzuki,EV,Not Applicable,0.0,2,5,39.16,92.31,0
RJ-14-RT-5487,2024-06-03,2024,Rajasthan,Jaipur (RJ-14),HCV,Trailer,Volvo,Diesel,BS6,4998.0,2,0,6.67,86.67,0
TN-01-ST-5504,2022-09-30,2022,Tamil Nadu,Chennai Central (TN-01),4W,Hatchback,Maruti Suzuki,CNG,BS6,1498.0,5,2,26.26,91.92,0
WB-73-TT-5521,2020-01-03,2020,West Bengal,Siliguri (WB-73),4W,SUV,MG,Petrol,BS4,1598.0,7,4,23.66,84.95,1
MP-09-UT-5538,2023-08-12,2023,Madhya Pradesh,Indore (MP-09),4W,SUV,MG,Petrol,BS6,1197.0,5,1,28.28,85.86,0
RJ-01-VT-5555,2024-01-17,2024,Rajasthan,Ajmer (RJ-01),2W,Motorcycle,TVS,Petrol,BS6,100.0,2,0,48.41,92.86,0
GJ-03-WT-5572,2023-02-04,2023,Gujarat,Rajkot (GJ-03),2W,Motorcycle,Royal Enfield,Petrol,BS6,110.0,2,1,41.43,92.86,0
MH-15-XT-5589,2018-12-03,2018,Maharashtra,Nashik (MH-15),4W,SUV,Hyundai,Petrol,BS4,1498.0,7,6,28.89,91.11,0
TS-07-YT-5606,2023-11-20,2023,Telangana,Khammam (TS-07),2W,Scooter,Ola Electric,EV,Not Applicable,0.0,2,1,40.8,92.8,0
CH-01-ZT-5623,2023-05-11,2023,Chandigarh,Chandigarh (CH-01),2W,Scooter,Honda,Petrol,BS6,88.9,2,1,40.62,90.62,0
PB-11-AU-5640,2023-07-22,2023,Punjab,Patiala (PB-11),2W,Motorcycle,Royal Enfield,EV,Not Applicable,0.0,2,1,41.51,90.57,0
TS-01-BU-5657,2022-03-03,2022,Telangana,Karimnagar (TS-01),4W,SUV,Mahindra,Diesel,BS6,1968.0,5,2,25.47,92.45,0
PB-11-CU-5674,2024-04-20,2024,Punjab,Patiala (PB-11),4W,Hatchback,Honda,Diesel,BS6,2179.0,5,0,28.17,87.32,0
MH-15-DU-5691,2023-06-15,2023,Maharashtra,Nashik (MH-15),3W,E-Rickshaw,Piaggio,EV,Not Applicable,0.0,4,1,87.5,87.5,0
DL-09-EU-5708,2024-08-16,2024,Delhi,Delhi South (DL-09),4W,SUV,Skoda,CNG,BS6,800.0,5,0,22.58,88.17,0
KL-11-FU-5725,2020-09-21,2020,Kerala,Kozhikode (KL-11),2W,Scooter,TVS,Petrol,BS6,103.5,2,4,44.63,96.69,0
TS-03-GU-5742,2023-01-16,2023,Telangana,Warangal (TS-03),2W,Scooter,Hero,Petrol,BS6,160.0,2,1,40.8,92.8,0
KA-22-HU-5759,2023-11-11,2023,Karnataka,Belgaum (KA-22),HCV,Truck,Ashok Leyland,Diesel,BS6,5660.0,2,1,0.0,96.15,0
PB-11-IU-5776,2024-08-15,2024,Punjab,Patiala (PB-11),LCV,Light Bus,Force Motors,Diesel,BS6,2523.0,15,0,22.22,88.89,0
TS-07-JU-5793,2023-10-07,2023,Telangana,Khammam (TS-07),4W,SUV,Renault,Petrol,BS6,1968.0,7,1,25.47,92.45,0
GJ-18-KU-5810,2022-04-30,2022,Gujarat,Gandhinagar (GJ-18),2W,Motorcycle,KTM,Petrol,BS6,150.0,2,2,41.43,92.86,0
WB-39-LU-5827,2019-05-13,2019,West Bengal,Asansol (WB-39),2W,Scooter,Ather,EV,Not Applicable,0.0,2,5,39.16,92.31,0
MH-15-MU-5844,2023-04-07,2023,Maharashtra,Nashik (MH-15),3W,E-Rickshaw,Kinetic Green,EV,Not Applicable,0.0,4,1,87.5,87.5,0
KA-25-NU-5861,2022-12-12,2022,Karnataka,Hubli (KA-25),4W,Hatchback,Hyundai,Petrol,BS6,1498.0,5,2,25.89,89.29,0
PB-08-OU-5878,2023-12-11,2023,Punjab,Jalandhar (PB-08),4W,SUV,MG,Hybrid,BS6,2179.0,5,1,28.17,87.32,0
GJ-01-PU-5895,2024-10-24,2024,Gujarat,Ahmedabad (GJ-01),4W,Sedan,Hyundai,Petrol,BS6,1968.0,5,0,35.37,95.12,0
RJ-27-QU-5912,2022-12-20,2022,Rajasthan,Udaipur (RJ-27),2W,Moped,Bajaj,Petrol,BS6,91.0,2,2,48.41,92.86,0
TS-03-RU-5929,2023-10-25,2023,Telangana,Warangal (TS-03),2W,Scooter,Yamaha,Petrol,BS6,250.0,2,1,40.8,92.8,0
TN-58-SU-5946,2021-05-08,2021,Tamil Nadu,Madurai (TN-58),4W,MUV,Kia,CNG,BS6,1498.0,7,3,26.26,91.92,0
MH-31-TU-5963,2022-10-15,2022,Maharashtra,Nagpur (MH-31),3W,E-Rickshaw,Piaggio,EV,Not Applicable,0.0,4,2,87.5,87.5,0
UP-78-UU-5980,2022-07-27,2022,Uttar Pradesh,Kanpur (UP-78),2W,Scooter,Ola Electric,EV,Not Applicable,0.0,2,2,47.06,91.91,0
TS-07-VU-5997,2022-07-23,2022,Telangana,Khammam (TS-07),2W,Scooter,Ola Electric,EV,Not Applicable,0.0,2,2,40.8,92.8,0
KL-02-WU-6014,2024-09-02,2024,Kerala,Kollam (KL-02),2W,Motorcycle,Suzuki,Petrol,BS6,125.0,2,0,44.63,96.69,0
TS-01-XU-6031,2023-02-15,2023,Telangana,Karimnagar (TS-01),4W,Hatchback,Honda,Petrol,BS6,1498.0,5,1,25.47,92.45,0
DL-01-YU-6048,2023-11-24,2023,Delhi,Delhi Central (DL-01),4W,Sedan,Toyota,EV,Not Applicable,0.0,5,1,22.58,88.17,0
KL-08-ZU-6065,2021-06-24,2021,Kerala,Thrissur (KL-08),2W,Motorcycle,KTM,Petrol,BS6,125.0,2,3,44.63,96.69,0
DL-01-AV-6082,2019-12-25,2019,Delhi,Delhi Central (DL-01),HCV,Trailer,Eicher,Diesel,BS4,3760.0,2,5,0.0,68.75,0
RJ-20-BV-6099,2019-08-08,2019,Rajasthan,Kota (RJ-20),4W,MUV,Tata Motors,Petrol,BS4,1598.0,5,5,26.0,89.0,0
DL-08-CV-6116,2024-09-04,2024,Delhi,Delhi West (DL-08),2W,Moped,Suzuki,Petrol,BS6,89.8,2,0,39.39,90.3,0
TS-03-DV-6133,2024-01-02,2024,Telangana,Warangal (TS-03),4W,Hatchback,Renault,Diesel,BS6,1968.0,5,0,25.47,92.45,0
TS-03-EV-6150,2021-04-26,2021,Telangana,Warangal (TS-03),2W,Motorcycle,KTM,Petrol,BS6,200.0,2,3,40.8,92.8,0
PB-10-FV-6167,2022-10-03,2022,Punjab,Ludhiana (PB-10),HCV,Tanker,Volvo,Diesel,BS6,4998.0,2,2,0.0,68.0,0
KL-02-GV-6184,2021-07-15,2021,Kerala,Kollam (KL-02),2W,Scooter,Ather,EV,Not Applicable,0.0,2,3,44.63,96.69,0
GJ-01-HV-6201,2023-02-27,2023,Gujarat,Ahmedabad (GJ-01),2W,Motorcycle,Royal Enfield,Petrol,BS6,89.8,2,1,41.43,92.86,0
PB-10-IV-6218,2023-05-08,2023,Punjab,Ludhiana (PB-10),4W,Sedan,Maruti Suzuki,Petrol,BS6,1508.4,5,1,28.17,87.32,0
RJ-14-JV-6235,2023-11-02,2023,Rajasthan,Jaipur (RJ-14),2W,Motorcycle,Suzuki,Petrol,BS6,400.0,2,1,48.41,92.86,0
TS-01-KV-6252,2024-03-05,2024,Telangana,Karimnagar (TS-01),2W,Scooter,Bajaj,Petrol,BS6,110.0,2,0,40.8,92.8,0
TS-07-LV-6269,2021-01-26,2021,Telangana,Khammam (TS-07),2W,Scooter,Ola Electric,EV,Not Applicable,0.0,2,3,40.8,92.8,0
PB-11-MV-6286,2024-04-01,2024,Punjab,Patiala (PB-11),2W,Motorcycle,Royal Enfield,EV,Not Applicable,0.0,2,0,41.51,90.57,0
GJ-03-NV-6303,2024-08-10,2024,Gujarat,Rajkot (GJ-03),OTH,Tractor,John Deere,Diesel,BS6,6700.0,2,0,0.0,100.0,0
UP-32-OV-6320,2018-06-11,2018,Uttar Pradesh,Lucknow (UP-32),2W,Motorcycle,Royal Enfield,Petrol,BS4,250.0,2,6,47.06,91.91,0
RJ-27-PV-6337,2022-06-13,2022,Rajasthan,Udaipur (RJ-27),4W,SUV,Renault,Petrol,BS6,1462.0,7,2,26.0,89.0,0
TS-07-QV-6354,2020-07-14,2020,Telangana,Khammam (TS-07),2W,Motorcycle,Bajaj,Petrol,BS6,125.0,2,4,40.8,92.8,0
MP-09-RV-6371,2019-06-21,2019,Madhya Pradesh,Indore (MP-09),4W,SUV,Kia,Petrol,BS4,1598.0,7,5,28.28,85.86,0
MH-01-SV-6388,2019-05-31,2019,Maharashtra,Mumbai Central (MH-01),4W,MUV,Tata Motors,Petrol,BS4,1197.0,7,5,28.89,91.11,0
UP-65-TV-6405,2019-11-11,2019,Uttar Pradesh,Varanasi (UP-65),4W,MUV,Kia,Diesel,BS4,1000.0,7,5,19.75,88.89,0
MH-01-UV-6422,2021-05-10,2021,Maharashtra,Mumbai Central (MH-01),2W,Scooter,Honda,Petrol,BS6,108.4,2,3,50.93,95.37,0
TS-01-VV-6439,2019-09-23,2019,Telangana,Karimnagar (TS-01),OTH,Tractor,Escorts,Diesel,BS4,6700.0,2,5,0.0,75.0,0
KL-08-WV-6456,2020-07-02,2020,Kerala,Thrissur (KL-08),OTH,Tractor,TAFE,Diesel,BS6,6700.0,2,4,0.0,62.5,0
GJ-03-XV-6473,2024-08-05,2024,Gujarat,Rajkot (GJ-03),2W,Moped,Suzuki,Petrol,BS6,89.2,2,0,41.43,92.86,0
TN-01-YV-6490,2020-09-02,2020,Tamil Nadu,Chennai Central (TN-01),HCV,Truck,Ashok Leyland,Diesel,BS6,5660.0,2,4,0.0,90.0,0
UP-80-ZV-6507,2022-11-22,2022,Uttar Pradesh,Agra (UP-80),4W,MUV,Renault,Petrol,BS6,1197.0,7,2,19.75,88.89,0
GJ-18-AW-6524,2022-04-30,2022,Gujarat,Gandhinagar (GJ-18),2W,Motorcycle,Honda,Petrol,BS6,400.0,2,2,41.43,92.86,0
RJ-20-BW-6541,2023-05-11,2023,Rajasthan,Kota (RJ-20),2W,Scooter,Hero,Petrol,BS6,160.0,2,1,48.41,92.86,0
MP-07-CW-6558,2020-02-10,2020,Madhya Pradesh,Gwalior (MP-07),2W,Scooter,Yamaha,Petrol,BS4,110.0,2,4,40.43,85.11,1
TN-37-DW-6575,2023-09-09,2023,Tamil Nadu,Coimbatore (TN-37),2W,Motorcycle,KTM,Petrol,BS6,93.6,2,1,44.68,95.74,0
KL-01-EW-6592,2023-11-25,2023,Kerala,Thiruvananthapuram (KL-01),3W,E-Rickshaw,Piaggio,EV,Not Applicable,0.0,4,1,84.38,93.75,0
TN-01-FW-6609,2023-09-01,2023,Tamil Nadu,Chennai Central (TN-01),2W,Scooter,Ather,EV,Not Applicable,0.0,2,1,44.68,95.74,0
KL-01-GW-6626,2023-01-23,2023,Kerala,Thiruvananthapuram (KL-01),4W,Hatchback,Hyundai,CNG,BS6,1498.0,5,1,24.55,90.0,0
KL-07-HW-6643,2023-03-16,2023,Kerala,Kochi (KL-07),2W,Scooter,Bajaj,Petrol,BS6,109.7,2,1,44.63,96.69,0
PB-10-IW-6660,2018-11-21,2018,Punjab,Ludhiana (PB-10),2W,Motorcycle,Royal Enfield,Petrol,BS4,110.0,2,6,41.51,90.57,0
TS-09-JW-6677,2022-02-04,2022,Telangana,Hyderabad (TS-09),4W,MUV,MG,Diesel,BS6,1968.0,7,2,25.47,92.45,0
TN-58-KW-6694,2021-09-30,2021,Tamil Nadu,Madurai (TN-58),2W,Scooter,Yamaha,Petrol,BS6,114.2,2,3,44.68,95.74,0
TS-05-LW-6711,2020-10-09,2020,Telangana,Nizamabad (TS-05),4W,SUV,Skoda,CNG,BS6,1000.0,5,4,25.47,92.45,0
MP-07-MW-6728,2022-09-20,2022,Madhya Pradesh,Gwalior (MP-07),2W,Scooter,Honda,Petrol,BS6,106.8,2,2,40.43,85.11,0
TS-01-NW-6745,2022-12-20,2022,Telangana,Karimnagar (TS-01),4W,SUV,Skoda,Diesel,BS6,800.0,7,2,25.47,92.45,0
RJ-27-OW-6762,2021-12-15,2021,Rajasthan,Udaipur (RJ-27),4W,SUV,MG,Petrol,BS6,1197.0,5,3,26.0,89.0,0
UP-78-PW-6779,2023-12-30,2023,Uttar Pradesh,Kanpur (UP-78),2W,Motorcycle,Ola Electric,EV,Not Applicable,0.0,2,1,47.06,91.91,0
TN-58-QW-6796,2020-03-24,2020,Tamil Nadu,Madurai (TN-58),2W,Scooter,Ather,EV,Not Applicable,0.0,2,4,44.68,95.74,0
DL-02-RW-6813,2024-10-08,2024,Delhi,Delhi East (DL-02),4W,Hatchback,Tata Motors,Petrol,BS6,2179.0,5,0,22.58,88.17,0
UP-78-SW-6830,2024-12-30,2024,Uttar Pradesh,Kanpur (UP-78),HCV,Bus,Ashok Leyland,Diesel,BS6,5660.0,52,0,0.0,85.71,0
DL-02-TW-6847,2020-01-02,2020,Delhi,Delhi East (DL-02),2W,Motorcycle,Honda,Petrol,BS4,100.0,2,4,39.39,90.3,1
KA-22-UW-6864,2018-09-18,2018,Karnataka,Belgaum (KA-22),2W,Scooter,Suzuki,Petrol,BS4,160.0,2,6,49.39,91.46,0
MP-13-VW-6881,2019-02-12,2019,Madhya Pradesh,Ujjain (MP-13),HCV,Tanker,MAN,Diesel,BS4,5660.0,2,5,4.76,85.71,0
RJ-27-WW-6898,2020-05-28,2020,Rajasthan,Udaipur (RJ-27),4W,SUV,Maruti Suzuki,Hybrid,BS6,1598.0,7,4,26.0,89.0,0
MP-04-XW-6915,2022-10-10,2022,Madhya Pradesh,Bhopal (MP-04),4W,SUV,MG,Petrol,BS6,1197.0,5,2,28.28,85.86,0
RJ-20-YW-6932,2023-01-02,2023,Rajasthan,Kota (RJ-20),2W,Moped,Yamaha,Petrol,BS6,95.3,2,1,48.41,92.86,0
KL-01-ZW-6949,2021-06-18,2021,Kerala,Thiruvananthapuram (KL-01),3W,E-Rickshaw,Piaggio,EV,Not Applicable,0.0,4,3,84.38,93.75,0
KA-25-AX-6966,2022-07-19,2022,Karnataka,Hubli (KA-25),2W,Moped,Hero,EV,Not Applicable,0.0,2,2,49.39,91.46,0
GJ-01-BX-6983,2021-12-29,2021,Gujarat,Ahmedabad (GJ-01),2W,Scooter,Suzuki,Petrol,BS6,109.0,2,3,41.43,92.86,0
KL-07-CX-7000,2021-11-11,2021,Kerala,Kochi (KL-07),OTH,Tractor,Sonalika,Diesel,BS6,4998.0,2,3,0.0,62.5,0
PB-08-DX-7017,2023-04-10,2023,Punjab,Jalandhar (PB-08),2W,Scooter,Hero,Petrol,BS6,100.5,2,1,41.51,90.57,0
UP-70-EX-7034,2022-10-17,2022,Uttar Pradesh,Allahabad (UP-70),2W,Moped,TVS,Petrol,BS6,100.0,2,2,47.06,91.91,0
UP-78-FX-7051,2020-10-12,2020,Uttar Pradesh,Kanpur (UP-78),2W,Scooter,Hero,EV,Not Applicable,0.0,2,4,47.06,91.91,0
TS-07-GX-7068,2019-07-09,2019,Telangana,Khammam (TS-07),2W,Motorcycle,KTM,EV,Not Applicable,0.0,2,5,40.8,92.8,0
UP-78-HX-7085,2024-12-20,2024,Uttar Pradesh,Kanpur (UP-78),2W,Motorcycle,Ola Electric,EV,Not Applicable,0.0,2,0,47.06,91.91,0
DL-02-IX-7102,2024-07-02,2024,Delhi,Delhi East (DL-02),2W,Motorcycle,TVS,EV,Not Applicable,0.0,2,0,39.39,90.3,0
MP-13-JX-7119,2021-10-11,2021,Madhya Pradesh,Ujjain (MP-13),4W,Sedan,Honda,Petrol,BS6,800.0,5,3,28.28,85.86,0
TN-01-KX-7136,2021-08-24,2021,Tamil Nadu,Chennai Central (TN-01),4W,SUV,Toyota,Diesel,BS6,2179.0,7,3,26.26,91.92,0
GJ-01-LX-7153,2021-02-08,2021,Gujarat,Ahmedabad (GJ-01),4W,SUV,MG,Petrol,BS6,1000.0,5,3,35.37,95.12,0
GJ-01-MX-7170,2021-03-15,2021,Gujarat,Ahmedabad (GJ-01),4W,MUV,Tata Motors,Diesel,BS6,2179.0,7,3,35.37,95.12,0
TS-07-NX-7187,2023-03-09,2023,Telangana,Khammam (TS-07),2W,Motorcycle,Royal Enfield,Petrol,BS6,110.0,2,1,40.8,92.8,0
TS-05-OX-7204,2021-09-16,2021,Telangana,Nizamabad (TS-05),4W,SUV,MG,Petrol,BS6,1197.0,5,3,25.47,92.45,0
PB-10-PX-7221,2023-01-26,2023,Punjab,Ludhiana (PB-10),2W,Motorcycle,KTM,Petrol,BS6,110.0,2,1,41.51,90.57,0
MP-20-QX-7238,2021-08-24,2021,Madhya Pradesh,Jabalpur (MP-20),2W,Scooter,Yamaha,Petrol,BS6,110.7,2,3,40.43,85.11,0
DL-02-RX-7255,2020-11-09,2020,Delhi,Delhi East (DL-02),2W,Scooter,TVS,EV,Not Applicable,0.0,2,4,39.39,90.3,0
KL-11-SX-7272,2023-04-04,2023,Kerala,Kozhikode (KL-11),2W,Motorcycle,KTM,EV,Not Applicable,0.0,2,1,44.63,96.69,0
KL-11-TX-7289,2024-07-18,2024,Kerala,Kozhikode (KL-11),4W,Sedan,Hyundai,Petrol,BS6,1462.0,5,0,24.55,90.0,0
MH-15-UX-7306,2023-02-16,2023,Maharashtra,Nashik (MH-15),2W,Scooter,Ather,EV,Not Applicable,0.0,2,1,50.93,95.37,0
PB-02-VX-7323,2024-12-02,2024,Punjab,Amritsar (PB-02),OTH,Tractor,TAFE,Diesel,BS6,3760.0,2,0,0.0,100.0,0
TN-30-WX-7340,2024-01-29,2024,Tamil Nadu,Salem (TN-30),2W,Motorcycle,Yamaha,Petrol,BS6,150.0,2,0,44.68,95.74,0
TN-37-XX-7357,2022-01-08,2022,Tamil Nadu,Coimbatore (TN-37),2W,Scooter,Honda,EV,Not Applicable,0.0,2,2,44.68,95.74,0
WB-40-YX-7374,2022-10-15,2022,West Bengal,Durgapur (WB-40),LCV,Light Bus,Tata Motors,Diesel,BS6,3298.0,15,2,39.13,86.96,0
GJ-05-ZX-7391,2022-10-12,2022,Gujarat,Surat (GJ-05),4W,Sedan,Skoda,Diesel,BS6,1462.0,5,2,35.37,95.12,0
RJ-19-AY-7408,2019-02-15,2019,Rajasthan,Jodhpur (RJ-19),4W,SUV,MG,Hybrid,BS4,1480.0,7,5,26.0,89.0,0
WB-13-BY-7425,2023-01-19,2023,West Bengal,Howrah (WB-13),4W,SUV,Mahindra,Hybrid,BS6,1498.0,5,1,23.66,84.95,0
MH-12-CY-7442,2022-02-05,2022,Maharashtra,Pune (MH-12),2W,Scooter,Ola Electric,EV,Not Applicable,0.0,2,2,50.93,95.37,0
GJ-05-DY-7459,2020-05-04,2020,Gujarat,Surat (GJ-05),OTH,Tractor,John Deere,Diesel,BS6,5660.0,2,4,0.0,100.0,0
UP-70-EY-7476,2018-08-18,2018,Uttar Pradesh,Allahabad (UP-70),2W,Scooter,Ather,EV,Not Applicable,0.0,2,6,47.06,91.91,0
PB-11-FY-7493,2024-04-09,2024,Punjab,Patiala (PB-11),2W,Motorcycle,Royal Enfield,Petrol,BS6,94.9,2,0,41.51,90.57,0
GJ-05-GY-7510,2024-07-26,2024,Gujarat,Surat (GJ-05),2W,Motorcycle,Suzuki,EV,Not Applicable,0.0,2,0,41.43,92.86,0
TS-09-HY-7527,2024-01-26,2024,Telangana,Hyderabad (TS-09),2W,Motorcycle,KTM,EV,Not Applicable,0.0,2,0,40.8,92.8,0
RJ-27-IY-7544,2024-04-15,2024,Rajasthan,Udaipur (RJ-27),4W,SUV,Hyundai,Diesel,BS6,1197.0,5,0,26.0,89.0,0
CH-01-JY-7561,2018-12-25,2018,Chandigarh,Chandigarh (CH-01),4W,SUV,Toyota,Petrol,BS4,1498.0,5,6,12.5,83.33,0
MP-13-KY-7578,2024-09-16,2024,Madhya Pradesh,Ujjain (MP-13),2W,Motorcycle,Honda,Petrol,BS6,250.0,2,0,40.43,85.11,0
KA-22-LY-7595,2023-08-16,2023,Karnataka,Belgaum (KA-22),OTH,Tractor,TAFE,Diesel,BS6,6700.0,2,1,0.0,87.5,0
MP-09-MY-7612,2023-06-12,2023,Madhya Pradesh,Indore (MP-09),2W,Motorcycle,Suzuki,Petrol,BS6,160.0,2,1,40.43,85.11,0
KL-01-NY-7629,2019-06-10,2019,Kerala,Thiruvananthapuram (KL-01),4W,Hatchback,Hyundai,EV,Not Applicable,0.0,5,5,24.55,90.0,0
MH-12-OY-7646,2021-04-20,2021,Maharashtra,Pune (MH-12),LCV,Light Bus,Tata Motors,Diesel,BS6,2956.0,12,3,22.58,90.32,0
MP-13-PY-7663,2022-01-24,2022,Madhya Pradesh,Ujjain (MP-13),2W,Scooter,Ola Electric,EV,Not Applicable,0.0,2,2,40.43,85.11,0
KA-19-QY-7680,2022-12-29,2022,Karnataka,Mangalore (KA-19),4W,SUV,MG,CNG,BS6,1598.0,5,2,25.89,89.29,0
DL-01-RY-7697,2023-01-07,2023,Delhi,Delhi Central (DL-01),2W,Motorcycle,Royal Enfield,Petrol,BS6,150.0,2,1,39.39,90.3,0
KL-02-SY-7714,2024-08-07,2024,Kerala,Kollam (KL-02),2W,Scooter,Yamaha,Petrol,BS6,100.0,2,0,44.63,96.69,0
TS-07-TY-7731,2022-11-11,2022,Telangana,Khammam (TS-07),4W,SUV,Hyundai,Petrol,BS6,1000.0,7,2,25.47,92.45,0
MP-07-UY-7748,2021-05-05,2021,Madhya Pradesh,Gwalior (MP-07),LCV,Light Bus,Mahindra,Diesel,BS6,3298.0,15,3,37.5,83.33,0
PB-02-VY-7765,2018-09-07,2018,Punjab,Amritsar (PB-02),2W,Scooter,Suzuki,Petrol,BS4,160.0,2,6,41.51,90.57,0
CH-01-WY-7782,2024-01-31,2024,Chandigarh,Chandigarh (CH-01),4W,SUV,Skoda,Diesel,BS6,1000.0,7,0,12.5,83.33,0
KL-08-XY-7799,2024-05-16,2024,Kerala,Thrissur (KL-08),3W,Auto Rickshaw,Kinetic Green,EV,Not Applicable,0.0,4,0,84.38,93.75,0
DL-02-YY-7816,2023-04-26,2023,Delhi,Delhi East (DL-02),4W,SUV,Kia,CNG,BS6,800.0,5,1,22.58,88.17,0
UP-65-ZY-7833,2018-11-21,2018,Uttar Pradesh,Varanasi (UP-65),3W,Auto Rickshaw,TVS,CNG,BS4,250.0,4,6,85.71,85.71,0
KA-19-AZ-7850,2019-04-05,2019,Karnataka,Mangalore (KA-19),2W,Scooter,Yamaha,Petrol,BS4,160.0,2,5,49.39,91.46,0
KA-19-BZ-7867,2023-10-21,2023,Karnataka,Mangalore (KA-19),4W,Sedan,Skoda,Petrol,BS6,1197.0,5,1,25.89,89.29,0
DL-08-CZ-7884,2023-10-20,2023,Delhi,Delhi West (DL-08),2W,Motorcycle,Honda,Petrol,BS6,100.0,2,1,39.39,90.3,0
MP-20-DZ-7901,2018-10-04,2018,Madhya Pradesh,Jabalpur (MP-20),LCV,Mini Truck,Ashok Leyland,Diesel,BS4,2956.0,2,6,37.5,83.33,0
GJ-05-EZ-7918,2021-03-11,2021,Gujarat,Surat (GJ-05),2W,Motorcycle,Honda,Petrol,BS6,150.0,2,3,41.43,92.86,0
MH-31-FZ-7935,2023-10-12,2023,Maharashtra,Nagpur (MH-31),LCV,Pickup Van,Force Motors,Diesel,BS6,2956.0,2,1,22.58,90.32,0
PB-10-GZ-7952,2022-07-22,2022,Punjab,Ludhiana (PB-10),2W,Scooter,Ola Electric,EV,Not Applicable,0.0,2,2,41.51,90.57,0
DL-02-HZ-7969,2020-06-30,2020,Delhi,Delhi East (DL-02),2W,Motorcycle,Hero,Petrol,BS6,400.0,2,4,39.39,90.3,0
TN-01-IZ-7986,2022-08-16,2022,Tamil Nadu,Chennai Central (TN-01),2W,Scooter,Hero,Petrol,BS6,110.0,2,2,44.68,95.74,0
KA-25-JZ-8003,2020-12-24,2020,Karnataka,Hubli (KA-25),LCV,Mini Truck,Eicher,Diesel,BS6,2956.0,2,4,26.92,88.46,0
MP-13-KZ-8020,2024-03-04,2024,Madhya Pradesh,Ujjain (MP-13),4W,Sedan,Hyundai,Diesel,BS6,1462.0,5,0,28.28,85.86,0
KL-01-LZ-8037,2023-08-12,2023,Kerala,Thiruvananthapuram (KL-01),4W,Hatchback,Honda,Petrol,BS6,1462.0,5,1,24.55,90.0,0
RJ-01-MZ-8054,2022-03-28,2022,Rajasthan,Ajmer (RJ-01),4W,SUV,Skoda,Hybrid,BS6,1000.0,7,2,26.0,89.0,0
TS-07-NZ-8071,2022-12-26,2022,Telangana,Khammam (TS-07),2W,Motorcycle,Yamaha,Petrol,BS6,150.0,2,2,40.8,92.8,0
DL-01-OZ-8088,2022-09-03,2022,Delhi,Delhi Central (DL-01),4W,SUV,Skoda,Petrol,BS6,1197.0,7,2,22.58,88.17,0
RJ-20-PZ-8105,2019-09-02,2019,Rajasthan,Kota (RJ-20),LCV,Light Bus,Tata Motors,Diesel,BS4,2956.0,15,5,40.91,72.73,0
MH-12-QZ-8122,2023-03-11,2023,Maharashtra,Pune (MH-12),4W,SUV,Renault,Petrol,BS6,1197.0,5,1,28.89,91.11,0
GJ-01-RZ-8139,2020-09-25,2020,Gujarat,Ahmedabad (GJ-01),2W,Motorcycle,Royal Enfield,EV,Not Applicable,0.0,2,4,41.43,92.86,0
KA-19-SZ-8156,2023-01-06,2023,Karnataka,Mangalore (KA-19),OTH,Crane,Escorts,Diesel,BS6,4998.0,2,1,0.0,87.5,0
TN-01-TZ-8173,2023-03-09,2023,Tamil Nadu,Chennai Central (TN-01),4W,SUV,Kia,EV,Not Applicable,0.0,5,1,26.26,91.92,0
WB-40-UZ-8190,2021-01-22,2021,West Bengal,Durgapur (WB-40),LCV,Mini Truck,Tata Motors,Diesel,BS6,2956.0,2,3,39.13,86.96,0
KA-19-VZ-8207,2021-12-16,2021,Karnataka,Mangalore (KA-19),2W,Motorcycle,Suzuki,Petrol,BS6,100.0,2,3,49.39,91.46,0
RJ-01-WZ-8224,2021-02-19,2021,Rajasthan,Ajmer (RJ-01),2W,Motorcycle,KTM,EV,Not Applicable,0.0,2,3,48.41,92.86,0
TS-03-XZ-8241,2020-02-15,2020,Telangana,Warangal (TS-03),2W,Motorcycle,Hero,EV,Not Applicable,0.0,2,4,40.8,92.8,0
MP-04-YZ-8258,2024-10-25,2024,Madhya Pradesh,Bhopal (MP-04),3W,E-Rickshaw,Atul Auto,EV,Not Applicable,0.0,4,0,79.31,89.66,0
MH-31-ZZ-8275,2019-07-20,2019,Maharashtra,Nagpur (MH-31),2W,Scooter,Ather,EV,Not Applicable,0.0,2,5,50.93,95.37,0
TN-45-AA-8292,2022-01-29,2022,Tamil Nadu,Trichy (TN-45),2W,Motorcycle,Honda,Petrol,BS6,200.0,2,2,44.68,95.74,0
UP-70-BA-8309,2024-07-15,2024,Uttar Pradesh,Allahabad (UP-70),LCV,Pickup Van,Force Motors,Diesel,BS6,2956.0,2,0,35.0,90.0,0
UP-78-CA-8326,2021-10-25,2021,Uttar Pradesh,Kanpur (UP-78),2W,Scooter,Suzuki,Petrol,BS6,106.2,2,3,47.06,91.91,0
GJ-06-DA-8343,2024-06-05,2024,Gujarat,Vadodara (GJ-06),4W,MUV,Honda,Diesel,BS6,1462.0,7,0,35.37,95.12,0
PB-08-EA-8360,2022-03-07,2022,Punjab,Jalandhar (PB-08),2W,Scooter,Ola Electric,EV,Not Applicable,0.0,2,2,41.51,90.57,0
UP-78-FA-8377,2024-04-20,2024,Uttar Pradesh,Kanpur (UP-78),2W,Motorcycle,Honda,Petrol,BS6,250.0,2,0,47.06,91.91,0
MP-09-GA-8394,2023-12-11,2023,Madhya Pradesh,Indore (MP-09),HCV,Trailer,MAN,Diesel,BS6,4998.0,2,1,4.76,85.71,0
MP-13-HA-8411,2023-12-18,2023,Madhya Pradesh,Ujjain (MP-13),LCV,Light Bus,Tata Motors,Diesel,BS6,2523.0,15,1,37.5,83.33,0
PB-08-IA-8428,2019-10-21,2019,Punjab,Jalandhar (PB-08),2W,Motorcycle,Royal Enfield,Petrol,BS4,250.0,2,5,41.51,90.57,0
GJ-05-JA-8445,2023-08-24,2023,Gujarat,Surat (GJ-05),2W,Scooter,Bajaj,Petrol,BS6,125.0,2,1,41.43,92.86,0
RJ-14-KA-8462,2021-01-18,2021,Rajasthan,Jaipur (RJ-14),2W,Motorcycle,Bajaj,Petrol,BS6,150.0,2,3,48.41,92.86,0
KA-01-LA-8479,2021-05-17,2021,Karnataka,Bangalore Central (KA-01),4W,SUV,Renault,Diesel,BS6,1598.0,7,3,25.89,89.29,0
KL-08-MA-8496,2023-10-28,2023,Kerala,Thrissur (KL-08),HCV,Trailer,BharatBenz,Diesel,BS6,5660.0,2,1,0.0,84.0,0
DL-08-NA-8513,2022-07-21,2022,Delhi,Delhi West (DL-08),HCV,Tanker,Volvo,Diesel,BS6,6700.0,2,2,0.0,68.75,0
TS-01-OA-8530,2024-02-10,2024,Telangana,Karimnagar (TS-01),HCV,Truck,BharatBenz,Diesel,BS6,4998.0,2,0,7.14,92.86,0
GJ-06-PA-8547,2021-06-07,2021,Gujarat,Vadodara (GJ-06),2W,Moped,Hero,EV,Not Applicable,0.0,2,3,41.43,92.86,0
KA-25-QA-8564,2021-10-22,2021,Karnataka,Hubli (KA-25),2W,Scooter,Ola Electric,EV,Not Applicable,0.0,2,3,49.39,91.46,0
UP-80-RA-8581,2018-03-12,2018,Uttar Pradesh,Agra (UP-80),LCV,Mini Truck,Tata Motors,Diesel,BS4,2956.0,2,6,35.0,90.0,0
KL-02-SA-8598,2019-01-28,2019,Kerala,Kollam (KL-02),OTH,Tractor,TAFE,Diesel,BS4,5660.0,2,5,0.0,62.5,0
PB-10-TA-8615,2021-06-08,2021,Punjab,Ludhiana (PB-10),2W,Motorcycle,Suzuki,Petrol,BS6,150.0,2,3,41.51,90.57,0
KL-01-UA-8632,2023-02-23,2023,Kerala,Thiruvananthapuram (KL-01),3W,E-Rickshaw,Piaggio,EV,Not Applicable,0.0,4,1,84.38,93.75,0
TS-09-VA-8649,2020-02-10,2020,Telangana,Hyderabad (TS-09),3W,Tempo,TVS,CNG,BS4,250.0,4,4,81.25,100.0,1
TS-01-WA-8666,2020-12-02,2020,Telangana,Karimnagar (TS-01),2W,Motorcycle,Royal Enfield,Petrol,BS6,94.1,2,4,40.8,92.8,0
KL-07-XA-8683,2021-11-30,2021,Kerala,Kochi (KL-07),2W,Motorcycle,KTM,Petrol,BS6,102.0,2,3,44.63,96.69,0
MH-01-YA-8700,2024-01-13,2024,Maharashtra,Mumbai Central (MH-01),3W,Tempo,Piaggio,EV,Not Applicable,0.0,4,0,87.5,87.5,0
KL-07-ZA-8717,2019-07-24,2019,Kerala,Kochi (KL-07),2W,Motorcycle,KTM,EV,Not Applicable,0.0,2,5,44.63,96.69,0
UP-78-AB-8734,2024-01-24,2024,Uttar Pradesh,Kanpur (UP-78),2W,Motorcycle,Honda,Petrol,BS6,200.0,2,0,47.06,91.91,0
TN-30-BB-8751,2021-12-04,2021,Tamil Nadu,Salem (TN-30),HCV,Truck,Tata Motors,Diesel,BS6,3760.0,2,3,0.0,90.0,0
MH-12-CB-8768,2019-04-06,2019,Maharashtra,Pune (MH-12),3W,Tempo,Piaggio,Petrol,BS4,250.0,4,5,87.5,87.5,0
MP-09-DB-8785,2022-12-20,2022,Madhya Pradesh,Indore (MP-09),2W,Motorcycle,Ola Electric,EV,Not Applicable,0.0,2,2,40.43,85.11,0
DL-04-EB-8802,2022-01-18,2022,Delhi,Delhi North (DL-04),3W,Tempo,Kinetic Green,EV,Not Applicable,0.0,4,2,89.47,94.74,0
DL-04-FB-8819,2023-01-14,2023,Delhi,Delhi North (DL-04),4W,SUV,Tata Motors,Diesel,BS6,1197.0,7,1,22.58,88.17,0
DL-08-GB-8836,2023-12-16,2023,Delhi,Delhi West (DL-08),2W,Scooter,Ola Electric,EV,Not Applicable,0.0,2,1,39.39,90.3,0
DL-02-HB-8853,2023-09-25,2023,Delhi,Delhi East (DL-02),2W,Motorcycle,KTM,Petrol,BS6,103.3,2,1,39.39,90.3,0
PB-10-IB-8870,2023-07-01,2023,Punjab,Ludhiana (PB-10),2W,Motorcycle,KTM,Petrol,BS6,150.0,2,1,41.51,90.57,0
TN-37-JB-8887,2024-07-22,2024,Tamil Nadu,Coimbatore (TN-37),2W,Scooter,Ather,EV,Not Applicable,0.0,2,0,44.68,95.74,0
MH-20-KB-8904,2021-03-03,2021,Maharashtra,Aurangabad (MH-20),OTH,Tractor,Escorts,Diesel,BS6,4998.0,2,3,0.0,71.43,0
DL-04-LB-8921,2020-06-30,2020,Delhi,Delhi North (DL-04),2W,Motorcycle,KTM,Petrol,BS6,400.0,2,4,39.39,90.3,0
DL-09-MB-8938,2023-08-11,2023,Delhi,Delhi South (DL-09),4W,Sedan,Hyundai,Diesel,BS6,1498.0,5,1,22.58,88.17,0
UP-65-NB-8955,2020-12-19,2020,Uttar Pradesh,Varanasi (UP-65),2W,Motorcycle,Royal Enfield,Petrol,BS6,125.0,2,4,47.06,91.91,0
TN-37-OB-8972,2023-05-10,2023,Tamil Nadu,Coimbatore (TN-37),HCV,Truck,MAN,Diesel,BS6,4998.0,2,1,0.0,90.0,0
TS-07-PB-8989,2023-07-27,2023,Telangana,Khammam (TS-07),2W,Moped,TVS,Petrol,BS6,100.0,2,1,40.8,92.8,0
UP-78-QB-9006,2023-05-05,2023,Uttar Pradesh,Kanpur (UP-78),4W,SUV,Mahindra,Diesel,BS6,2179.0,7,1,19.75,88.89,0
KA-01-RB-9023,2023-02-23,2023,Karnataka,Bangalore Central (KA-01),4W,SUV,Honda,Petrol,BS6,1494.7,5,1,25.89,89.29,0
WB-40-SB-9040,2019-06-15,2019,West Bengal,Durgapur (WB-40),2W,Motorcycle,Royal Enfield,Petrol,BS4,108.4,2,5,39.16,92.31,0
MH-01-TB-9057,2023-05-27,2023,Maharashtra,Mumbai Central (MH-01),2W,Scooter,TVS,Petrol,BS6,250.0,2,1,50.93,95.37,0
DL-09-UB-9074,2019-05-22,2019,Delhi,Delhi South (DL-09),4W,MUV,Toyota,Diesel,BS4,2179.0,5,5,22.58,88.17,0
RJ-20-VB-9091,2023-02-14,2023,Rajasthan,Kota (RJ-20),2W,Motorcycle,TVS,EV,Not Applicable,0.0,2,1,48.41,92.86,0
KL-11-WB-9108,2022-10-19,2022,Kerala,Kozhikode (KL-11),2W,Moped,Yamaha,Petrol,BS6,88.0,2,2,44.63,96.69,0
PB-08-XB-9125,2022-07-04,2022,Punjab,Jalandhar (PB-08),4W,Sedan,Skoda,Diesel,BS6,1197.0,5,2,28.17,87.32,0
WB-01-YB-9142,2022-12-08,2022,West Bengal,Kolkata (WB-01),4W,SUV,Kia,Petrol,BS6,800.0,5,2,23.66,84.95,0
PB-08-ZB-9159,2021-10-20,2021,Punjab,Jalandhar (PB-08),2W,Scooter,Honda,Petrol,BS6,86.1,2,3,41.51,90.57,0
KL-08-AC-9176,2022-08-22,2022,Kerala,Thrissur (KL-08),LCV,Light Bus,Force Motors,Diesel,BS6,2956.0,15,2,32.35,94.12,0
PB-11-BC-9193,2022-04-29,2022,Punjab,Patiala (PB-11),3W,Auto Rickshaw,Piaggio,Diesel,BS6,200.0,4,2,76.0,92.0,0
TN-37-CC-9210,2024-10-22,2024,Tamil Nadu,Coimbatore (TN-37),2W,Scooter,Hero,EV,Not Applicable,0.0,2,0,44.68,95.74,0
TS-07-DC-9227,2020-04-16,2020,Telangana,Khammam (TS-07),3W,Tempo,Mahindra,Diesel,BS6,250.0,4,4,81.25,100.0,0
KA-22-EC-9244,2020-12-10,2020,Karnataka,Belgaum (KA-22),2W,Scooter,Yamaha,Petrol,BS6,160.0,2,4,49.39,91.46,0
MP-07-FC-9261,2020-02-05,2020,Madhya Pradesh,Gwalior (MP-07),2W,Motorcycle,TVS,Petrol,BS4,200.0,2,4,40.43,85.11,1
MH-31-GC-9278,2022-05-26,2022,Maharashtra,Nagpur (MH-31),3W,E-Rickshaw,TVS,EV,Not Applicable,0.0,4,2,87.5,87.5,0
KL-01-HC-9295,2021-10-06,2021,Kerala,Thiruvananthapuram (KL-01),2W,Scooter,Ather,EV,Not Applicable,0.0,2,3,44.63,96.69,0
WB-73-IC-9312,2024-08-02,2024,West Bengal,Siliguri (WB-73),2W,Scooter,Ola Electric,EV,Not Applicable,0.0,2,0,39.16,92.31,0
UP-80-JC-9329,2018-05-07,2018,Uttar Pradesh,Agra (UP-80),2W,Motorcycle,Royal Enfield,Petrol,BS4,200.0,2,6,47.06,91.91,0
RJ-19-KC-9346,2021-10-18,2021,Rajasthan,Jodhpur (RJ-19),3W,Auto Rickshaw,Atul Auto,Petrol,BS6,225.0,4,3,85.19,100.0,0
TN-30-LC-9363,2021-12-23,2021,Tamil Nadu,Salem (TN-30),2W,Motorcycle,Ola Electric,EV,Not Applicable,0.0,2,3,44.68,95.74,0
DL-08-MC-9380,2022-04-02,2022,Delhi,Delhi West (DL-08),2W,Moped,Yamaha,EV,Not Applicable,0.0,2,2,39.39,90.3,0
RJ-14-NC-9397,2023-06-03,2023,Rajasthan,Jaipur (RJ-14),2W,Motorcycle,KTM,Petrol,BS6,150.0,2,1,48.41,92.86,0
KA-25-OC-9414,2021-07-31,2021,Karnataka,Hubli (KA-25),4W,SUV,Skoda,Diesel,BS6,1968.0,7,3,25.89,89.29,0
GJ-06-PC-9431,2023-06-06,2023,Gujarat,Vadodara (GJ-06),4W,SUV,Mahindra,Petrol,BS6,1000.0,7,1,35.37,95.12,0
PB-11-QC-9448,2022-04-26,2022,Punjab,Patiala (PB-11),4W,SUV,Kia,Petrol,BS6,1498.0,5,2,28.17,87.32,0
GJ-01-RC-9465,2022-04-25,2022,Gujarat,Ahmedabad (GJ-01),3W,Tempo,Kinetic Green,EV,Not Applicable,0.0,4,2,89.47,100.0,0
RJ-01-SC-9482,2024-12-09,2024,Rajasthan,Ajmer (RJ-01),2W,Motorcycle,KTM,Petrol,BS6,104.4,2,0,48.41,92.86,0
MP-13-TC-9499,2020-10-19,2020,Madhya Pradesh,Ujjain (MP-13),4W,SUV,Hyundai,Petrol,BS6,2179.0,7,4,28.28,85.86,0
MH-12-UC-9516,2021-06-28,2021,Maharashtra,Pune (MH-12),2W,Scooter,Hero,EV,Not Applicable,0.0,2,3,50.93,95.37,0
GJ-03-VC-9533,2024-01-20,2024,Gujarat,Rajkot (GJ-03),2W,Scooter,Ola Electric,EV,Not Applicable,0.0,2,0,41.43,92.86,0
MH-01-WC-9550,2021-03-17,2021,Maharashtra,Mumbai Central (MH-01),2W,Scooter,Suzuki,Petrol,BS6,104.6,2,3,50.93,95.37,0
DL-09-XC-9567,2024-03-11,2024,Delhi,Delhi South (DL-09),2W,Motorcycle,TVS,Petrol,BS6,110.0,2,0,39.39,90.3,0
DL-04-YC-9584,2023-04-08,2023,Delhi,Delhi North (DL-04),2W,Scooter,Yamaha,EV,Not Applicable,0.0,2,1,39.39,90.3,0
PB-02-ZC-9601,2024-10-21,2024,Punjab,Amritsar (PB-02),4W,MUV,Maruti Suzuki,CNG,BS6,1462.0,5,0,28.17,87.32,0
GJ-06-AD-9618,2021-04-24,2021,Gujarat,Vadodara (GJ-06),4W,SUV,Kia,EV,Not Applicable,0.0,5,3,35.37,95.12,0
DL-09-BD-9635,2024-07-27,2024,Delhi,Delhi South (DL-09),4W,SUV,Mahindra,Petrol,BS6,1197.0,5,0,22.58,88.17,0
MH-12-CD-9652,2021-12-02,2021,Maharashtra,Pune (MH-12),2W,Motorcycle,Royal Enfield,Petrol,BS6,110.0,2,3,50.93,95.37,0
MH-31-DD-9669,2022-12-12,2022,Maharashtra,Nagpur (MH-31),2W,Scooter,Ola Electric,EV,Not Applicable,0.0,2,2,50.93,95.37,0
TS-09-ED-9686,2023-10-19,2023,Telangana,Hyderabad (TS-09),2W,Moped,Yamaha,Petrol,BS6,93.8,2,1,40.8,92.8,0
UP-70-FD-9703,2023-08-14,2023,Uttar Pradesh,Allahabad (UP-70),HCV,Bus,MAN,Diesel,BS6,5660.0,32,1,0.0,85.71,0
WB-40-GD-9720,2024-03-20,2024,West Bengal,Durgapur (WB-40),2W,Motorcycle,Royal Enfield,Petrol,BS6,150.0,2,0,39.16,92.31,0
TS-05-HD-9737,2022-08-05,2022,Telangana,Nizamabad (TS-05),HCV,Bus,Ashok Leyland,Diesel,BS6,6700.0,32,2,7.14,92.86,0
TN-30-ID-9754,2019-11-16,2019,Tamil Nadu,Salem (TN-30),4W,SUV,Mahindra,Petrol,BS4,1462.0,5,5,26.26,91.92,0
TN-01-JD-9771,2022-04-27,2022,Tamil Nadu,Chennai Central (TN-01),2W,Scooter,Ola Electric,EV,Not Applicable,0.0,2,2,44.68,95.74,0
DL-02-KD-9788,2023-12-11,2023,Delhi,Delhi East (DL-02),2W,Motorcycle,KTM,Petrol,BS6,250.0,2,1,39.39,90.3,0
WB-40-LD-9805,2020-11-09,2020,West Bengal,Durgapur (WB-40),HCV,Truck,BharatBenz,Diesel,BS6,5660.0,2,4,0.0,91.67,0
RJ-19-MD-9822,2023-01-30,2023,Rajasthan,Jodhpur (RJ-19),LCV,Mini Truck,Mahindra,Diesel,BS6,2523.0,2,1,40.91,72.73,0
DL-09-ND-9839,2020-05-18,2020,Delhi,Delhi South (DL-09),4W,SUV,MG,Petrol,BS6,1197.0,5,4,22.58,88.17,0
TN-45-OD-9856,2023-01-09,2023,Tamil Nadu,Trichy (TN-45),2W,Motorcycle,Ola Electric,EV,Not Applicable,0.0,2,1,44.68,95.74,0
WB-13-PD-9873,2024-08-12,2024,West Bengal,Howrah (WB-13),HCV,Bus,Volvo,Diesel,BS6,6700.0,32,0,0.0,91.67,0
MP-13-QD-9890,2023-06-14,2023,Madhya Pradesh,Ujjain (MP-13),3W,Auto Rickshaw,Mahindra,EV,Not Applicable,0.0,4,1,79.31,89.66,0
KA-22-RD-9907,2021-10-05,2021,Karnataka,Belgaum (KA-22),4W,SUV,Kia,Petrol,BS6,1462.0,5,3,25.89,89.29,0
TN-30-SD-9924,2020-11-02,2020,Tamil Nadu,Salem (TN-30),4W,SUV,Renault,Petrol,BS6,800.0,7,4,26.26,91.92,0
UP-65-TD-9941,2023-05-08,2023,Uttar Pradesh,Varanasi (UP-65),4W,SUV,Kia,Diesel,BS6,2179.0,7,1,19.75,88.89,0
MP-09-UD-9958,2019-01-25,2019,Madhya Pradesh,Indore (MP-09),3W,Auto Rickshaw,Piaggio,CNG,BS4,200.0,4,5,79.31,89.66,0
WB-39-VD-9975,2022-11-11,2022,West Bengal,Asansol (WB-39),2W,Moped,Yamaha,Petrol,BS6,100.0,2,2,39.16,92.31,0
MP-04-WD-9992,2023-04-26,2023,Madhya Pradesh,Bhopal (MP-04),3W,Auto Rickshaw,Mahindra,CNG,BS6,225.0,4,1,79.31,89.66,0
KA-22-XD-1009,2021-06-12,2021,Karnataka,Belgaum (KA-22),OTH,Tractor,John Deere,Diesel,BS6,3760.0,2,3,0.0,87.5,0
KA-09-YD-1026,2020-10-12,2020,Karnataka,Mysore (KA-09),2W,Scooter,Suzuki,Petrol,BS6,108.5,2,4,49.39,91.46,0
TN-37-ZD-1043,2019-07-12,2019,Tamil Nadu,Coimbatore (TN-37),2W,Scooter,TVS,Petrol,BS4,200.0,2,5,44.68,95.74,0
MP-07-AE-1060,2023-12-21,2023,Madhya Pradesh,Gwalior (MP-07),4W,MUV,Mahindra,Petrol,BS6,1462.0,7,1,28.28,85.86,0
DL-08-BE-1077,2022-09-13,2022,Delhi,Delhi West (DL-08),2W,Scooter,Hero,Petrol,BS6,105.3,2,2,39.39,90.3,0
PB-11-CE-1094,2018-01-06,2018,Punjab,Patiala (PB-11),HCV,Truck,Volvo,Diesel,BS4,5660.0,2,6,0.0,68.0,0
MP-20-DE-1111,2023-04-08,2023,Madhya Pradesh,Jabalpur (MP-20),4W,SUV,Hyundai,CNG,BS6,2179.0,7,1,28.28,85.86,0
GJ-18-EE-1128,2023-03-23,2023,Gujarat,Gandhinagar (GJ-18),4W,Sedan,Honda,Diesel,BS6,1598.0,5,1,35.37,95.12,0
DL-08-FE-1145,2023-07-03,2023,Delhi,Delhi West (DL-08),2W,Motorcycle,KTM,Petrol,BS6,160.0,2,1,39.39,90.3,0
TN-01-GE-1162,2019-03-11,2019,Tamil Nadu,Chennai Central (TN-01),2W,Scooter,Yamaha,EV,Not Applicable,0.0,2,5,44.68,95.74,0
MP-07-HE-1179,2021-06-15,2021,Madhya Pradesh,Gwalior (MP-07),4W,Sedan,Tata Motors,CNG,BS6,1968.0,5,3,28.28,85.86,0
MH-12-IE-1196,2020-08-25,2020,Maharashtra,Pune (MH-12),4W,SUV,Skoda,Diesel,BS6,1197.0,7,4,28.89,91.11,0
TN-45-JE-1213,2021-12-06,2021,Tamil Nadu,Trichy (TN-45),4W,Sedan,Maruti Suzuki,Diesel,BS6,1498.0,5,3,26.26,91.92,0
MP-13-KE-1230,2019-10-03,2019,Madhya Pradesh,Ujjain (MP-13),2W,Motorcycle,Bajaj,Petrol,BS4,100.0,2,5,40.43,85.11,0
MH-31-LE-1247,2023-04-01,2023,Maharashtra,Nagpur (MH-31),4W,Sedan,Tata Motors,Petrol,BS6,1197.0,5,1,28.89,91.11,0
TN-01-ME-1264,2024-12-30,2024,Tamil Nadu,Chennai Central (TN-01),2W,Scooter,Ather,EV,Not Applicable,0.0,2,0,44.68,95.74,0
TS-03-NE-1281,2022-06-02,2022,Telangana,Warangal (TS-03),LCV,Light Bus,Force Motors,Diesel,BS6,2523.0,15,2,0.0,84.62,0
CH-01-OE-1298,2018-06-06,2018,Chandigarh,Chandigarh (CH-01),4W,SUV,Renault,Diesel,BS4,1197.0,5,6,12.5,83.33,0
MH-15-PE-1315,2023-05-06,2023,Maharashtra,Nashik (MH-15),2W,Motorcycle,KTM,EV,Not Applicable,0.0,2,1,50.93,95.37,0
TS-05-QE-1332,2024-06-08,2024,Telangana,Nizamabad (TS-05),4W,MUV,Honda,Petrol,BS6,1000.0,7,0,25.47,92.45,0
KL-07-RE-1349,2022-08-12,2022,Kerala,Kochi (KL-07),2W,Moped,TVS,Petrol,BS6,90.7,2,2,44.63,96.69,0
TN-01-SE-1366,2019-03-25,2019,Tamil Nadu,Chennai Central (TN-01),2W,Motorcycle,Royal Enfield,Petrol,BS4,137.5,2,5,44.68,95.74,0
GJ-18-TE-1383,2022-10-18,2022,Gujarat,Gandhinagar (GJ-18),2W,Motorcycle,Royal Enfield,Petrol,BS6,110.0,2,2,41.43,92.86,0
KA-19-UE-1400,2021-11-01,2021,Karnataka,Mangalore (KA-19),LCV,Pickup Van,Mahindra,EV,Not Applicable,0.0,2,3,26.92,88.46,0
KL-02-VE-1417,2020-10-08,2020,Kerala,Kollam (KL-02),2W,Scooter,Ather,EV,Not Applicable,0.0,2,4,44.63,96.69,0
MH-12-WE-1434,2023-03-28,2023,Maharashtra,Pune (MH-12),LCV,Pickup Van,Force Motors,Diesel,BS6,2523.0,2,1,22.58,90.32,0
MH-31-XE-1451,2020-04-06,2020,Maharashtra,Nagpur (MH-31),HCV,Bus,Eicher,Diesel,BS6,3760.0,32,4,0.0,84.62,0
RJ-14-YE-1468,2024-10-08,2024,Rajasthan,Jaipur (RJ-14),2W,Motorcycle,Royal Enfield,Petrol,BS6,100.0,2,0,48.41,92.86,0
RJ-01-ZE-1485,2023-11-10,2023,Rajasthan,Ajmer (RJ-01),4W,SUV,Skoda,Petrol,BS6,800.0,5,1,26.0,89.0,0
WB-73-AF-1502,2023-04-27,2023,West Bengal,Siliguri (WB-73),4W,MUV,Tata Motors,Diesel,BS6,1197.0,7,1,23.66,84.95,0
TS-07-BF-1519,2023-02-13,2023,Telangana,Khammam (TS-07),LCV,Light Bus,Mahindra,Diesel,BS6,3298.0,15,1,0.0,84.62,0
KA-22-CF-1536,2022-08-11,2022,Karnataka,Belgaum (KA-22),HCV,Tanker,Ashok Leyland,Diesel,BS6,4998.0,2,2,0.0,96.15,0
KA-01-DF-1553,2022-04-13,2022,Karnataka,Bangalore Central (KA-01),OTH,Tractor,TAFE,Diesel,BS6,4998.0,2,2,0.0,87.5,0
TN-01-EF-1570,2022-02-02,2022,Tamil Nadu,Chennai Central (TN-01),4W,Sedan,Toyota,Petrol,BS6,1462.0,5,2,26.26,91.92,0
RJ-14-FF-1587,2019-08-05,2019,Rajasthan,Jaipur (RJ-14),2W,Motorcycle,KTM,Petrol,BS4,200.0,2,5,48.41,92.86,0
PB-10-GF-1604,2024-05-06,2024,Punjab,Ludhiana (PB-10),2W,Scooter,Ather,EV,Not Applicable,0.0,2,0,41.51,90.57,0
PB-10-HF-1621,2022-12-22,2022,Punjab,Ludhiana (PB-10),3W,E-Rickshaw,Mahindra,EV,Not Applicable,0.0,4,2,76.0,92.0,0
PB-08-IF-1638,2021-09-13,2021,Punjab,Jalandhar (PB-08),4W,Sedan,Renault,EV,Not Applicable,0.0,5,3,28.17,87.32,0
KL-07-JF-1655,2024-09-30,2024,Kerala,Kochi (KL-07),4W,MUV,Toyota,EV,Not Applicable,0.0,7,0,24.55,90.0,0
PB-02-KF-1672,2022-11-12,2022,Punjab,Amritsar (PB-02),4W,Hatchback,Tata Motors,Diesel,BS6,1498.0,5,2,28.17,87.32,0
RJ-20-LF-1689,2023-08-16,2023,Rajasthan,Kota (RJ-20),2W,Scooter,Suzuki,EV,Not Applicable,0.0,2,1,48.41,92.86,0
TN-45-MF-1706,2023-11-13,2023,Tamil Nadu,Trichy (TN-45),LCV,Mini Truck,Force Motors,Diesel,BS6,2956.0,2,1,40.0,92.0,0
PB-02-NF-1723,2021-10-15,2021,Punjab,Amritsar (PB-02),2W,Scooter,Ola Electric,EV,Not Applicable,0.0,2,3,41.51,90.57,0
TS-07-OF-1740,2020-12-17,2020,Telangana,Khammam (TS-07),3W,Tempo,Kinetic Green,EV,Not Applicable,0.0,4,4,81.25,100.0,0
GJ-01-PF-1757,2024-07-29,2024,Gujarat,Ahmedabad (GJ-01),HCV,Bus,Eicher,Diesel,BS6,6700.0,32,0,0.0,100.0,0
GJ-03-QF-1774,2021-10-02,2021,Gujarat,Rajkot (GJ-03),3W,Tempo,TVS,CNG,BS6,200.0,4,3,89.47,100.0,0
GJ-18-RF-1791,2020-03-27,2020,Gujarat,Gandhinagar (GJ-18),4W,SUV,Kia,Diesel,BS4,1498.0,7,4,35.37,95.12,1
MH-31-SF-1808,2021-01-21,2021,Maharashtra,Nagpur (MH-31),HCV,Truck,Tata Motors,Diesel,BS6,6700.0,2,3,0.0,84.62,0
GJ-18-TF-1825,2020-05-09,2020,Gujarat,Gandhinagar (GJ-18),4W,Hatchback,Maruti Suzuki,Diesel,BS6,1598.0,5,4,35.37,95.12,0
DL-01-UF-1842,2022-10-04,2022,Delhi,Delhi Central (DL-01),4W,Sedan,Maruti Suzuki,Diesel,BS6,1462.0,5,2,22.58,88.17,0
PB-11-VF-1859,2021-01-08,2021,Punjab,Patiala (PB-11),4W,SUV,Hyundai,CNG,BS6,1197.0,7,3,28.17,87.32,0
RJ-14-WF-1876,2021-12-14,2021,Rajasthan,Jaipur (RJ-14),2W,Motorcycle,Hero,Petrol,BS6,250.0,2,3,48.41,92.86,0
KA-22-XF-1893,2020-07-17,2020,Karnataka,Belgaum (KA-22),LCV,Light Bus,Ashok Leyland,CNG,BS6,3298.0,15,4,26.92,88.46,0
TS-05-YF-1910,2023-08-10,2023,Telangana,Nizamabad (TS-05),4W,SUV,MG,Diesel,BS6,2179.0,5,1,25.47,92.45,0
TS-01-ZF-1927,2022-08-01,2022,Telangana,Karimnagar (TS-01),HCV,Truck,MAN,Diesel,BS6,3760.0,2,2,7.14,92.86,0
KA-09-AG-1944,2020-06-04,2020,Karnataka,Mysore (KA-09),2W,Scooter,Honda,Petrol,BS6,104.2,2,4,49.39,91.46,0
TN-45-BG-1961,2021-08-05,2021,Tamil Nadu,Trichy (TN-45),4W,Hatchback,Honda,Diesel,BS6,1498.0,5,3,26.26,91.92,0
RJ-19-CG-1978,2023-03-01,2023,Rajasthan,Jodhpur (RJ-19),2W,Motorcycle,Suzuki,Petrol,BS6,200.0,2,1,48.41,92.86,0
RJ-01-DG-1995,2024-04-01,2024,Rajasthan,Ajmer (RJ-01),4W,MUV,Tata Motors,Diesel,BS6,1197.0,7,0,26.0,89.0,0
KA-22-EG-2012,2023-08-14,2023,Karnataka,Belgaum (KA-22),2W,Motorcycle,Bajaj,EV,Not Applicable,0.0,2,1,49.39,91.46,0
GJ-03-FG-2029,2021-07-10,2021,Gujarat,Rajkot (GJ-03),2W,Motorcycle,Royal Enfield,EV,Not Applicable,0.0,2,3,41.43,92.86,0
DL-09-GG-2046,2022-01-04,2022,Delhi,Delhi South (DL-09),2W,Motorcycle,Honda,Petrol,BS6,350.0,2,2,39.39,90.3,0
KA-09-HG-2063,2019-11-02,2019,Karnataka,Mysore (KA-09),2W,Moped,Yamaha,Petrol,BS4,100.0,2,5,49.39,91.46,0
MH-12-IG-2080,2024-08-29,2024,Maharashtra,Pune (MH-12),2W,Scooter,TVS,Petrol,BS6,105.7,2,0,50.93,95.37,0
MP-09-JG-2097,2022-10-03,2022,Madhya Pradesh,Indore (MP-09),4W,MUV,MG,Petrol,BS6,1462.0,7,2,28.28,85.86,0
PB-02-KG-2114,2020-12-08,2020,Punjab,Amritsar (PB-02),4W,SUV,Renault,Diesel,BS6,1498.0,7,4,28.17,87.32,0
MP-07-LG-2131,2019-06-17,2019,Madhya Pradesh,Gwalior (MP-07),2W,Scooter,Honda,Petrol,BS4,110.4,2,5,40.43,85.11,0
RJ-01-MG-2148,2024-11-22,2024,Rajasthan,Ajmer (RJ-01),2W,Motorcycle,Hero,Petrol,BS6,100.0,2,0,48.41,92.86,0
RJ-20-NG-2165,2021-04-28,2021,Rajasthan,Kota (RJ-20),4W,SUV,MG,Diesel,BS6,1598.0,7,3,26.0,89.0,0
RJ-19-OG-2182,2023-03-02,2023,Rajasthan,Jodhpur (RJ-19),2W,Motorcycle,Royal Enfield,Petrol,BS6,99.3,2,1,48.41,92.86,0
PB-02-PG-2199,2021-04-15,2021,Punjab,Amritsar (PB-02),4W,MUV,Mahindra,Petrol,BS6,800.0,7,3,28.17,87.32,0
DL-04-QG-2216,2019-08-05,2019,Delhi,Delhi North (DL-04),3W,Auto Rickshaw,Piaggio,CNG,BS4,200.0,4,5,89.47,94.74,0
KL-07-RG-2233,2024-01-20,2024,Kerala,Kochi (KL-07),2W,Scooter,Ather,EV,Not Applicable,0.0,2,0,44.63,96.69,0
WB-39-SG-2250,2021-09-03,2021,West Bengal,Asansol (WB-39),4W,Sedan,Renault,Petrol,BS6,1462.0,5,3,23.66,84.95,0
DL-01-TG-2267,2021-06-10,2021,Delhi,Delhi Central (DL-01),2W,Moped,Suzuki,Petrol,BS6,88.6,2,3,39.39,90.3,0
KA-19-UG-2284,2020-04-25,2020,Karnataka,Mangalore (KA-19),4W,MUV,Toyota,EV,Not Applicable,0.0,5,4,25.89,89.29,0
KA-22-VG-2301,2023-05-30,2023,Karnataka,Belgaum (KA-22),4W,Hatchback,Toyota,Diesel,BS6,1498.0,5,1,25.89,89.29,0
WB-01-WG-2318,2022-10-29,2022,West Bengal,Kolkata (WB-01),4W,MUV,Honda,Petrol,BS6,1000.0,7,2,23.66,84.95,0
DL-02-XG-2335,2022-11-19,2022,Delhi,Delhi East (DL-02),4W,Sedan,Skoda,CNG,BS6,1968.0,5,2,22.58,88.17,0
RJ-14-YG-2352,2018-10-11,2018,Rajasthan,Jaipur (RJ-14),4W,Hatchback,Maruti Suzuki,Petrol,BS4,1598.0,5,6,26.0,89.0,0
DL-09-ZG-2369,2019-10-04,2019,Delhi,Delhi South (DL-09),2W,Motorcycle,Yamaha,Petrol,BS4,150.0,2,5,39.39,90.3,0
UP-70-AH-2386,2021-09-21,2021,Uttar Pradesh,Allahabad (UP-70),2W,Scooter,TVS,EV,Not Applicable,0.0,2,3,47.06,91.91,0
GJ-18-BH-2403,2022-07-09,2022,Gujarat,Gandhinagar (GJ-18),4W,SUV,Skoda,Diesel,BS6,2179.0,7,2,35.37,95.12,0
MP-13-CH-2420,2023-01-27,2023,Madhya Pradesh,Ujjain (MP-13),2W,Moped,TVS,EV,Not Applicable,0.0,2,1,40.43,85.11,0
TN-01-DH-2437,2022-12-06,2022,Tamil Nadu,Chennai Central (TN-01),2W,Motorcycle,KTM,Petrol,BS6,93.4,2,2,44.68,95.74,0
TN-58-EH-2454,2024-02-12,2024,Tamil Nadu,Madurai (TN-58),3W,Auto Rickshaw,Kinetic Green,EV,Not Applicable,0.0,4,0,82.14,96.43,0
RJ-01-FH-2471,2023-08-07,2023,Rajasthan,Ajmer (RJ-01),3W,E-Rickshaw,TVS,EV,Not Applicable,0.0,4,1,85.19,100.0,0
TS-01-GH-2488,2023-01-16,2023,Telangana,Karimnagar (TS-01),OTH,Tractor,Mahindra,Diesel,BS6,4998.0,2,1,0.0,75.0,0
TS-05-HH-2505,2020-10-02,2020,Telangana,Nizamabad (TS-05),4W,Hatchback,Hyundai,CNG,BS6,1000.0,5,4,25.47,92.45,0
RJ-01-IH-2522,2024-10-21,2024,Rajasthan,Ajmer (RJ-01),2W,Motorcycle,Ola Electric,EV,Not Applicable,0.0,2,0,48.41,92.86,0
KA-19-JH-2539,2020-08-04,2020,Karnataka,Mangalore (KA-19),3W,Auto Rickshaw,TVS,CNG,BS6,225.0,4,4,68.42,94.74,0
RJ-14-KH-2556,2023-08-26,2023,Rajasthan,Jaipur (RJ-14),4W,SUV,Renault,Diesel,BS6,800.0,7,1,26.0,89.0,0
DL-02-LH-2573,2022-02-10,2022,Delhi,Delhi East (DL-02),4W,Hatchback,Hyundai,Petrol,BS6,800.0,5,2,22.58,88.17,0
TS-03-MH-2590,2023-06-28,2023,Telangana,Warangal (TS-03),LCV,Pickup Van,Ashok Leyland,Diesel,BS6,2523.0,2,1,0.0,84.62,0
KL-08-NH-2607,2023-09-15,2023,Kerala,Thrissur (KL-08),2W,Scooter,Ather,EV,Not Applicable,0.0,2,1,44.63,96.69,0
MH-31-OH-2624,2023-07-25,2023,Maharashtra,Nagpur (MH-31),2W,Motorcycle,Royal Enfield,Petrol,BS6,110.0,2,1,50.93,95.37,0
RJ-01-PH-2641,2024-04-22,2024,Rajasthan,Ajmer (RJ-01),3W,E-Rickshaw,Mahindra,EV,Not Applicable,0.0,4,0,85.19,100.0,0
KL-02-QH-2658,2020-01-31,2020,Kerala,Kollam (KL-02),2W,Motorcycle,Bajaj,Petrol,BS4,100.0,2,4,44.63,96.69,1
MP-07-RH-2675,2023-08-19,2023,Madhya Pradesh,Gwalior (MP-07),4W,SUV,Hyundai,Diesel,BS6,1462.0,5,1,28.28,85.86,0
MP-07-SH-2692,2022-07-02,2022,Madhya Pradesh,Gwalior (MP-07),LCV,Pickup Van,Mahindra,CNG,BS6,3298.0,2,2,37.5,83.33,0
KA-19-TH-2709,2023-05-03,2023,Karnataka,Mangalore (KA-19),2W,Scooter,Ola Electric,EV,Not Applicable,0.0,2,1,49.39,91.46,0
WB-13-UH-2726,2022-11-29,2022,West Bengal,Howrah (WB-13),3W,Auto Rickshaw,Atul Auto,EV,Not Applicable,0.0,4,2,85.0,100.0,0
MH-31-VH-2743,2019-05-13,2019,Maharashtra,Nagpur (MH-31),HCV,Trailer,Ashok Leyland,Diesel,BS4,3760.0,2,5,0.0,84.62,0
KA-01-WH-2760,2023-06-21,2023,Karnataka,Bangalore Central (KA-01),LCV,Light Bus,Force Motors,Diesel,BS6,3298.0,12,1,26.92,88.46,0
GJ-01-XH-2777,2023-01-02,2023,Gujarat,Ahmedabad (GJ-01),OTH,Tractor,Mahindra,Diesel,BS6,4998.0,2,1,0.0,100.0,0
DL-01-YH-2794,2022-02-22,2022,Delhi,Delhi Central (DL-01),2W,Scooter,Suzuki,Petrol,BS6,160.0,2,2,39.39,90.3,0
MP-07-ZH-2811,2023-10-31,2023,Madhya Pradesh,Gwalior (MP-07),4W,SUV,Hyundai,Diesel,BS6,1598.0,7,1,28.28,85.86,0
MH-20-AI-2828,2021-12-04,2021,Maharashtra,Aurangabad (MH-20),2W,Motorcycle,Suzuki,EV,Not Applicable,0.0,2,3,50.93,95.37,0
MP-04-BI-2845,2023-11-11,2023,Madhya Pradesh,Bhopal (MP-04),4W,Sedan,Renault,Diesel,BS6,1462.0,5,1,28.28,85.86,0
GJ-06-CI-2862,2020-06-17,2020,Gujarat,Vadodara (GJ-06),4W,SUV,Hyundai,EV,Not Applicable,0.0,7,4,35.37,95.12,0
TN-30-DI-2879,2023-10-11,2023,Tamil Nadu,Salem (TN-30),2W,Scooter,Bajaj,Petrol,BS6,105.9,2,1,44.68,95.74,0
KA-01-EI-2896,2021-10-30,2021,Karnataka,Bangalore Central (KA-01),4W,SUV,Maruti Suzuki,Petrol,BS6,1498.0,5,3,25.89,89.29,0
TS-01-FI-2913,2023-04-24,2023,Telangana,Karimnagar (TS-01),2W,Motorcycle,KTM,EV,Not Applicable,0.0,2,1,40.8,92.8,0
DL-04-GI-2930,2023-05-01,2023,Delhi,Delhi North (DL-04),2W,Motorcycle,KTM,Petrol,BS6,100.0,2,1,39.39,90.3,0
CH-01-HI-2947,2022-08-03,2022,Chandigarh,Chandigarh (CH-01),4W,Hatchback,Toyota,Petrol,BS6,800.0,5,2,12.5,83.33,0
TS-03-II-2964,2024-02-05,2024,Telangana,Warangal (TS-03),2W,Motorcycle,Royal Enfield,Petrol,BS6,125.0,2,0,40.8,92.8,0
DL-01-JI-2981,2019-05-24,2019,Delhi,Delhi Central (DL-01),4W,SUV,MG,Diesel,BS4,1000.0,5,5,22.58,88.17,0
MH-15-KI-2998,2020-07-09,2020,Maharashtra,Nashik (MH-15),4W,SUV,Hyundai,CNG,BS6,1462.0,5,4,28.89,91.11,0
MH-20-LI-3015,2024-03-14,2024,Maharashtra,Aurangabad (MH-20),3W,Tempo,TVS,CNG,BS6,250.0,4,0,87.5,87.5,0
WB-01-MI-3032,2021-10-22,2021,West Bengal,Kolkata (WB-01),4W,MUV,Tata Motors,Hybrid,BS6,1968.0,7,3,23.66,84.95,0
TN-37-NI-3049,2020-05-15,2020,Tamil Nadu,Coimbatore (TN-37),2W,Motorcycle,Royal Enfield,Petrol,BS6,150.0,2,4,44.68,95.74,0
TN-30-OI-3066,2022-07-15,2022,Tamil Nadu,Salem (TN-30),2W,Scooter,Ola Electric,EV,Not Applicable,0.0,2,2,44.68,95.74,0
UP-32-PI-3083,2018-07-24,2018,Uttar Pradesh,Lucknow (UP-32),4W,Sedan,Maruti Suzuki,Diesel,BS4,2179.0,5,6,19.75,88.89,0
MH-12-QI-3100,2023-07-20,2023,Maharashtra,Pune (MH-12),4W,Hatchback,Skoda,Diesel,BS6,1968.0,5,1,28.89,91.11,0
KA-22-RI-3117,2018-08-27,2018,Karnataka,Belgaum (KA-22),2W,Scooter,Ather,EV,Not Applicable,0.0,2,6,49.39,91.46,0
PB-02-SI-3134,2019-01-07,2019,Punjab,Amritsar (PB-02),2W,Motorcycle,KTM,Petrol,BS4,100.0,2,5,41.51,90.57,0
WB-13-TI-3151,2023-08-21,2023,West Bengal,Howrah (WB-13),4W,SUV,Mahindra,Hybrid,BS6,1197.0,5,1,23.66,84.95,0
KA-01-UI-3168,2023-02-08,2023,Karnataka,Bangalore Central (KA-01),2W,Scooter,Ola Electric,EV,Not Applicable,0.0,2,1,49.39,91.46,0
WB-13-VI-3185,2024-05-23,2024,West Bengal,Howrah (WB-13),2W,Motorcycle,Royal Enfield,Petrol,BS6,250.0,2,0,39.16,92.31,0
KA-19-WI-3202,2022-08-22,2022,Karnataka,Mangalore (KA-19),2W,Scooter,Ather,EV,Not Applicable,0.0,2,2,49.39,91.46,0
GJ-05-XI-3219,2021-04-05,2021,Gujarat,Surat (GJ-05),2W,Motorcycle,Bajaj,Petrol,BS6,200.0,2,3,41.43,92.86,0
TN-01-YI-3236,2020-05-18,2020,Tamil Nadu,Chennai Central (TN-01),4W,Hatchback,Tata Motors,Diesel,BS6,1000.0,5,4,26.26,91.92,0
KL-01-ZI-3253,2024-11-11,2024,Kerala,Thiruvananthapuram (KL-01),4W,SUV,MG,Diesel,BS6,800.0,7,0,24.55,90.0,0
MP-09-AJ-3270,2019-08-29,2019,Madhya Pradesh,Indore (MP-09),2W,Scooter,Yamaha,Petrol,BS4,104.7,2,5,40.43,85.11,0
KA-19-BJ-3287,2024-03-09,2024,Karnataka,Mangalore (KA-19),4W,SUV,Renault,Petrol,BS6,1498.0,7,0,25.89,89.29,0
KL-11-CJ-3304,2018-02-24,2018,Kerala,Kozhikode (KL-11),4W,SUV,Hyundai,Diesel,BS4,1000.0,7,6,24.55,90.0,0
TS-07-DJ-3321,2022-12-26,2022,Telangana,Khammam (TS-07),HCV,Truck,Ashok Leyland,Diesel,BS6,5660.0,2,2,7.14,92.86,0
TS-01-EJ-3338,2023-04-20,2023,Telangana,Karimnagar (TS-01),2W,Moped,Suzuki,EV,Not Applicable,0.0,2,1,40.8,92.8,0
UP-32-FJ-3355,2021-01-13,2021,Uttar Pradesh,Lucknow (UP-32),LCV,Light Bus,Eicher,Diesel,BS6,2956.0,12,3,35.0,90.0,0
MP-13-GJ-3372,2018-11-14,2018,Madhya Pradesh,Ujjain (MP-13),OTH,Road Roller,Mahindra,Diesel,BS4,5329.0,2,6,0.0,75.0,0
KA-19-HJ-3389,2023-09-28,2023,Karnataka,Mangalore (KA-19),2W,Motorcycle,Suzuki,EV,Not Applicable,0.0,2,1,49.39,91.46,0
UP-70-IJ-3406,2024-10-03,2024,Uttar Pradesh,Allahabad (UP-70),HCV,Bus,Ashok Leyland,Diesel,BS6,5660.0,52,0,0.0,85.71,0
UP-80-JJ-3423,2019-09-28,2019,Uttar Pradesh,Agra (UP-80),2W,Scooter,Ather,EV,Not Applicable,0.0,2,5,47.06,91.91,0
RJ-20-KJ-3440,2019-04-13,2019,Rajasthan,Kota (RJ-20),2W,Motorcycle,Hero,Petrol,BS4,350.0,2,5,48.41,92.86,0
MP-09-LJ-3457,2024-04-22,2024,Madhya Pradesh,Indore (MP-09),LCV,Pickup Van,Ashok Leyland,Diesel,BS6,2523.0,2,0,37.5,83.33,0
MH-01-MJ-3474,2023-08-21,2023,Maharashtra,Mumbai Central (MH-01),4W,MUV,Mahindra,Petrol,BS6,1462.0,5,1,28.89,91.11,0
CH-01-NJ-3491,2023-03-04,2023,Chandigarh,Chandigarh (CH-01),2W,Scooter,Ola Electric,EV,Not Applicable,0.0,2,1,40.62,90.62,0
KA-19-OJ-3508,2021-11-18,2021,Karnataka,Mangalore (KA-19),4W,Hatchback,Skoda,Petrol,BS6,1197.0,5,3,25.89,89.29,0
TN-30-PJ-3525,2022-10-24,2022,Tamil Nadu,Salem (TN-30),2W,Scooter,Ola Electric,EV,Not Applicable,0.0,2,2,44.68,95.74,0
KL-02-QJ-3542,2021-02-12,2021,Kerala,Kollam (KL-02),2W,Scooter,Ather,EV,Not Applicable,0.0,2,3,44.63,96.69,0
UP-65-RJ-3559,2018-10-29,2018,Uttar Pradesh,Varanasi (UP-65),OTH,Tractor,TAFE,Diesel,BS4,4998.0,2,6,0.0,75.0,0
MP-09-SJ-3576,2023-02-13,2023,Madhya Pradesh,Indore (MP-09),2W,Motorcycle,Honda,Petrol,BS6,110.0,2,1,40.43,85.11,0
TS-09-TJ-3593,2023-05-13,2023,Telangana,Hyderabad (TS-09),2W,Scooter,Ola Electric,EV,Not Applicable,0.0,2,1,40.8,92.8,0
TS-03-UJ-3610,2020-12-07,2020,Telangana,Warangal (TS-03),4W,SUV,Tata Motors,Petrol,BS6,800.0,5,4,25.47,92.45,0
RJ-19-VJ-3627,2021-06-14,2021,Rajasthan,Jodhpur (RJ-19),2W,Motorcycle,Royal Enfield,Petrol,BS6,250.0,2,3,48.41,92.86,0
PB-11-WJ-3644,2021-08-10,2021,Punjab,Patiala (PB-11),4W,SUV,Skoda,EV,Not Applicable,0.0,7,3,28.17,87.32,0
KL-01-XJ-3661,2024-01-09,2024,Kerala,Thiruvananthapuram (KL-01),2W,Moped,TVS,Petrol,BS6,89.2,2,0,44.63,96.69,0
KL-02-YJ-3678,2020-11-02,2020,Kerala,Kollam (KL-02),HCV,Bus,Ashok Leyland,Diesel,BS6,5660.0,32,4,0.0,84.0,0
TN-30-ZJ-3695,2024-05-14,2024,Tamil Nadu,Salem (TN-30),2W,Moped,Yamaha,EV,Not Applicable,0.0,2,0,44.68,95.74,0
TN-30-AK-3712,2021-06-26,2021,Tamil Nadu,Salem (TN-30),2W,Scooter,Bajaj,Petrol,BS6,119.8,2,3,44.68,95.74,0
MH-01-BK-3729,2024-03-12,2024,Maharashtra,Mumbai Central (MH-01),2W,Motorcycle,Ola Electric,EV,Not Applicable,0.0,2,0,50.93,95.37,0
KL-11-CK-3746,2023-06-17,2023,Kerala,Kozhikode (KL-11),2W,Motorcycle,Suzuki,Petrol,BS6,200.0,2,1,44.63,96.69,0
CH-01-DK-3763,2019-03-30,2019,Chandigarh,Chandigarh (CH-01),2W,Scooter,Honda,Petrol,BS4,150.0,2,5,40.62,90.62,0
MH-31-EK-3780,2019-09-25,2019,Maharashtra,Nagpur (MH-31),2W,Motorcycle,Hero,Petrol,BS4,125.0,2,5,50.93,95.37,0
WB-01-FK-3797,2024-10-17,2024,West Bengal,Kolkata (WB-01),2W,Moped,TVS,Petrol,BS6,94.3,2,0,39.16,92.31,0
KA-25-GK-3814,2023-09-12,2023,Karnataka,Hubli (KA-25),2W,Motorcycle,Royal Enfield,EV,Not Applicable,0.0,2,1,49.39,91.46,0
UP-80-HK-3831,2021-06-07,2021,Uttar Pradesh,Agra (UP-80),2W,Motorcycle,Royal Enfield,Petrol,BS6,105.2,2,3,47.06,91.91,0
TN-30-IK-3848,2023-02-24,2023,Tamil Nadu,Salem (TN-30),2W,Motorcycle,Royal Enfield,Petrol,BS6,150.0,2,1,44.68,95.74,0
KA-25-JK-3865,2023-04-15,2023,Karnataka,Hubli (KA-25),2W,Motorcycle,KTM,Petrol,BS6,160.0,2,1,49.39,91.46,0
WB-13-KK-3882,2019-10-01,2019,West Bengal,Howrah (WB-13),2W,Scooter,Ather,EV,Not Applicable,0.0,2,5,39.16,92.31,0
TN-58-LK-3899,2024-08-19,2024,Tamil Nadu,Madurai (TN-58),4W,SUV,MG,EV,Not Applicable,0.0,5,0,26.26,91.92,0
UP-65-MK-3916,2021-11-15,2021,Uttar Pradesh,Varanasi (UP-65),HCV,Tanker,Ashok Leyland,Diesel,BS6,6700.0,2,3,0.0,85.71,0
TS-01-NK-3933,2022-12-06,2022,Telangana,Karimnagar (TS-01),3W,E-Rickshaw,Atul Auto,EV,Not Applicable,0.0,4,2,81.25,100.0,0
MH-12-OK-3950,2023-09-14,2023,Maharashtra,Pune (MH-12),2W,Motorcycle,Suzuki,Petrol,BS6,150.0,2,1,50.93,95.37,0
WB-40-PK-3967,2024-06-06,2024,West Bengal,Durgapur (WB-40),OTH,Tractor,TAFE,Diesel,BS6,3760.0,2,0,0.0,100.0,0
KL-08-QK-3984,2024-02-14,2024,Kerala,Thrissur (KL-08),LCV,Pickup Van,Eicher,Diesel,BS6,3298.0,2,0,32.35,94.12,0
UP-80-RK-4001,2020-01-09,2020,Uttar Pradesh,Agra (UP-80),4W,SUV,Tata Motors,Diesel,BS4,1968.0,7,4,19.75,88.89,1
GJ-01-SK-4018,2023-10-09,2023,Gujarat,Ahmedabad (GJ-01),4W,Hatchback,Skoda,Diesel,BS6,1000.0,5,1,35.37,95.12,0
WB-13-TK-4035,2021-12-13,2021,West Bengal,Howrah (WB-13),2W,Scooter,Suzuki,Petrol,BS6,112.6,2,3,39.16,92.31,0
GJ-18-UK-4052,2019-05-22,2019,Gujarat,Gandhinagar (GJ-18),LCV,Light Bus,Mahindra,EV,Not Applicable,0.0,15,5,53.33,73.33,0
MH-15-VK-4069,2023-04-04,2023,Maharashtra,Nashik (MH-15),2W,Motorcycle,Yamaha,Petrol,BS6,110.0,2,1,50.93,95.37,0
TN-58-WK-4086,2023-05-08,2023,Tamil Nadu,Madurai (TN-58),2W,Motorcycle,Royal Enfield,Petrol,BS6,100.0,2,1,44.68,95.74,0
KA-19-XK-4103,2018-09-12,2018,Karnataka,Mangalore (KA-19),2W,Scooter,Ather,EV,Not Applicable,0.0,2,6,49.39,91.46,0
KA-22-YK-4120,2019-04-15,2019,Karnataka,Belgaum (KA-22),2W,Motorcycle,Bajaj,Petrol,BS4,110.0,2,5,49.39,91.46,0
PB-08-ZK-4137,2023-01-07,2023,Punjab,Jalandhar (PB-08),4W,Hatchback,Hyundai,Petrol,BS6,1462.0,5,1,28.17,87.32,0
WB-01-AL-4154,2019-11-30,2019,West Bengal,Kolkata (WB-01),2W,Motorcycle,KTM,Petrol,BS4,91.5,2,5,39.16,92.31,0
UP-32-BL-4171,2023-12-18,2023,Uttar Pradesh,Lucknow (UP-32),4W,Hatchback,Honda,Petrol,BS6,800.0,5,1,19.75,88.89,0
KA-22-CL-4188,2024-11-18,2024,Karnataka,Belgaum (KA-22),4W,MUV,Renault,Diesel,BS6,1000.0,5,0,25.89,89.29,0
DL-04-DL-4205,2023-08-30,2023,Delhi,Delhi North (DL-04),2W,Scooter,Ather,EV,Not Applicable,0.0,2,1,39.39,90.3,0
TS-07-EL-4222,2018-08-28,2018,Telangana,Khammam (TS-07),4W,MUV,Renault,Hybrid,BS4,800.0,7,6,25.47,92.45,0
WB-01-FL-4239,2022-02-26,2022,West Bengal,Kolkata (WB-01),HCV,Truck,BharatBenz,Diesel,BS6,5660.0,2,2,0.0,91.67,0
TN-37-GL-4256,2022-05-09,2022,Tamil Nadu,Coimbatore (TN-37),LCV,Light Bus,Eicher,EV,Not Applicable,0.0,12,2,40.0,92.0,0
KA-22-HL-4273,2022-10-14,2022,Karnataka,Belgaum (KA-22),2W,Scooter,Bajaj,Petrol,BS6,110.0,2,2,49.39,91.46,0
MH-12-IL-4290,2023-09-14,2023,Maharashtra,Pune (MH-12),4W,Hatchback,Renault,Diesel,BS6,800.0,5,1,28.89,91.11,0
TN-58-JL-4307,2019-04-06,2019,Tamil Nadu,Madurai (TN-58),4W,SUV,Mahindra,Hybrid,BS4,1197.0,5,5,26.26,91.92,0
UP-70-KL-4324,2023-06-30,2023,Uttar Pradesh,Allahabad (UP-70),2W,Scooter,Ola Electric,EV,Not Applicable,0.0,2,1,47.06,91.91,0
GJ-03-LL-4341,2023-02-03,2023,Gujarat,Rajkot (GJ-03),4W,Hatchback,Honda,Diesel,BS6,1968.0,5,1,35.37,95.12,0
DL-09-ML-4358,2021-03-01,2021,Delhi,Delhi South (DL-09),LCV,Pickup Van,Mahindra,Diesel,BS6,2956.0,2,3,30.77,92.31,0
TN-30-NL-4375,2020-11-28,2020,Tamil Nadu,Salem (TN-30),2W,Scooter,Hero,Petrol,BS6,102.9,2,4,44.68,95.74,0
GJ-05-OL-4392,2022-10-24,2022,Gujarat,Surat (GJ-05),2W,Motorcycle,Honda,EV,Not Applicable,0.0,2,2,41.43,92.86,0
GJ-18-PL-4409,2018-02-24,2018,Gujarat,Gandhinagar (GJ-18),LCV,Light Bus,Tata Motors,Diesel,BS4,2956.0,15,6,53.33,73.33,0
KA-01-QL-4426,2019-07-13,2019,Karnataka,Bangalore Central (KA-01),2W,Motorcycle,Hero,Petrol,BS4,350.0,2,5,49.39,91.46,0
KL-11-RL-4443,2023-04-29,2023,Kerala,Kozhikode (KL-11),4W,MUV,Kia,Diesel,BS6,1598.0,7,1,24.55,90.0,0
GJ-18-SL-4460,2023-05-22,2023,Gujarat,Gandhinagar (GJ-18),2W,Motorcycle,Yamaha,Petrol,BS6,350.0,2,1,41.43,92.86,0
UP-80-TL-4477,2023-08-07,2023,Uttar Pradesh,Agra (UP-80),4W,SUV,MG,Diesel,BS6,1000.0,5,1,19.75,88.89,0
WB-13-UL-4494,2022-08-18,2022,West Bengal,Howrah (WB-13),4W,SUV,Hyundai,Petrol,BS6,2179.0,7,2,23.66,84.95,0
KA-09-VL-4511,2022-07-05,2022,Karnataka,Mysore (KA-09),2W,Scooter,Ola Electric,EV,Not Applicable,0.0,2,2,49.39,91.46,0
TN-30-WL-4528,2023-08-25,2023,Tamil Nadu,Salem (TN-30),LCV,Light Bus,Tata Motors,EV,Not Applicable,0.0,15,1,40.0,92.0,0
KL-08-XL-4545,2023-05-24,2023,Kerala,Thrissur (KL-08),2W,Motorcycle,Royal Enfield,EV,Not Applicable,0.0,2,1,44.63,96.69,0
WB-73-YL-4562,2019-04-15,2019,West Bengal,Siliguri (WB-73),2W,Scooter,Honda,EV,Not Applicable,0.0,2,5,39.16,92.31,0
TS-01-ZL-4579,2023-11-25,2023,Telangana,Karimnagar (TS-01),2W,Motorcycle,Royal Enfield,Petrol,BS6,150.0,2,1,40.8,92.8,0
WB-01-AM-4596,2024-01-09,2024,West Bengal,Kolkata (WB-01),2W,Scooter,Yamaha,Petrol,BS6,125.0,2,0,39.16,92.31,0
WB-40-BM-4613,2023-04-03,2023,West Bengal,Durgapur (WB-40),4W,SUV,Renault,Diesel,BS6,1968.0,5,1,23.66,84.95,0
TN-45-CM-4630,2022-08-19,2022,Tamil Nadu,Trichy (TN-45),2W,Scooter,Suzuki,Petrol,BS6,125.0,2,2,44.68,95.74,0
TS-07-DM-4647,2022-01-06,2022,Telangana,Khammam (TS-07),LCV,Mini Truck,Force Motors,Diesel,BS6,2956.0,2,2,0.0,84.62,0
UP-78-EM-4664,2020-07-24,2020,Uttar Pradesh,Kanpur (UP-78),2W,Motorcycle,Bajaj,Petrol,BS6,350.0,2,4,47.06,91.91,0
UP-78-FM-4681,2022-09-01,2022,Uttar Pradesh,Kanpur (UP-78),2W,Motorcycle,Bajaj,EV,Not Applicable,0.0,2,2,47.06,91.91,0
MH-15-GM-4698,2022-07-21,2022,Maharashtra,Nashik (MH-15),LCV,Light Bus,Tata Motors,Diesel,BS6,2956.0,15,2,22.58,90.32,0
MH-31-HM-4715,2021-12-18,2021,Maharashtra,Nagpur (MH-31),4W,SUV,Kia,Petrol,BS6,1462.0,5,3,28.89,91.11,0
WB-13-IM-4732,2024-05-11,2024,West Bengal,Howrah (WB-13),4W,Hatchback,Toyota,CNG,BS6,800.0,5,0,23.66,84.95,0
DL-08-JM-4749,2022-09-13,2022,Delhi,Delhi West (DL-08),2W,Motorcycle,KTM,EV,Not Applicable,0.0,2,2,39.39,90.3,0
RJ-20-KM-4766,2024-09-26,2024,Rajasthan,Kota (RJ-20),2W,Motorcycle,Ola Electric,EV,Not Applicable,0.0,2,0,48.41,92.86,0
TN-37-LM-4783,2022-04-04,2022,Tamil Nadu,Coimbatore (TN-37),3W,E-Rickshaw,Kinetic Green,EV,Not Applicable,0.0,4,2,82.14,96.43,0
TN-37-MM-4800,2019-08-26,2019,Tamil Nadu,Coimbatore (TN-37),HCV,Bus,BharatBenz,Diesel,BS4,5660.0,45,5,0.0,90.0,0
UP-70-NM-4817,2020-05-30,2020,Uttar Pradesh,Allahabad (UP-70),2W,Scooter,Honda,Petrol,BS6,125.0,2,4,47.06,91.91,0
PB-11-OM-4834,2021-04-30,2021,Punjab,Patiala (PB-11),2W,Motorcycle,Royal Enfield,EV,Not Applicable,0.0,2,3,41.51,90.57,0
RJ-19-PM-4851,2020-04-06,2020,Rajasthan,Jodhpur (RJ-19),HCV,Tanker,Eicher,Diesel,BS6,3760.0,2,4,6.67,86.67,0
KL-08-QM-4868,2019-04-05,2019,Kerala,Thrissur (KL-08),OTH,Road Roller,Escorts,Diesel,BS4,6700.0,2,5,0.0,62.5,0
WB-01-RM-4885,2022-01-10,2022,West Bengal,Kolkata (WB-01),2W,Scooter,Hero,Petrol,BS6,104.4,2,2,39.16,92.31,0
KA-19-SM-4902,2023-05-30,2023,Karnataka,Mangalore (KA-19),HCV,Tanker,Tata Motors,Diesel,BS6,4998.0,2,1,0.0,96.15,0
DL-02-TM-4919,2024-10-22,2024,Delhi,Delhi East (DL-02),2W,Scooter,TVS,Petrol,BS6,150.0,2,0,39.39,90.3,0
KA-19-UM-4936,2024-01-03,2024,Karnataka,Mangalore (KA-19),2W,Motorcycle,KTM,EV,Not Applicable,0.0,2,0,49.39,91.46,0
DL-09-VM-4953,2019-11-12,2019,Delhi,Delhi South (DL-09),2W,Scooter,Yamaha,Petrol,BS4,160.0,2,5,39.39,90.3,0
TS-05-WM-4970,2022-08-25,2022,Telangana,Nizamabad (TS-05),2W,Scooter,Bajaj,Petrol,BS6,107.6,2,2,40.8,92.8,0
WB-13-XM-4987,2019-04-24,2019,West Bengal,Howrah (WB-13),4W,Hatchback,Tata Motors,CNG,BS4,1598.0,5,5,23.66,84.95,0
GJ-18-YM-5004,2023-07-22,2023,Gujarat,Gandhinagar (GJ-18),4W,Hatchback,Tata Motors,Diesel,BS6,1598.0,5,1,35.37,95.12,0
WB-13-ZM-5021,2022-11-16,2022,West Bengal,Howrah (WB-13),4W,SUV,Toyota,Petrol,BS6,1598.0,5,2,23.66,84.95,0
WB-01-AN-5038,2023-09-11,2023,West Bengal,Kolkata (WB-01),3W,Tempo,Mahindra,CNG,BS6,250.0,4,1,85.0,100.0,0
MH-12-BN-5055,2024-10-31,2024,Maharashtra,Pune (MH-12),2W,Motorcycle,Honda,EV,Not Applicable,0.0,2,0,50.93,95.37,0
TN-37-CN-5072,2022-05-13,2022,Tamil Nadu,Coimbatore (TN-37),4W,SUV,Kia,Petrol,BS6,1498.0,5,2,26.26,91.92,0
PB-10-DN-5089,2020-01-04,2020,Punjab,Ludhiana (PB-10),2W,Motorcycle,Yamaha,Petrol,BS4,125.0,2,4,41.51,90.57,1
DL-08-EN-5106,2023-01-31,2023,Delhi,Delhi West (DL-08),2W,Motorcycle,Yamaha,EV,Not Applicable,0.0,2,1,39.39,90.3,0
PB-10-FN-5123,2023-04-26,2023,Punjab,Ludhiana (PB-10),OTH,Tractor,John Deere,Diesel,BS6,6700.0,2,1,0.0,100.0,0
TS-07-GN-5140,2020-05-05,2020,Telangana,Khammam (TS-07),4W,SUV,Mahindra,CNG,BS6,1462.0,7,4,25.47,92.45,0
GJ-05-HN-5157,2022-01-14,2022,Gujarat,Surat (GJ-05),2W,Motorcycle,Ola Electric,EV,Not Applicable,0.0,2,2,41.43,92.86,0
PB-11-IN-5174,2023-05-19,2023,Punjab,Patiala (PB-11),OTH,Tractor,Mahindra,Diesel,BS6,3760.0,2,1,0.0,100.0,0
CH-01-JN-5191,2021-11-04,2021,Chandigarh,Chandigarh (CH-01),2W,Scooter,Ola Electric,EV,Not Applicable,0.0,2,3,40.62,90.62,0
TN-01-KN-5208,2020-08-24,2020,Tamil Nadu,Chennai Central (TN-01),2W,Motorcycle,KTM,Petrol,BS6,160.0,2,4,44.68,95.74,0
PB-02-LN-5225,2020-05-18,2020,Punjab,Amritsar (PB-02),2W,Motorcycle,Hero,Petrol,BS6,110.0,2,4,41.51,90.57,0
PB-10-MN-5242,2022-07-22,2022,Punjab,Ludhiana (PB-10),LCV,Pickup Van,Eicher,Diesel,BS6,2956.0,2,2,22.22,88.89,0
KL-07-NN-5259,2021-05-21,2021,Kerala,Kochi (KL-07),2W,Scooter,Bajaj,Petrol,BS6,104.0,2,3,44.63,96.69,0
RJ-19-ON-5276,2019-12-26,2019,Rajasthan,Jodhpur (RJ-19),4W,MUV,Kia,Diesel,BS4,800.0,7,5,26.0,89.0,0
KA-19-PN-5293,2022-12-05,2022,Karnataka,Mangalore (KA-19),4W,Sedan,Maruti Suzuki,Petrol,BS6,1462.0,5,2,25.89,89.29,0
RJ-19-QN-5310,2019-12-20,2019,Rajasthan,Jodhpur (RJ-19),2W,Motorcycle,TVS,Petrol,BS4,150.0,2,5,48.41,92.86,0
RJ-20-RN-5327,2023-02-21,2023,Rajasthan,Kota (RJ-20),2W,Motorcycle,Royal Enfield,Petrol,BS6,150.0,2,1,48.41,92.86,0
MP-04-SN-5344,2024-10-29,2024,Madhya Pradesh,Bhopal (MP-04),2W,Moped,Hero,EV,Not Applicable,0.0,2,0,40.43,85.11,0
MP-09-TN-5361,2023-03-09,2023,Madhya Pradesh,Indore (MP-09),2W,Moped,TVS,Petrol,BS6,99.7,2,1,40.43,85.11,0
KA-22-UN-5378,2024-10-29,2024,Karnataka,Belgaum (KA-22),4W,SUV,Toyota,EV,Not Applicable,0.0,5,0,25.89,89.29,0
GJ-18-VN-5395,2023-04-12,2023,Gujarat,Gandhinagar (GJ-18),3W,Auto Rickshaw,Mahindra,Diesel,BS6,225.0,4,1,89.47,100.0,0
TN-45-WN-5412,2021-01-30,2021,Tamil Nadu,Trichy (TN-45),4W,MUV,Toyota,Petrol,BS6,1197.0,7,3,26.26,91.92,0
WB-39-XN-5429,2024-11-21,2024,West Bengal,Asansol (WB-39),4W,MUV,Kia,Petrol,BS6,1462.0,7,0,23.66,84.95,0
KL-02-YN-5446,2022-03-11,2022,Kerala,Kollam (KL-02),4W,Sedan,Toyota,EV,Not Applicable,0.0,5,2,24.55,90.0,0
MH-20-ZN-5463,2022-07-05,2022,Maharashtra,Aurangabad (MH-20),2W,Scooter,TVS,EV,Not Applicable,0.0,2,2,50.93,95.37,0
DL-08-AO-5480,2020-03-30,2020,Delhi,Delhi West (DL-08),4W,Hatchback,Skoda,Diesel,BS4,1197.0,5,4,22.58,88.17,1
MH-01-BO-5497,2023-08-17,2023,Maharashtra,Mumbai Central (MH-01),4W,SUV,Honda,Petrol,BS6,1197.0,7,1,28.89,91.11,0
DL-09-CO-5514,2024-03-25,2024,Delhi,Delhi South (DL-09),4W,Sedan,Maruti Suzuki,Petrol,BS6,1462.0,5,0,22.58,88.17,0
KA-25-DO-5531,2023-12-26,2023,Karnataka,Hubli (KA-25),4W,Sedan,Skoda,Petrol,BS6,1968.0,5,1,25.89,89.29,0
TN-30-EO-5548,2021-01-27,2021,Tamil Nadu,Salem (TN-30),2W,Scooter,Suzuki,Petrol,BS6,160.0,2,3,44.68,95.74,0
RJ-27-FO-5565,2023-04-29,2023,Rajasthan,Udaipur (RJ-27),2W,Motorcycle,KTM,Petrol,BS6,150.0,2,1,48.41,92.86,0
KA-01-GO-5582,2020-04-13,2020,Karnataka,Bangalore Central (KA-01),4W,Hatchback,Skoda,Petrol,BS6,1498.0,5,4,25.89,89.29,0
TN-37-HO-5599,2024-07-15,2024,Tamil Nadu,Coimbatore (TN-37),2W,Scooter,Honda,Petrol,BS6,100.0,2,0,44.68,95.74,0
KL-01-IO-5616,2022-01-20,2022,Kerala,Thiruvananthapuram (KL-01),2W,Scooter,Ather,EV,Not Applicable,0.0,2,2,44.63,96.69,0
UP-80-JO-5633,2022-03-08,2022,Uttar Pradesh,Agra (UP-80),2W,Scooter,Suzuki,Petrol,BS6,106.3,2,2,47.06,91.91,0
GJ-05-KO-5650,2022-08-26,2022,Gujarat,Surat (GJ-05),4W,SUV,Maruti Suzuki,Petrol,BS6,1197.0,7,2,35.37,95.12,0
GJ-03-LO-5667,2023-04-12,2023,Gujarat,Rajkot (GJ-03),2W,Scooter,TVS,Petrol,BS6,250.0,2,1,41.43,92.86,0
KA-01-MO-5684,2019-06-03,2019,Karnataka,Bangalore Central (KA-01),4W,SUV,Kia,EV,Not Applicable,0.0,7,5,25.89,89.29,0
KL-01-NO-5701,2024-08-23,2024,Kerala,Thiruvananthapuram (KL-01),2W,Motorcycle,Royal Enfield,Petrol,BS6,125.0,2,0,44.63,96.69,0
WB-73-OO-5718,2022-01-17,2022,West Bengal,Siliguri (WB-73),4W,MUV,Renault,Diesel,BS6,1968.0,7,2,23.66,84.95,0
GJ-18-PO-5735,2024-08-30,2024,Gujarat,Gandhinagar (GJ-18),2W,Moped,Hero,Petrol,BS6,95.0,2,0,41.43,92.86,0
RJ-14-QO-5752,2023-11-14,2023,Rajasthan,Jaipur (RJ-14),3W,E-Rickshaw,Bajaj,EV,Not Applicable,0.0,4,1,85.19,100.0,0
GJ-05-RO-5769,2020-05-16,2020,Gujarat,Surat (GJ-05),2W,Motorcycle,Royal Enfield,EV,Not Applicable,0.0,2,4,41.43,92.86,0
KA-19-SO-5786,2023-09-14,2023,Karnataka,Mangalore (KA-19),2W,Scooter,Yamaha,Petrol,BS6,250.0,2,1,49.39,91.46,0
PB-02-TO-5803,2024-10-01,2024,Punjab,Amritsar (PB-02),2W,Motorcycle,TVS,Petrol,BS6,200.0,2,0,41.51,90.57,0
KL-07-UO-5820,2022-12-19,2022,Kerala,Kochi (KL-07),2W,Motorcycle,Suzuki,EV,Not Applicable,0.0,2,2,44.63,96.69,0
TN-37-VO-5837,2019-01-02,2019,Tamil Nadu,Coimbatore (TN-37),3W,Tempo,Kinetic Green,EV,Not Applicable,0.0,4,5,82.14,96.43,0
TS-05-WO-5854,2024-02-16,2024,Telangana,Nizamabad (TS-05),4W,SUV,MG,Hybrid,BS6,1968.0,7,0,25.47,92.45,0
DL-08-XO-5871,2023-10-02,2023,Delhi,Delhi West (DL-08),4W,Hatchback,Maruti Suzuki,CNG,BS6,1000.0,5,1,22.58,88.17,0
MP-20-YO-5888,2019-08-22,2019,Madhya Pradesh,Jabalpur (MP-20),2W,Scooter,Suzuki,Petrol,BS4,104.8,2,5,40.43,85.11,0
TS-05-ZO-5905,2023-10-05,2023,Telangana,Nizamabad (TS-05),2W,Scooter,Hero,Petrol,BS6,97.2,2,1,40.8,92.8,0
MP-07-AP-5922,2019-04-30,2019,Madhya Pradesh,Gwalior (MP-07),LCV,Pickup Van,Force Motors,Diesel,BS4,2956.0,2,5,37.5,83.33,0
KA-25-BP-5939,2023-11-08,2023,Karnataka,Hubli (KA-25),4W,Hatchback,Renault,Diesel,BS6,800.0,5,1,25.89,89.29,0
TN-30-CP-5956,2024-09-21,2024,Tamil Nadu,Salem (TN-30),3W,Tempo,Piaggio,EV,Not Applicable,0.0,4,0,82.14,96.43,0
MH-15-DP-5973,2024-07-29,2024,Maharashtra,Nashik (MH-15),4W,MUV,Maruti Suzuki,Petrol,BS6,1968.0,5,0,28.89,91.11,0
RJ-14-EP-5990,2024-09-17,2024,Rajasthan,Jaipur (RJ-14),2W,Motorcycle,KTM,Petrol,BS6,150.0,2,0,48.41,92.86,0
DL-01-FP-6007,2020-08-29,2020,Delhi,Delhi Central (DL-01),2W,Motorcycle,KTM,Petrol,BS6,110.8,2,4,39.39,90.3,0
TS-03-GP-6024,2024-10-21,2024,Telangana,Warangal (TS-03),2W,Motorcycle,Suzuki,Petrol,BS6,160.0,2,0,40.8,92.8,0
KA-22-HP-6041,2023-06-19,2023,Karnataka,Belgaum (KA-22),2W,Motorcycle,KTM,EV,Not Applicable,0.0,2,1,49.39,91.46,0
TS-05-IP-6058,2023-08-01,2023,Telangana,Nizamabad (TS-05),4W,Hatchback,Honda,Diesel,BS6,1462.0,5,1,25.47,92.45,0
MP-09-JP-6075,2023-11-23,2023,Madhya Pradesh,Indore (MP-09),4W,MUV,Honda,Petrol,BS6,1598.0,5,1,28.28,85.86,0
MP-07-KP-6092,2022-11-28,2022,Madhya Pradesh,Gwalior (MP-07),4W,Sedan,Hyundai,EV,Not Applicable,0.0,5,2,28.28,85.86,0
KL-01-LP-6109,2021-04-06,2021,Kerala,Thiruvananthapuram (KL-01),4W,MUV,MG,Petrol,BS6,800.0,5,3,24.55,90.0,0
UP-78-MP-6126,2024-10-24,2024,Uttar Pradesh,Kanpur (UP-78),4W,SUV,MG,Petrol,BS6,1197.0,5,0,19.75,88.89,0
MP-13-NP-6143,2022-12-26,2022,Madhya Pradesh,Ujjain (MP-13),4W,SUV,MG,Petrol,BS6,1598.0,5,2,28.28,85.86,0
DL-04-OP-6160,2022-11-09,2022,Delhi,Delhi North (DL-04),2W,Moped,Hero,EV,Not Applicable,0.0,2,2,39.39,90.3,0
TN-30-PP-6177,2023-10-02,2023,Tamil Nadu,Salem (TN-30),4W,Sedan,Maruti Suzuki,Petrol,BS6,1462.0,5,1,26.26,91.92,0
MP-09-QP-6194,2022-02-28,2022,Madhya Pradesh,Indore (MP-09),HCV,Trailer,MAN,Diesel,BS6,5660.0,2,2,4.76,85.71,0
PB-11-RP-6211,2022-11-12,2022,Punjab,Patiala (PB-11),OTH,Crane,Mahindra,Diesel,BS6,5660.0,2,2,0.0,100.0,0
WB-13-SP-6228,2022-04-28,2022,West Bengal,Howrah (WB-13),2W,Scooter,Ola Electric,EV,Not Applicable,0.0,2,2,39.16,92.31,0
TS-05-TP-6245,2020-12-14,2020,Telangana,Nizamabad (TS-05),4W,Sedan,Maruti Suzuki,Petrol,BS6,1495.4,5,4,25.47,92.45,0
KL-02-UP-6262,2021-11-25,2021,Kerala,Kollam (KL-02),2W,Scooter,Ather,EV,Not Applicable,0.0,2,3,44.63,96.69,0
MP-09-VP-6279,2024-01-27,2024,Madhya Pradesh,Indore (MP-09),4W,SUV,Renault,CNG,BS6,1000.0,7,0,28.28,85.86,0
MP-07-WP-6296,2022-01-01,2022,Madhya Pradesh,Gwalior (MP-07),LCV,Light Bus,Mahindra,CNG,BS6,2956.0,12,2,37.5,83.33,0
MH-01-XP-6313,2023-08-17,2023,Maharashtra,Mumbai Central (MH-01),3W,Tempo,Piaggio,Diesel,BS6,200.0,4,1,87.5,87.5,0
MH-20-YP-6330,2024-08-20,2024,Maharashtra,Aurangabad (MH-20),4W,Hatchback,Renault,EV,Not Applicable,0.0,5,0,28.89,91.11,0
TN-45-ZP-6347,2023-06-01,2023,Tamil Nadu,Trichy (TN-45),2W,Scooter,Ather,EV,Not Applicable,0.0,2,1,44.68,95.74,0
TS-05-AQ-6364,2020-12-03,2020,Telangana,Nizamabad (TS-05),4W,Hatchback,Maruti Suzuki,Diesel,BS6,1598.0,5,4,25.47,92.45,0
MP-20-BQ-6381,2022-10-31,2022,Madhya Pradesh,Jabalpur (MP-20),4W,Hatchback,Hyundai,Diesel,BS6,1000.0,5,2,28.28,85.86,0
KA-09-CQ-6398,2018-09-29,2018,Karnataka,Mysore (KA-09),4W,MUV,Honda,Petrol,BS4,1197.0,5,6,25.89,89.29,0
DL-09-DQ-6415,2020-05-23,2020,Delhi,Delhi South (DL-09),2W,Motorcycle,TVS,Petrol,BS6,160.0,2,4,39.39,90.3,0
DL-08-EQ-6432,2020-12-14,2020,Delhi,Delhi West (DL-08),4W,MUV,Tata Motors,EV,Not Applicable,0.0,5,4,22.58,88.17,0
KA-09-FQ-6449,2024-06-01,2024,Karnataka,Mysore (KA-09),2W,Motorcycle,Royal Enfield,EV,Not Applicable,0.0,2,0,49.39,91.46,0
MP-07-GQ-6466,2019-04-25,2019,Madhya Pradesh,Gwalior (MP-07),2W,Moped,Hero,EV,Not Applicable,0.0,2,5,40.43,85.11,0
RJ-19-HQ-6483,2022-01-31,2022,Rajasthan,Jodhpur (RJ-19),2W,Motorcycle,Royal Enfield,EV,Not Applicable,0.0,2,2,48.41,92.86,0
PB-08-IQ-6500,2024-05-04,2024,Punjab,Jalandhar (PB-08),4W,MUV,Maruti Suzuki,Petrol,BS6,1968.0,7,0,28.17,87.32,0
TN-58-JQ-6517,2023-09-14,2023,Tamil Nadu,Madurai (TN-58),2W,Scooter,Bajaj,Petrol,BS6,110.0,2,1,44.68,95.74,0
KL-02-KQ-6534,2020-07-24,2020,Kerala,Kollam (KL-02),4W,SUV,Kia,EV,Not Applicable,0.0,7,4,24.55,90.0,0
KA-25-LQ-6551,2020-05-21,2020,Karnataka,Hubli (KA-25),LCV,Light Bus,Force Motors,Diesel,BS6,2956.0,12,4,26.92,88.46,0
TN-37-MQ-6568,2021-11-06,2021,Tamil Nadu,Coimbatore (TN-37),HCV,Bus,BharatBenz,Diesel,BS6,5660.0,52,3,0.0,90.0,0
UP-80-NQ-6585,2021-12-08,2021,Uttar Pradesh,Agra (UP-80),4W,Sedan,Toyota,CNG,BS6,1197.0,5,3,19.75,88.89,0
KL-01-OQ-6602,2021-07-30,2021,Kerala,Thiruvananthapuram (KL-01),HCV,Bus,Eicher,Diesel,BS6,5660.0,52,3,0.0,84.0,0
TN-01-PQ-6619,2024-10-25,2024,Tamil Nadu,Chennai Central (TN-01),2W,Scooter,Honda,EV,Not Applicable,0.0,2,0,44.68,95.74,0
TN-37-QQ-6636,2024-12-02,2024,Tamil Nadu,Coimbatore (TN-37),LCV,Pickup Van,Eicher,CNG,BS6,2956.0,2,0,40.0,92.0,0
KL-02-RQ-6653,2023-09-02,2023,Kerala,Kollam (KL-02),4W,SUV,Mahindra,Diesel,BS6,1968.0,5,1,24.55,90.0,0
KL-08-SQ-6670,2022-03-04,2022,Kerala,Thrissur (KL-08),3W,Auto Rickshaw,TVS,Petrol,BS6,225.0,4,2,84.38,93.75,0
TS-03-TQ-6687,2022-11-05,2022,Telangana,Warangal (TS-03),2W,Scooter,Ola Electric,EV,Not Applicable,0.0,2,2,40.8,92.8,0
KL-07-UQ-6704,2024-01-06,2024,Kerala,Kochi (KL-07),OTH,Road Roller,Mahindra,Diesel,BS6,3760.0,2,0,0.0,62.5,0
KA-25-VQ-6721,2020-02-04,2020,Karnataka,Hubli (KA-25),2W,Motorcycle,KTM,Petrol,BS4,99.0,2,4,49.39,91.46,1
KL-07-WQ-6738,2020-01-09,2020,Kerala,Kochi (KL-07),LCV,Pickup Van,Eicher,Diesel,BS4,2956.0,2,4,32.35,94.12,1
PB-08-XQ-6755,2019-11-11,2019,Punjab,Jalandhar (PB-08),2W,Scooter,Ather,EV,Not Applicable,0.0,2,5,41.51,90.57,0
UP-80-YQ-6772,2023-12-25,2023,Uttar Pradesh,Agra (UP-80),LCV,Pickup Van,Ashok Leyland,Diesel,BS6,2956.0,2,1,35.0,90.0,0
MH-31-ZQ-6789,2020-04-28,2020,Maharashtra,Nagpur (MH-31),4W,Sedan,Maruti Suzuki,Diesel,BS6,800.0,5,4,28.89,91.11,0
UP-65-AR-6806,2022-07-25,2022,Uttar Pradesh,Varanasi (UP-65),4W,Hatchback,Skoda,Petrol,BS6,1197.0,5,2,19.75,88.89,0
MP-07-BR-6823,2022-05-06,2022,Madhya Pradesh,Gwalior (MP-07),2W,Motorcycle,Hero,Petrol,BS6,100.0,2,2,40.43,85.11,0
WB-39-CR-6840,2022-03-21,2022,West Bengal,Asansol (WB-39),2W,Scooter,Ather,EV,Not Applicable,0.0,2,2,39.16,92.31,0
MH-31-DR-6857,2019-06-12,2019,Maharashtra,Nagpur (MH-31),2W,Motorcycle,KTM,Petrol,BS4,150.0,2,5,50.93,95.37,0
KA-09-ER-6874,2019-09-12,2019,Karnataka,Mysore (KA-09),3W,Tempo,TVS,Diesel,BS4,225.0,4,5,68.42,94.74,0
DL-02-FR-6891,2021-10-22,2021,Delhi,Delhi East (DL-02),2W,Scooter,Hero,Petrol,BS6,125.0,2,3,39.39,90.3,0
MH-12-GR-6908,2022-04-18,2022,Maharashtra,Pune (MH-12),4W,Hatchback,Skoda,Petrol,BS6,2179.0,5,2,28.89,91.11,0
DL-08-HR-6925,2024-10-08,2024,Delhi,Delhi West (DL-08),4W,SUV,Kia,Petrol,BS6,800.0,7,0,22.58,88.17,0
WB-73-IR-6942,2024-04-25,2024,West Bengal,Siliguri (WB-73),2W,Scooter,Ather,EV,Not Applicable,0.0,2,0,39.16,92.31,0
KA-01-JR-6959,2019-11-08,2019,Karnataka,Bangalore Central (KA-01),4W,MUV,Honda,Diesel,BS4,1000.0,7,5,25.89,89.29,0
MP-04-KR-6976,2024-09-04,2024,Madhya Pradesh,Bhopal (MP-04),OTH,Road Roller,Escorts,Diesel,BS6,4998.0,2,0,0.0,75.0,0
TS-07-LR-6993,2020-01-20,2020,Telangana,Khammam (TS-07),2W,Scooter,Yamaha,Petrol,BS4,160.0,2,4,40.8,92.8,1
KA-22-MR-7010,2022-02-18,2022,Karnataka,Belgaum (KA-22),4W,Hatchback,Toyota,Diesel,BS6,1598.0,5,2,25.89,89.29,0
GJ-06-NR-7027,2022-07-23,2022,Gujarat,Vadodara (GJ-06),4W,MUV,Toyota,Petrol,BS6,800.0,7,2,35.37,95.12,0
WB-01-OR-7044,2024-06-08,2024,West Bengal,Kolkata (WB-01),2W,Motorcycle,Ola Electric,EV,Not Applicable,0.0,2,0,39.16,92.31,0
GJ-01-PR-7061,2024-10-07,2024,Gujarat,Ahmedabad (GJ-01),4W,SUV,Mahindra,CNG,BS6,1197.0,5,0,35.37,95.12,0
KA-22-QR-7078,2021-01-21,2021,Karnataka,Belgaum (KA-22),2W,Motorcycle,Ola Electric,EV,Not Applicable,0.0,2,3,49.39,91.46,0
TS-05-RR-7095,2023-01-11,2023,Telangana,Nizamabad (TS-05),HCV,Tanker,MAN,Diesel,BS6,6700.0,2,1,7.14,92.86,0
TS-09-SR-7112,2023-07-15,2023,Telangana,Hyderabad (TS-09),2W,Scooter,TVS,EV,Not Applicable,0.0,2,1,40.8,92.8,0
KL-08-TR-7129,2020-08-01,2020,Kerala,Thrissur (KL-08),4W,SUV,Mahindra,Hybrid,BS6,1197.0,5,4,24.55,90.0,0
MH-12-UR-7146,2024-09-16,2024,Maharashtra,Pune (MH-12),4W,MUV,Kia,Petrol,BS6,800.0,7,0,28.89,91.11,0
WB-01-VR-7163,2024-11-01,2024,West Bengal,Kolkata (WB-01),3W,Tempo,Atul Auto,Diesel,BS6,225.0,4,0,85.0,100.0,0
MP-04-WR-7180,2023-05-25,2023,Madhya Pradesh,Bhopal (MP-04),4W,Hatchback,Renault,Hybrid,BS6,1462.0,5,1,28.28,85.86,0
KA-09-XR-7197,2019-10-03,2019,Karnataka,Mysore (KA-09),4W,Sedan,Honda,Diesel,BS4,1498.0,5,5,25.89,89.29,0
TS-09-YR-7214,2023-11-01,2023,Telangana,Hyderabad (TS-09),2W,Scooter,Bajaj,Petrol,BS6,250.0,2,1,40.8,92.8,0
MH-31-ZR-7231,2018-11-05,2018,Maharashtra,Nagpur (MH-31),OTH,Tractor,TAFE,Diesel,BS4,6700.0,2,6,0.0,71.43,0
WB-73-AS-7248,2021-12-24,2021,West Bengal,Siliguri (WB-73),HCV,Trailer,MAN,Diesel,BS6,3760.0,2,3,0.0,91.67,0
MP-09-BS-7265,2023-07-19,2023,Madhya Pradesh,Indore (MP-09),HCV,Bus,Tata Motors,Diesel,BS6,3760.0,52,1,4.76,85.71,0
PB-02-CS-7282,2023-03-09,2023,Punjab,Amritsar (PB-02),4W,SUV,Honda,Diesel,BS6,1968.0,7,1,28.17,87.32,0
DL-08-DS-7299,2020-03-11,2020,Delhi,Delhi West (DL-08),4W,MUV,Maruti Suzuki,Diesel,BS4,1968.0,5,4,22.58,88.17,1
KL-02-ES-7316,2023-01-04,2023,Kerala,Kollam (KL-02),2W,Motorcycle,Yamaha,EV,Not Applicable,0.0,2,1,44.63,96.69,0
UP-70-FS-7333,2020-07-21,2020,Uttar Pradesh,Allahabad (UP-70),2W,Scooter,Hero,Petrol,BS6,150.0,2,4,47.06,91.91,0
UP-32-GS-7350,2019-08-08,2019,Uttar Pradesh,Lucknow (UP-32),2W,Scooter,Ather,EV,Not Applicable,0.0,2,5,47.06,91.91,0
MH-20-HS-7367,2022-03-02,2022,Maharashtra,Aurangabad (MH-20),4W,Hatchback,Maruti Suzuki,Petrol,BS6,1197.0,5,2,28.89,91.11,0
KL-07-IS-7384,2018-06-23,2018,Kerala,Kochi (KL-07),4W,Sedan,Toyota,Petrol,BS4,1197.0,5,6,24.55,90.0,0
WB-40-JS-7401,2022-07-20,2022,West Bengal,Durgapur (WB-40),4W,SUV,Mahindra,Petrol,BS6,800.0,5,2,23.66,84.95,0
PB-11-KS-7418,2024-05-31,2024,Punjab,Patiala (PB-11),2W,Motorcycle,KTM,Petrol,BS6,200.0,2,0,41.51,90.57,0
GJ-06-LS-7435,2021-10-13,2021,Gujarat,Vadodara (GJ-06),OTH,Tractor,TAFE,Diesel,BS6,5329.0,2,3,0.0,100.0,0
KL-11-MS-7452,2019-11-19,2019,Kerala,Kozhikode (KL-11),HCV,Bus,Eicher,Diesel,BS4,5660.0,32,5,0.0,84.0,0
KL-02-NS-7469,2020-06-18,2020,Kerala,Kollam (KL-02),4W,SUV,Toyota,Diesel,BS6,1968.0,7,4,24.55,90.0,0
TN-37-OS-7486,2022-01-27,2022,Tamil Nadu,Coimbatore (TN-37),4W,SUV,Tata Motors,Petrol,BS6,1598.0,7,2,26.26,91.92,0
UP-32-PS-7503,2024-10-04,2024,Uttar Pradesh,Lucknow (UP-32),2W,Scooter,Honda,Petrol,BS6,250.0,2,0,47.06,91.91,0
MH-15-QS-7520,2022-01-10,2022,Maharashtra,Nashik (MH-15),2W,Scooter,TVS,Petrol,BS6,125.0,2,2,50.93,95.37,0
DL-08-RS-7537,2021-07-12,2021,Delhi,Delhi West (DL-08),4W,Hatchback,Toyota,Diesel,BS6,1462.0,5,3,22.58,88.17,0
KA-19-SS-7554,2022-06-11,2022,Karnataka,Mangalore (KA-19),2W,Scooter,Honda,Petrol,BS6,87.0,2,2,49.39,91.46,0
MH-31-TS-7571,2019-06-04,2019,Maharashtra,Nagpur (MH-31),3W,Tempo,Bajaj,Diesel,BS4,200.0,4,5,87.5,87.5,0
DL-09-US-7588,2022-05-16,2022,Delhi,Delhi South (DL-09),2W,Scooter,Ola Electric,EV,Not Applicable,0.0,2,2,39.39,90.3,0
DL-01-VS-7605,2020-08-24,2020,Delhi,Delhi Central (DL-01),4W,SUV,MG,CNG,BS6,1000.0,5,4,22.58,88.17,0
MP-13-WS-7622,2024-07-26,2024,Madhya Pradesh,Ujjain (MP-13),4W,MUV,Honda,Hybrid,BS6,1462.0,7,0,28.28,85.86,0
RJ-27-XS-7639,2024-11-06,2024,Rajasthan,Udaipur (RJ-27),LCV,Light Bus,Mahindra,Diesel,BS6,2956.0,12,0,40.91,72.73,0
MP-13-YS-7656,2023-04-06,2023,Madhya Pradesh,Ujjain (MP-13),3W,Tempo,Bajaj,Diesel,BS6,225.0,4,1,79.31,89.66,0
KL-08-ZS-7673,2021-11-25,2021,Kerala,Thrissur (KL-08),LCV,Light Bus,Tata Motors,Diesel,BS6,2523.0,15,3,32.35,94.12,0
TN-37-AT-7690,2020-03-14,2020,Tamil Nadu,Coimbatore (TN-37),2W,Scooter,Suzuki,EV,Not Applicable,0.0,2,4,44.68,95.74,0
KL-08-BT-7707,2022-05-30,2022,Kerala,Thrissur (KL-08),2W,Scooter,TVS,Petrol,BS6,110.8,2,2,44.63,96.69,0
MH-12-CT-7724,2023-08-24,2023,Maharashtra,Pune (MH-12),LCV,Mini Truck,Ashok Leyland,Diesel,BS6,2956.0,2,1,22.58,90.32,0
PB-10-DT-7741,2023-03-23,2023,Punjab,Ludhiana (PB-10),2W,Motorcycle,KTM,Petrol,BS6,150.0,2,1,41.51,90.57,0
KL-02-ET-7758,2019-04-04,2019,Kerala,Kollam (KL-02),LCV,Light Bus,Mahindra,Diesel,BS4,2523.0,15,5,32.35,94.12,0
KA-25-FT-7775,2022-03-31,2022,Karnataka,Hubli (KA-25),4W,Hatchback,Hyundai,Diesel,BS6,1498.0,5,2,25.89,89.29,0
GJ-05-GT-7792,2019-09-26,2019,Gujarat,Surat (GJ-05),2W,Motorcycle,KTM,EV,Not Applicable,0.0,2,5,41.43,92.86,0
CH-01-HT-7809,2024-05-17,2024,Chandigarh,Chandigarh (CH-01),4W,MUV,Toyota,Diesel,BS6,1598.0,7,0,12.5,83.33,0
UP-32-IT-7826,2022-11-15,2022,Uttar Pradesh,Lucknow (UP-32),HCV,Tanker,Volvo,Diesel,BS6,3760.0,2,2,0.0,85.71,0
TS-03-JT-7843,2024-12-10,2024,Telangana,Warangal (TS-03),2W,Motorcycle,Suzuki,Petrol,BS6,125.0,2,0,40.8,92.8,0
TN-30-KT-7860,2022-08-29,2022,Tamil Nadu,Salem (TN-30),OTH,Tractor,TAFE,Diesel,BS6,4998.0,2,2,0.0,83.33,0
KA-19-LT-7877,2021-09-02,2021,Karnataka,Mangalore (KA-19),LCV,Light Bus,Tata Motors,Diesel,BS6,2523.0,12,3,26.92,88.46,0
MH-12-MT-7894,2023-11-11,2023,Maharashtra,Pune (MH-12),4W,SUV,Mahindra,Diesel,BS6,1598.0,5,1,28.89,91.11,0
PB-11-NT-7911,2023-11-24,2023,Punjab,Patiala (PB-11),4W,SUV,Kia,Petrol,BS6,2179.0,5,1,28.17,87.32,0
KL-01-OT-7928,2023-08-31,2023,Kerala,Thiruvananthapuram (KL-01),2W,Motorcycle,Royal Enfield,Petrol,BS6,200.0,2,1,44.63,96.69,0
TS-03-PT-7945,2022-08-09,2022,Telangana,Warangal (TS-03),2W,Scooter,TVS,Petrol,BS6,125.0,2,2,40.8,92.8,0
MH-01-QT-7962,2023-11-21,2023,Maharashtra,Mumbai Central (MH-01),2W,Scooter,Bajaj,EV,Not Applicable,0.0,2,1,50.93,95.37,0
GJ-03-RT-7979,2021-09-06,2021,Gujarat,Rajkot (GJ-03),4W,SUV,Skoda,Diesel,BS6,1462.0,5,3,35.37,95.12,0
TS-03-ST-7996,2022-10-05,2022,Telangana,Warangal (TS-03),OTH,Road Roller,Escorts,Diesel,BS6,5660.0,2,2,0.0,75.0,0
KA-25-TT-8013,2023-06-10,2023,Karnataka,Hubli (KA-25),4W,MUV,Maruti Suzuki,CNG,BS6,800.0,7,1,25.89,89.29,0
PB-10-UT-8030,2020-04-23,2020,Punjab,Ludhiana (PB-10),2W,Scooter,Suzuki,Petrol,BS6,160.0,2,4,41.51,90.57,0
GJ-03-VT-8047,2022-10-01,2022,Gujarat,Rajkot (GJ-03),2W,Motorcycle,TVS,Petrol,BS6,110.0,2,2,41.43,92.86,0
MP-04-WT-8064,2020-01-03,2020,Madhya Pradesh,Bhopal (MP-04),2W,Scooter,Ather,EV,Not Applicable,0.0,2,4,40.43,85.11,0
TN-30-XT-8081,2024-09-28,2024,Tamil Nadu,Salem (TN-30),2W,Moped,TVS,Petrol,BS6,95.6,2,0,44.68,95.74,0
WB-40-YT-8098,2021-09-16,2021,West Bengal,Durgapur (WB-40),2W,Moped,TVS,Petrol,BS6,85.0,2,3,39.16,92.31,0
KA-22-ZT-8115,2022-10-07,2022,Karnataka,Belgaum (KA-22),4W,Sedan,Tata Motors,Petrol,BS6,2179.0,5,2,25.89,89.29,0
RJ-01-AU-8132,2022-12-24,2022,Rajasthan,Ajmer (RJ-01),OTH,Crane,Mahindra,Diesel,BS6,3760.0,2,2,0.0,100.0,0
KL-11-BU-8149,2022-11-03,2022,Kerala,Kozhikode (KL-11),4W,SUV,Honda,Petrol,BS6,1498.0,7,2,24.55,90.0,0
UP-32-CU-8166,2023-05-18,2023,Uttar Pradesh,Lucknow (UP-32),4W,SUV,Renault,Diesel,BS6,1968.0,7,1,19.75,88.89,0
MP-13-DU-8183,2022-03-02,2022,Madhya Pradesh,Ujjain (MP-13),2W,Motorcycle,Ola Electric,EV,Not Applicable,0.0,2,2,40.43,85.11,0
TS-09-EU-8200,2021-01-04,2021,Telangana,Hyderabad (TS-09),4W,Sedan,Honda,Petrol,BS6,1000.0,5,3,25.47,92.45,0
RJ-20-FU-8217,2022-06-20,2022,Rajasthan,Kota (RJ-20),LCV,Light Bus,Force Motors,CNG,BS6,2956.0,15,2,40.91,72.73,0
TS-01-GU-8234,2019-05-11,2019,Telangana,Karimnagar (TS-01),2W,Motorcycle,KTM,Petrol,BS4,117.2,2,5,40.8,92.8,0
UP-80-HU-8251,2022-08-01,2022,Uttar Pradesh,Agra (UP-80),2W,Motorcycle,Suzuki,EV,Not Applicable,0.0,2,2,47.06,91.91,0
TN-58-IU-8268,2021-06-16,2021,Tamil Nadu,Madurai (TN-58),4W,SUV,Hyundai,Diesel,BS6,1000.0,7,3,26.26,91.92,0
TN-58-JU-8285,2022-08-30,2022,Tamil Nadu,Madurai (TN-58),LCV,Pickup Van,Tata Motors,EV,Not Applicable,0.0,2,2,40.0,92.0,0
TN-37-KU-8302,2018-04-30,2018,Tamil Nadu,Coimbatore (TN-37),2W,Scooter,Ather,EV,Not Applicable,0.0,2,6,44.68,95.74,0
WB-01-LU-8319,2021-11-15,2021,West Bengal,Kolkata (WB-01),4W,MUV,Maruti Suzuki,Petrol,BS6,1498.0,7,3,23.66,84.95,0
TN-37-MU-8336,2018-06-20,2018,Tamil Nadu,Coimbatore (TN-37),3W,E-Rickshaw,Bajaj,EV,Not Applicable,0.0,4,6,82.14,96.43,0
PB-11-NU-8353,2019-12-09,2019,Punjab,Patiala (PB-11),2W,Motorcycle,Royal Enfield,Petrol,BS4,103.2,2,5,41.51,90.57,0
MH-20-OU-8370,2022-09-07,2022,Maharashtra,Aurangabad (MH-20),4W,Hatchback,Skoda,Diesel,BS6,1197.0,5,2,28.89,91.11,0
RJ-19-PU-8387,2021-09-27,2021,Rajasthan,Jodhpur (RJ-19),4W,SUV,Mahindra,Diesel,BS6,800.0,5,3,26.0,89.0,0
RJ-14-QU-8404,2023-09-18,2023,Rajasthan,Jaipur (RJ-14),3W,E-Rickshaw,Mahindra,EV,Not Applicable,0.0,4,1,85.19,100.0,0
RJ-27-RU-8421,2023-10-27,2023,Rajasthan,Udaipur (RJ-27),4W,Sedan,Skoda,Petrol,BS6,1462.0,5,1,26.0,89.0,0
TN-30-SU-8438,2021-01-23,2021,Tamil Nadu,Salem (TN-30),2W,Scooter,Ola Electric,EV,Not Applicable,0.0,2,3,44.68,95.74,0
KA-25-TU-8455,2021-08-28,2021,Karnataka,Hubli (KA-25),HCV,Bus,Volvo,Diesel,BS6,4998.0,32,3,0.0,96.15,0
TN-01-UU-8472,2022-09-30,2022,Tamil Nadu,Chennai Central (TN-01),2W,Motorcycle,KTM,Petrol,BS6,113.8,2,2,44.68,95.74,0
WB-40-VU-8489,2022-05-17,2022,West Bengal,Durgapur (WB-40),4W,SUV,Kia,Petrol,BS6,1498.0,5,2,23.66,84.95,0
DL-01-WU-8506,2021-09-24,2021,Delhi,Delhi Central (DL-01),3W,Tempo,Piaggio,EV,Not Applicable,0.0,4,3,89.47,94.74,0
TS-05-XU-8523,2023-03-28,2023,Telangana,Nizamabad (TS-05),2W,Scooter,TVS,Petrol,BS6,250.0,2,1,40.8,92.8,0
MH-31-YU-8540,2021-08-04,2021,Maharashtra,Nagpur (MH-31),4W,SUV,Skoda,Hybrid,BS6,2179.0,7,3,28.89,91.11,0
TS-03-ZU-8557,2018-04-04,2018,Telangana,Warangal (TS-03),2W,Scooter,Bajaj,Petrol,BS4,160.0,2,6,40.8,92.8,0
DL-01-AV-8574,2022-05-31,2022,Delhi,Delhi Central (DL-01),2W,Scooter,Honda,EV,Not Applicable,0.0,2,2,39.39,90.3,0
UP-80-BV-8591,2022-08-04,2022,Uttar Pradesh,Agra (UP-80),4W,SUV,Honda,CNG,BS6,1197.0,7,2,19.75,88.89,0
TN-30-CV-8608,2022-10-24,2022,Tamil Nadu,Salem (TN-30),4W,SUV,MG,Petrol,BS6,800.0,5,2,26.26,91.92,0
TN-37-DV-8625,2023-08-08,2023,Tamil Nadu,Coimbatore (TN-37),3W,Tempo,Bajaj,CNG,BS6,250.0,4,1,82.14,96.43,0
KL-02-EV-8642,2024-08-26,2024,Kerala,Kollam (KL-02),4W,MUV,Maruti Suzuki,Petrol,BS6,1487.4,7,0,24.55,90.0,0
KL-11-FV-8659,2021-11-01,2021,Kerala,Kozhikode (KL-11),2W,Scooter,Suzuki,EV,Not Applicable,0.0,2,3,44.63,96.69,0
KA-22-GV-8676,2020-02-03,2020,Karnataka,Belgaum (KA-22),4W,SUV,MG,Hybrid,BS4,1598.0,5,4,25.89,89.29,1
RJ-27-HV-8693,2024-12-30,2024,Rajasthan,Udaipur (RJ-27),4W,SUV,Toyota,Diesel,BS6,1968.0,7,0,26.0,89.0,0
UP-70-IV-8710,2022-09-26,2022,Uttar Pradesh,Allahabad (UP-70),2W,Scooter,Ather,EV,Not Applicable,0.0,2,2,47.06,91.91,0
TN-01-JV-8727,2020-12-14,2020,Tamil Nadu,Chennai Central (TN-01),4W,SUV,Hyundai,Petrol,BS6,1000.0,7,4,26.26,91.92,0
KA-22-KV-8744,2024-02-21,2024,Karnataka,Belgaum (KA-22),2W,Scooter,Honda,EV,Not Applicable,0.0,2,0,49.39,91.46,0
PB-11-LV-8761,2019-03-11,2019,Punjab,Patiala (PB-11),3W,E-Rickshaw,Kinetic Green,EV,Not Applicable,0.0,4,5,76.0,92.0,0
WB-01-MV-8778,2024-01-19,2024,West Bengal,Kolkata (WB-01),HCV,Tanker,MAN,Diesel,BS6,5654.1,2,0,0.0,91.67,0
WB-39-NV-8795,2022-10-11,2022,West Bengal,Asansol (WB-39),2W,Scooter,TVS,EV,Not Applicable,0.0,2,2,39.16,92.31,0
DL-02-OV-8812,2024-12-04,2024,Delhi,Delhi East (DL-02),2W,Scooter,Ather,EV,Not Applicable,0.0,2,0,39.39,90.3,0
PB-08-PV-8829,2018-06-18,2018,Punjab,Jalandhar (PB-08),HCV,Bus,MAN,Diesel,BS4,6700.0,52,6,0.0,68.0,0
PB-08-QV-8846,2021-08-17,2021,Punjab,Jalandhar (PB-08),LCV,Light Bus,Mahindra,Diesel,BS6,2523.0,12,3,22.22,88.89,0
WB-13-RV-8863,2021-11-20,2021,West Bengal,Howrah (WB-13),4W,SUV,Mahindra,Petrol,BS6,800.0,5,3,23.66,84.95,0
WB-01-SV-8880,2022-12-12,2022,West Bengal,Kolkata (WB-01),2W,Scooter,Honda,EV,Not Applicable,0.0,2,2,39.16,92.31,0
TS-05-TV-8897,2021-10-04,2021,Telangana,Nizamabad (TS-05),4W,SUV,Kia,Petrol,BS6,1462.0,5,3,25.47,92.45,0
KA-25-UV-8914,2024-03-19,2024,Karnataka,Hubli (KA-25),2W,Scooter,Hero,EV,Not Applicable,0.0,2,0,49.39,91.46,0
MP-07-VV-8931,2024-06-15,2024,Madhya Pradesh,Gwalior (MP-07),LCV,Mini Truck,Force Motors,Diesel,BS6,2956.0,2,0,37.5,83.33,0
CH-01-WV-8948,2022-03-14,2022,Chandigarh,Chandigarh (CH-01),4W,MUV,MG,CNG,BS6,1462.0,7,2,12.5,83.33,0
MP-07-XV-8965,2021-10-22,2021,Madhya Pradesh,Gwalior (MP-07),2W,Motorcycle,Royal Enfield,Petrol,BS6,110.6,2,3,40.43,85.11,0
MH-12-YV-8982,2023-08-10,2023,Maharashtra,Pune (MH-12),4W,MUV,Honda,Petrol,BS6,1462.0,7,1,28.89,91.11,0
PB-02-ZV-8999,2020-06-30,2020,Punjab,Amritsar (PB-02),3W,E-Rickshaw,Atul Auto,EV,Not Applicable,0.0,4,4,76.0,92.0,0
WB-13-AW-9016,2019-10-14,2019,West Bengal,Howrah (WB-13),4W,SUV,MG,Petrol,BS4,1462.0,5,5,23.66,84.95,0
TN-45-BW-9033,2024-06-04,2024,Tamil Nadu,Trichy (TN-45),4W,SUV,Renault,Diesel,BS6,1197.0,7,0,26.26,91.92,0
DL-02-CW-9050,2022-05-11,2022,Delhi,Delhi East (DL-02),2W,Scooter,Yamaha,Petrol,BS6,96.7,2,2,39.39,90.3,0
DL-09-DW-9067,2024-05-29,2024,Delhi,Delhi South (DL-09),2W,Scooter,Hero,EV,Not Applicable,0.0,2,0,39.39,90.3,0
WB-40-EW-9084,2023-07-03,2023,West Bengal,Durgapur (WB-40),2W,Scooter,Honda,Petrol,BS6,112.6,2,1,39.16,92.31,0
GJ-01-FW-9101,2024-02-28,2024,Gujarat,Ahmedabad (GJ-01),HCV,Tanker,Volvo,Diesel,BS6,6700.0,2,0,0.0,100.0,0
WB-01-GW-9118,2022-07-27,2022,West Bengal,Kolkata (WB-01),2W,Motorcycle,TVS,Petrol,BS6,150.0,2,2,39.16,92.31,0
TS-09-HW-9135,2023-05-22,2023,Telangana,Hyderabad (TS-09),4W,SUV,Hyundai,Petrol,BS6,2179.0,7,1,25.47,92.45,0
KL-01-IW-9152,2023-05-29,2023,Kerala,Thiruvananthapuram (KL-01),4W,SUV,Renault,Petrol,BS6,800.0,7,1,24.55,90.0,0
PB-10-JW-9169,2023-03-20,2023,Punjab,Ludhiana (PB-10),4W,SUV,Mahindra,Petrol,BS6,1968.0,7,1,28.17,87.32,0
KL-01-KW-9186,2022-08-01,2022,Kerala,Thiruvananthapuram (KL-01),4W,MUV,Tata Motors,Petrol,BS6,1968.0,7,2,24.55,90.0,0
WB-01-LW-9203,2022-01-01,2022,West Bengal,Kolkata (WB-01),4W,MUV,Honda,Diesel,BS6,1197.0,7,2,23.66,84.95,0
KL-08-MW-9220,2019-03-11,2019,Kerala,Thrissur (KL-08),HCV,Trailer,Ashok Leyland,Diesel,BS4,4998.0,2,5,0.0,84.0,0
PB-11-NW-9237,2022-10-11,2022,Punjab,Patiala (PB-11),4W,SUV,Mahindra,Hybrid,BS6,1462.0,5,2,28.17,87.32,0
WB-40-OW-9254,2024-02-06,2024,West Bengal,Durgapur (WB-40),4W,Hatchback,Hyundai,Diesel,BS6,1598.0,5,0,23.66,84.95,0
MP-07-PW-9271,2021-03-26,2021,Madhya Pradesh,Gwalior (MP-07),2W,Scooter,Honda,Petrol,BS6,150.0,2,3,40.43,85.11,0
DL-08-QW-9288,2022-03-14,2022,Delhi,Delhi West (DL-08),2W,Scooter,Suzuki,Petrol,BS6,250.0,2,2,39.39,90.3,0
MH-01-RW-9305,2019-02-04,2019,Maharashtra,Mumbai Central (MH-01),4W,SUV,MG,Hybrid,BS4,1598.0,5,5,28.89,91.11,0
PB-02-SW-9322,2023-05-15,2023,Punjab,Amritsar (PB-02),2W,Motorcycle,TVS,EV,Not Applicable,0.0,2,1,41.51,90.57,0
GJ-18-TW-9339,2018-06-21,2018,Gujarat,Gandhinagar (GJ-18),2W,Scooter,Ather,EV,Not Applicable,0.0,2,6,41.43,92.86,0
KA-09-UW-9356,2020-07-23,2020,Karnataka,Mysore (KA-09),LCV,Pickup Van,Ashok Leyland,CNG,BS6,3298.0,2,4,26.92,88.46,0
TN-45-VW-9373,2021-05-04,2021,Tamil Nadu,Trichy (TN-45),HCV,Bus,Eicher,Diesel,BS6,4998.0,32,3,0.0,90.0,0
GJ-06-WW-9390,2023-10-25,2023,Gujarat,Vadodara (GJ-06),2W,Scooter,Honda,Petrol,BS6,86.2,2,1,41.43,92.86,0
TN-58-XW-9407,2022-10-29,2022,Tamil Nadu,Madurai (TN-58),2W,Scooter,Ola Electric,EV,Not Applicable,0.0,2,2,44.68,95.74,0
DL-01-YW-9424,2018-05-28,2018,Delhi,Delhi Central (DL-01),2W,Moped,Hero,Petrol,BS4,84.7,2,6,39.39,90.3,0
WB-73-ZW-9441,2020-09-28,2020,West Bengal,Siliguri (WB-73),4W,SUV,Hyundai,Diesel,BS6,1598.0,5,4,23.66,84.95,0
MH-01-AX-9458,2021-02-13,2021,Maharashtra,Mumbai Central (MH-01),4W,MUV,Mahindra,Petrol,BS6,1598.0,5,3,28.89,91.11,0
KA-25-BX-9475,2020-01-08,2020,Karnataka,Hubli (KA-25),2W,Scooter,Ather,EV,Not Applicable,0.0,2,4,49.39,91.46,0
TS-09-CX-9492,2023-09-26,2023,Telangana,Hyderabad (TS-09),4W,Hatchback,Maruti Suzuki,CNG,BS6,1598.0,5,1,25.47,92.45,0
GJ-05-DX-9509,2023-01-02,2023,Gujarat,Surat (GJ-05),2W,Scooter,Hero,Petrol,BS6,125.0,2,1,41.43,92.86,0
UP-70-EX-9526,2024-12-27,2024,Uttar Pradesh,Allahabad (UP-70),4W,Sedan,Hyundai,Diesel,BS6,1462.0,5,0,19.75,88.89,0
UP-32-FX-9543,2024-06-20,2024,Uttar Pradesh,Lucknow (UP-32),2W,Motorcycle,Hero,Petrol,BS6,200.0,2,0,47.06,91.91,0
KL-01-GX-9560,2023-05-29,2023,Kerala,Thiruvananthapuram (KL-01),4W,Sedan,Tata Motors,Petrol,BS6,1197.0,5,1,24.55,90.0,0
UP-65-HX-9577,2020-10-28,2020,Uttar Pradesh,Varanasi (UP-65),3W,Auto Rickshaw,TVS,CNG,BS6,225.0,4,4,85.71,85.71,0
KA-19-IX-9594,2022-03-11,2022,Karnataka,Mangalore (KA-19),2W,Motorcycle,Bajaj,Petrol,BS6,125.0,2,2,49.39,91.46,0
GJ-01-JX-9611,2019-04-01,2019,Gujarat,Ahmedabad (GJ-01),2W,Scooter,Bajaj,EV,Not Applicable,0.0,2,5,41.43,92.86,0
RJ-27-KX-9628,2023-01-24,2023,Rajasthan,Udaipur (RJ-27),2W,Motorcycle,Honda,EV,Not Applicable,0.0,2,1,48.41,92.86,0
KA-09-LX-9645,2022-04-27,2022,Karnataka,Mysore (KA-09),2W,Scooter,Bajaj,Petrol,BS6,125.0,2,2,49.39,91.46,0
RJ-19-MX-9662,2020-05-11,2020,Rajasthan,Jodhpur (RJ-19),3W,Auto Rickshaw,Piaggio,CNG,BS6,250.0,4,4,85.19,100.0,0
MP-07-NX-9679,2022-06-02,2022,Madhya Pradesh,Gwalior (MP-07),2W,Motorcycle,Royal Enfield,Petrol,BS6,150.0,2,2,40.43,85.11,0
WB-73-OX-9696,2022-04-09,2022,West Bengal,Siliguri (WB-73),4W,SUV,Kia,CNG,BS6,1498.0,5,2,23.66,84.95,0
KL-01-PX-9713,2023-12-11,2023,Kerala,Thiruvananthapuram (KL-01),4W,SUV,Mahindra,Diesel,BS6,2179.0,7,1,24.55,90.0,0
GJ-18-QX-9730,2022-07-02,2022,Gujarat,Gandhinagar (GJ-18),4W,SUV,Tata Motors,CNG,BS6,1968.0,5,2,35.37,95.12,0
RJ-19-RX-9747,2022-05-17,2022,Rajasthan,Jodhpur (RJ-19),OTH,Tractor,John Deere,Diesel,BS6,6700.0,2,2,0.0,100.0,0
TN-58-SX-9764,2021-05-17,2021,Tamil Nadu,Madurai (TN-58),4W,Hatchback,Skoda,Diesel,BS6,2179.0,5,3,26.26,91.92,0
DL-02-TX-9781,2021-05-19,2021,Delhi,Delhi East (DL-02),2W,Scooter,Yamaha,Petrol,BS6,114.5,2,3,39.39,90.3,0
UP-80-UX-9798,2022-12-26,2022,Uttar Pradesh,Agra (UP-80),4W,SUV,Mahindra,CNG,BS6,1968.0,7,2,19.75,88.89,0
MP-13-VX-9815,2021-07-19,2021,Madhya Pradesh,Ujjain (MP-13),4W,SUV,Mahindra,Petrol,BS6,2179.0,7,3,28.28,85.86,0
GJ-01-WX-9832,2022-12-24,2022,Gujarat,Ahmedabad (GJ-01),2W,Motorcycle,TVS,EV,Not Applicable,0.0,2,2,41.43,92.86,0
DL-09-XX-9849,2024-07-29,2024,Delhi,Delhi South (DL-09),HCV,Trailer,Volvo,Diesel,BS6,5660.0,2,0,0.0,68.75,0
TS-01-YX-9866,2023-10-03,2023,Telangana,Karimnagar (TS-01),2W,Scooter,Hero,Petrol,BS6,100.9,2,1,40.8,92.8,0
GJ-18-ZX-9883,2022-10-07,2022,Gujarat,Gandhinagar (GJ-18),3W,Tempo,Piaggio,EV,Not Applicable,0.0,4,2,89.47,100.0,0
KA-25-AY-9900,2019-12-02,2019,Karnataka,Hubli (KA-25),LCV,Light Bus,Eicher,Diesel,BS4,2956.0,15,5,26.92,88.46,0
WB-01-BY-9917,2022-01-31,2022,West Bengal,Kolkata (WB-01),2W,Motorcycle,KTM,Petrol,BS6,350.0,2,2,39.16,92.31,0
KL-07-CY-9934,2022-09-05,2022,Kerala,Kochi (KL-07),4W,Hatchback,Hyundai,Petrol,BS6,1498.0,5,2,24.55,90.0,0
TS-03-DY-9951,2022-05-27,2022,Telangana,Warangal (TS-03),2W,Scooter,Ola Electric,EV,Not Applicable,0.0,2,2,40.8,92.8,0
DL-09-EY-9968,2021-03-15,2021,Delhi,Delhi South (DL-09),4W,MUV,Honda,Petrol,BS6,1197.0,7,3,22.58,88.17,0
KL-11-FY-9985,2022-03-14,2022,Kerala,Kozhikode (KL-11),2W,Scooter,Bajaj,Petrol,BS6,160.0,2,2,44.63,96.69,0
PB-02-GY-1002,2022-02-10,2022,Punjab,Amritsar (PB-02),2W,Scooter,Ola Electric,EV,Not Applicable,0.0,2,2,41.51,90.57,0
TN-30-HY-1019,2022-07-29,2022,Tamil Nadu,Salem (TN-30),4W,MUV,Kia,CNG,BS6,2179.0,5,2,26.26,91.92,0
UP-70-IY-1036,2019-07-19,2019,Uttar Pradesh,Allahabad (UP-70),2W,Scooter,Bajaj,EV,Not Applicable,0.0,2,5,47.06,91.91,0
TN-58-JY-1053,2023-10-18,2023,Tamil Nadu,Madurai (TN-58),4W,Hatchback,Hyundai,Diesel,BS6,1498.0,5,1,26.26,91.92,0
KA-09-KY-1070,2022-08-03,2022,Karnataka,Mysore (KA-09),2W,Motorcycle,Royal Enfield,Petrol,BS6,114.7,2,2,49.39,91.46,0
MP-09-LY-1087,2021-10-07,2021,Madhya Pradesh,Indore (MP-09),HCV,Trailer,Eicher,Diesel,BS6,5660.0,2,3,4.76,85.71,0
KL-01-MY-1104,2020-05-08,2020,Kerala,Thiruvananthapuram (KL-01),HCV,Tanker,BharatBenz,Diesel,BS6,4998.0,2,4,0.0,84.0,0
KA-19-NY-1121,2023-12-04,2023,Karnataka,Mangalore (KA-19),2W,Scooter,Ola Electric,EV,Not Applicable,0.0,2,1,49.39,91.46,0
MH-01-OY-1138,2020-08-01,2020,Maharashtra,Mumbai Central (MH-01),LCV,Light Bus,Mahindra,Diesel,BS6,2956.0,15,4,22.58,90.32,0
UP-70-PY-1155,2022-05-30,2022,Uttar Pradesh,Allahabad (UP-70),OTH,Road Roller,Mahindra,Diesel,BS6,4998.0,2,2,0.0,75.0,0
DL-08-QY-1172,2022-01-31,2022,Delhi,Delhi West (DL-08),3W,Tempo,TVS,CNG,BS6,225.0,4,2,89.47,94.74,0
DL-01-RY-1189,2024-09-05,2024,Delhi,Delhi Central (DL-01),2W,Motorcycle,KTM,EV,Not Applicable,0.0,2,0,39.39,90.3,0
KA-09-SY-1206,2021-02-20,2021,Karnataka,Mysore (KA-09),HCV,Tanker,Tata Motors,Diesel,BS6,3760.0,2,3,0.0,96.15,0
KA-09-TY-1223,2023-03-11,2023,Karnataka,Mysore (KA-09),LCV,Light Bus,Tata Motors,CNG,BS6,3298.0,12,1,26.92,88.46,0
MP-04-UY-1240,2019-03-04,2019,Madhya Pradesh,Bhopal (MP-04),2W,Scooter,Ather,EV,Not Applicable,0.0,2,5,40.43,85.11,0
TS-01-VY-1257,2024-02-08,2024,Telangana,Karimnagar (TS-01),LCV,Pickup Van,Ashok Leyland,Diesel,BS6,2956.0,2,0,0.0,84.62,0
WB-39-WY-1274,2020-05-02,2020,West Bengal,Asansol (WB-39),2W,Motorcycle,Royal Enfield,Petrol,BS6,96.9,2,4,39.16,92.31,0
KA-01-XY-1291,2024-07-13,2024,Karnataka,Bangalore Central (KA-01),HCV,Tanker,Volvo,Diesel,BS6,3760.0,2,0,0.0,96.15,0
GJ-05-YY-1308,2021-02-08,2021,Gujarat,Surat (GJ-05),2W,Motorcycle,Honda,Petrol,BS6,150.0,2,3,41.43,92.86,0
KA-25-ZY-1325,2023-04-05,2023,Karnataka,Hubli (KA-25),2W,Motorcycle,Suzuki,EV,Not Applicable,0.0,2,1,49.39,91.46,0
KA-19-AZ-1342,2024-12-02,2024,Karnataka,Mangalore (KA-19),4W,SUV,Toyota,Petrol,BS6,2179.0,7,0,25.89,89.29,0
KA-01-BZ-1359,2023-12-29,2023,Karnataka,Bangalore Central (KA-01),2W,Motorcycle,Royal Enfield,EV,Not Applicable,0.0,2,1,49.39,91.46,0
PB-11-CZ-1376,2024-08-06,2024,Punjab,Patiala (PB-11),4W,SUV,Renault,Diesel,BS6,1968.0,7,0,28.17,87.32,0
TS-07-DZ-1393,2018-10-30,2018,Telangana,Khammam (TS-07),OTH,Tractor,TAFE,Diesel,BS4,5660.0,2,6,0.0,75.0,0
WB-40-EZ-1410,2021-06-01,2021,West Bengal,Durgapur (WB-40),HCV,Tanker,Ashok Leyland,Diesel,BS6,4998.0,2,3,0.0,91.67,0
WB-01-FZ-1427,2023-07-27,2023,West Bengal,Kolkata (WB-01),3W,E-Rickshaw,Mahindra,EV,Not Applicable,0.0,4,1,85.0,100.0,0
GJ-03-GZ-1444,2018-12-01,2018,Gujarat,Rajkot (GJ-03),LCV,Pickup Van,Tata Motors,CNG,BS4,3298.0,2,6,53.33,73.33,0
DL-01-HZ-1461,2024-04-02,2024,Delhi,Delhi Central (DL-01),OTH,Crane,Escorts,Diesel,BS6,5660.0,2,0,0.0,100.0,0
KL-02-IZ-1478,2024-07-29,2024,Kerala,Kollam (KL-02),2W,Motorcycle,Hero,Petrol,BS6,400.0,2,0,44.63,96.69,0
CH-01-JZ-1495,2022-08-30,2022,Chandigarh,Chandigarh (CH-01),4W,SUV,MG,Petrol,BS6,1968.0,5,2,12.5,83.33,0
DL-09-KZ-1512,2020-03-14,2020,Delhi,Delhi South (DL-09),4W,Hatchback,Toyota,EV,Not Applicable,0.0,5,4,22.58,88.17,0
TN-37-LZ-1529,2021-03-22,2021,Tamil Nadu,Coimbatore (TN-37),4W,SUV,Maruti Suzuki,Diesel,BS6,1498.0,7,3,26.26,91.92,0
RJ-01-MZ-1546,2021-10-11,2021,Rajasthan,Ajmer (RJ-01),4W,SUV,Maruti Suzuki,Petrol,BS6,1498.0,7,3,26.0,89.0,0
CH-01-NZ-1563,2021-06-10,2021,Chandigarh,Chandigarh (CH-01),2W,Motorcycle,Honda,Petrol,BS6,150.0,2,3,40.62,90.62,0
RJ-27-OZ-1580,2022-08-12,2022,Rajasthan,Udaipur (RJ-27),HCV,Bus,MAN,Diesel,BS6,5660.0,32,2,6.67,86.67,0
MP-07-PZ-1597,2022-01-15,2022,Madhya Pradesh,Gwalior (MP-07),HCV,Truck,Eicher,Diesel,BS6,5647.4,2,2,4.76,85.71,0
MH-01-QZ-1614,2021-06-18,2021,Maharashtra,Mumbai Central (MH-01),2W,Scooter,Honda,EV,Not Applicable,0.0,2,3,50.93,95.37,0
GJ-01-RZ-1631,2024-05-14,2024,Gujarat,Ahmedabad (GJ-01),4W,Sedan,Renault,Hybrid,BS6,1498.0,5,0,35.37,95.12,0
TS-01-SZ-1648,2018-11-26,2018,Telangana,Karimnagar (TS-01),4W,SUV,Tata Motors,CNG,BS4,1462.0,7,6,25.47,92.45,0
MH-15-TZ-1665,2023-12-11,2023,Maharashtra,Nashik (MH-15),2W,Motorcycle,KTM,EV,Not Applicable,0.0,2,1,50.93,95.37,0
WB-39-UZ-1682,2020-11-13,2020,West Bengal,Asansol (WB-39),4W,Hatchback,Tata Motors,Petrol,BS6,2179.0,5,4,23.66,84.95,0
DL-04-VZ-1699,2022-09-10,2022,Delhi,Delhi North (DL-04),4W,Hatchback,Toyota,Diesel,BS6,1598.0,5,2,22.58,88.17,0
KL-01-WZ-1716,2024-08-02,2024,Kerala,Thiruvananthapuram (KL-01),4W,SUV,Tata Motors,CNG,BS6,1968.0,5,0,24.55,90.0,0
KL-11-XZ-1733,2023-01-09,2023,Kerala,Kozhikode (KL-11),2W,Scooter,Ather,EV,Not Applicable,0.0,2,1,44.63,96.69,0
KA-01-YZ-1750,2020-05-19,2020,Karnataka,Bangalore Central (KA-01),2W,Motorcycle,KTM,Petrol,BS6,200.0,2,4,49.39,91.46,0
WB-01-ZZ-1767,2021-08-03,2021,West Bengal,Kolkata (WB-01),2W,Scooter,TVS,EV,Not Applicable,0.0,2,3,39.16,92.31,0
KA-25-AA-1784,2020-09-19,2020,Karnataka,Hubli (KA-25),4W,Hatchback,Tata Motors,Diesel,BS6,1498.0,5,4,25.89,89.29,0
WB-73-BA-1801,2021-08-24,2021,West Bengal,Siliguri (WB-73),4W,Sedan,Skoda,Diesel,BS6,2179.0,5,3,23.66,84.95,0
RJ-14-CA-1818,2020-03-30,2020,Rajasthan,Jaipur (RJ-14),4W,SUV,Mahindra,Hybrid,BS4,1462.0,5,4,26.0,89.0,1
TS-09-DA-1835,2023-02-27,2023,Telangana,Hyderabad (TS-09),4W,SUV,Hyundai,Diesel,BS6,1598.0,7,1,25.47,92.45,0
DL-04-EA-1852,2021-10-27,2021,Delhi,Delhi North (DL-04),4W,SUV,Renault,Diesel,BS6,800.0,7,3,22.58,88.17,0
TN-30-FA-1869,2021-08-20,2021,Tamil Nadu,Salem (TN-30),4W,MUV,Maruti Suzuki,Petrol,BS6,800.0,7,3,26.26,91.92,0
DL-02-GA-1886,2021-02-12,2021,Delhi,Delhi East (DL-02),4W,SUV,Skoda,Petrol,BS6,1598.0,7,3,22.58,88.17,0
TS-01-HA-1903,2022-04-05,2022,Telangana,Karimnagar (TS-01),2W,Scooter,Hero,Petrol,BS6,160.0,2,2,40.8,92.8,0
CH-01-IA-1920,2024-03-12,2024,Chandigarh,Chandigarh (CH-01),2W,Motorcycle,KTM,Petrol,BS6,125.0,2,0,40.62,90.62,0
MH-31-JA-1937,2020-07-02,2020,Maharashtra,Nagpur (MH-31),2W,Scooter,Ather,EV,Not Applicable,0.0,2,4,50.93,95.37,0
PB-10-KA-1954,2022-07-22,2022,Punjab,Ludhiana (PB-10),LCV,Pickup Van,Eicher,Diesel,BS6,2956.0,2,2,22.22,88.89,0
RJ-14-LA-1971,2020-06-03,2020,Rajasthan,Jaipur (RJ-14),OTH,Tractor,TAFE,Diesel,BS6,4998.0,2,4,0.0,100.0,0
MH-12-MA-1988,2022-10-24,2022,Maharashtra,Pune (MH-12),2W,Scooter,Honda,Petrol,BS6,150.0,2,2,50.93,95.37,0
MP-09-NA-2005,2022-11-07,2022,Madhya Pradesh,Indore (MP-09),2W,Moped,Bajaj,EV,Not Applicable,0.0,2,2,40.43,85.11,0
MH-01-OA-2022,2021-07-12,2021,Maharashtra,Mumbai Central (MH-01),4W,Sedan,Skoda,EV,Not Applicable,0.0,5,3,28.89,91.11,0
RJ-27-PA-2039,2022-07-01,2022,Rajasthan,Udaipur (RJ-27),4W,SUV,MG,Petrol,BS6,1498.0,5,2,26.0,89.0,0
KL-08-QA-2056,2021-06-26,2021,Kerala,Thrissur (KL-08),4W,SUV,Mahindra,Petrol,BS6,1462.0,5,3,24.55,90.0,0
KL-07-RA-2073,2024-02-08,2024,Kerala,Kochi (KL-07),2W,Motorcycle,KTM,EV,Not Applicable,0.0,2,0,44.63,96.69,0
RJ-27-SA-2090,2022-03-02,2022,Rajasthan,Udaipur (RJ-27),2W,Motorcycle,Royal Enfield,Petrol,BS6,98.8,2,2,48.41,92.86,0
GJ-06-TA-2107,2023-08-08,2023,Gujarat,Vadodara (GJ-06),2W,Scooter,Honda,Petrol,BS6,103.3,2,1,41.43,92.86,0
KL-08-UA-2124,2022-08-03,2022,Kerala,Thrissur (KL-08),2W,Scooter,TVS,EV,Not Applicable,0.0,2,2,44.63,96.69,0
TN-01-VA-2141,2023-06-14,2023,Tamil Nadu,Chennai Central (TN-01),4W,Sedan,Renault,Petrol,BS6,2179.0,5,1,26.26,91.92,0
UP-32-WA-2158,2020-02-28,2020,Uttar Pradesh,Lucknow (UP-32),4W,Hatchback,Tata Motors,Petrol,BS4,1968.0,5,4,19.75,88.89,1
MP-13-XA-2175,2023-11-20,2023,Madhya Pradesh,Ujjain (MP-13),4W,MUV,Maruti Suzuki,Diesel,BS6,1968.0,7,1,28.28,85.86,0
RJ-19-YA-2192,2022-03-21,2022,Rajasthan,Jodhpur (RJ-19),2W,Motorcycle,KTM,Petrol,BS6,110.0,2,2,48.41,92.86,0
TN-30-ZA-2209,2021-02-12,2021,Tamil Nadu,Salem (TN-30),4W,SUV,Renault,Diesel,BS6,1000.0,7,3,26.26,91.92,0
TN-45-AB-2226,2024-08-20,2024,Tamil Nadu,Trichy (TN-45),2W,Motorcycle,Hero,Petrol,BS6,200.0,2,0,44.68,95.74,0
DL-09-BB-2243,2023-03-15,2023,Delhi,Delhi South (DL-09),4W,SUV,Mahindra,EV,Not Applicable,0.0,5,1,22.58,88.17,0
RJ-01-CB-2260,2020-10-01,2020,Rajasthan,Ajmer (RJ-01),4W,MUV,Honda,CNG,BS6,1498.0,5,4,26.0,89.0,0
WB-39-DB-2277,2021-06-24,2021,West Bengal,Asansol (WB-39),2W,Motorcycle,KTM,Petrol,BS6,93.9,2,3,39.16,92.31,0
TS-03-EB-2294,2024-06-29,2024,Telangana,Warangal (TS-03),2W,Motorcycle,Royal Enfield,Petrol,BS6,125.0,2,0,40.8,92.8,0
KL-08-FB-2311,2024-07-08,2024,Kerala,Thrissur (KL-08),2W,Motorcycle,Suzuki,EV,Not Applicable,0.0,2,0,44.63,96.69,0
TN-30-GB-2328,2020-09-07,2020,Tamil Nadu,Salem (TN-30),2W,Scooter,Yamaha,Petrol,BS6,200.0,2,4,44.68,95.74,0
MP-20-HB-2345,2024-09-27,2024,Madhya Pradesh,Jabalpur (MP-20),2W,Scooter,Ola Electric,EV,Not Applicable,0.0,2,0,40.43,85.11,0
TS-05-IB-2362,2023-05-29,2023,Telangana,Nizamabad (TS-05),4W,Sedan,Tata Motors,Petrol,BS6,1598.0,5,1,25.47,92.45,0
MH-31-JB-2379,2024-03-07,2024,Maharashtra,Nagpur (MH-31),2W,Motorcycle,Yamaha,Petrol,BS6,150.0,2,0,50.93,95.37,0
UP-80-KB-2396,2023-08-04,2023,Uttar Pradesh,Agra (UP-80),2W,Scooter,Honda,Petrol,BS6,125.0,2,1,47.06,91.91,0
WB-73-LB-2413,2023-01-12,2023,West Bengal,Siliguri (WB-73),4W,Sedan,Skoda,Petrol,BS6,2179.0,5,1,23.66,84.95,0
GJ-06-MB-2430,2019-12-03,2019,Gujarat,Vadodara (GJ-06),LCV,Mini Truck,Mahindra,CNG,BS4,3298.0,2,5,53.33,73.33,0
TN-37-NB-2447,2022-12-26,2022,Tamil Nadu,Coimbatore (TN-37),4W,SUV,MG,Diesel,BS6,800.0,7,2,26.26,91.92,0
RJ-27-OB-2464,2019-05-30,2019,Rajasthan,Udaipur (RJ-27),4W,MUV,Tata Motors,Diesel,BS4,800.0,7,5,26.0,89.0,0
MH-12-PB-2481,2019-10-12,2019,Maharashtra,Pune (MH-12),2W,Scooter,Ather,EV,Not Applicable,0.0,2,5,50.93,95.37,0
DL-02-QB-2498,2018-12-24,2018,Delhi,Delhi East (DL-02),2W,Moped,TVS,Petrol,BS4,98.6,2,6,39.39,90.3,0
RJ-14-RB-2515,2023-01-07,2023,Rajasthan,Jaipur (RJ-14),4W,MUV,MG,Diesel,BS6,1968.0,7,1,26.0,89.0,0
UP-78-SB-2532,2019-03-19,2019,Uttar Pradesh,Kanpur (UP-78),4W,MUV,Mahindra,Petrol,BS4,800.0,5,5,19.75,88.89,0
KL-02-TB-2549,2023-10-06,2023,Kerala,Kollam (KL-02),2W,Scooter,TVS,Petrol,BS6,150.0,2,1,44.63,96.69,0
DL-02-UB-2566,2022-03-28,2022,Delhi,Delhi East (DL-02),2W,Scooter,Ola Electric,EV,Not Applicable,0.0,2,2,39.39,90.3,0
PB-08-VB-2583,2023-01-05,2023,Punjab,Jalandhar (PB-08),3W,Tempo,Kinetic Green,EV,Not Applicable,0.0,4,1,76.0,92.0,0
MP-07-WB-2600,2019-07-09,2019,Madhya Pradesh,Gwalior (MP-07),4W,SUV,Honda,CNG,BS4,1968.0,7,5,28.28,85.86,0
CH-01-XB-2617,2023-02-17,2023,Chandigarh,Chandigarh (CH-01),2W,Motorcycle,TVS,Petrol,BS6,150.0,2,1,40.62,90.62,0
DL-08-YB-2634,2019-05-30,2019,Delhi,Delhi West (DL-08),2W,Scooter,Hero,Petrol,BS4,111.7,2,5,39.39,90.3,0
KA-19-ZB-2651,2024-09-25,2024,Karnataka,Mangalore (KA-19),2W,Moped,Hero,EV,Not Applicable,0.0,2,0,49.39,91.46,0
CH-01-AC-2668,2021-05-04,2021,Chandigarh,Chandigarh (CH-01),2W,Scooter,Honda,Petrol,BS6,91.3,2,3,40.62,90.62,0
RJ-27-BC-2685,2023-04-08,2023,Rajasthan,Udaipur (RJ-27),2W,Moped,Yamaha,Petrol,BS6,97.4,2,1,48.41,92.86,0
MP-04-CC-2702,2021-06-30,2021,Madhya Pradesh,Bhopal (MP-04),2W,Moped,Bajaj,EV,Not Applicable,0.0,2,3,40.43,85.11,0
MH-12-DC-2719,2024-06-11,2024,Maharashtra,Pune (MH-12),2W,Scooter,Hero,Petrol,BS6,100.8,2,0,50.93,95.37,0
GJ-03-EC-2736,2018-01-20,2018,Gujarat,Rajkot (GJ-03),2W,Scooter,Ather,EV,Not Applicable,0.0,2,6,41.43,92.86,0
WB-01-FC-2753,2022-04-15,2022,West Bengal,Kolkata (WB-01),2W,Scooter,Ather,EV,Not Applicable,0.0,2,2,39.16,92.31,0
KL-01-GC-2770,2024-09-21,2024,Kerala,Thiruvananthapuram (KL-01),2W,Motorcycle,Yamaha,EV,Not Applicable,0.0,2,0,44.63,96.69,0
KA-01-HC-2787,2021-12-31,2021,Karnataka,Bangalore Central (KA-01),4W,MUV,Honda,Diesel,BS6,1480.0,7,3,25.89,89.29,0
MP-09-IC-2804,2023-06-20,2023,Madhya Pradesh,Indore (MP-09),2W,Motorcycle,KTM,Petrol,BS6,400.0,2,1,40.43,85.11,0
DL-08-JC-2821,2022-06-17,2022,Delhi,Delhi West (DL-08),2W,Scooter,Ather,EV,Not Applicable,0.0,2,2,39.39,90.3,0
KL-07-KC-2838,2024-12-02,2024,Kerala,Kochi (KL-07),4W,Sedan,Toyota,Petrol,BS6,1462.0,5,0,24.55,90.0,0
GJ-05-LC-2855,2022-12-26,2022,Gujarat,Surat (GJ-05),2W,Moped,TVS,Petrol,BS6,85.2,2,2,41.43,92.86,0
RJ-01-MC-2872,2023-08-08,2023,Rajasthan,Ajmer (RJ-01),2W,Moped,Yamaha,EV,Not Applicable,0.0,2,1,48.41,92.86,0
WB-39-NC-2889,2020-06-23,2020,West Bengal,Asansol (WB-39),LCV,Mini Truck,Mahindra,Diesel,BS6,2956.0,2,4,39.13,86.96,0
WB-13-OC-2906,2022-04-25,2022,West Bengal,Howrah (WB-13),3W,E-Rickshaw,Mahindra,EV,Not Applicable,0.0,4,2,85.0,100.0,0
KA-25-PC-2923,2019-07-09,2019,Karnataka,Hubli (KA-25),4W,Hatchback,Tata Motors,Diesel,BS4,1498.0,5,5,25.89,89.29,0
KA-09-QC-2940,2024-10-01,2024,Karnataka,Mysore (KA-09),2W,Motorcycle,KTM,Petrol,BS6,107.8,2,0,49.39,91.46,0
WB-13-RC-2957,2023-03-27,2023,West Bengal,Howrah (WB-13),LCV,Mini Truck,Force Motors,EV,Not Applicable,0.0,2,1,39.13,86.96,0
WB-73-SC-2974,2022-06-13,2022,West Bengal,Siliguri (WB-73),HCV,Truck,Tata Motors,Diesel,BS6,5646.3,2,2,0.0,91.67,0
MP-13-TC-2991,2022-08-15,2022,Madhya Pradesh,Ujjain (MP-13),HCV,Bus,Tata Motors,EV,Not Applicable,0.0,32,2,4.76,85.71,0
KA-01-UC-3008,2021-09-08,2021,Karnataka,Bangalore Central (KA-01),4W,SUV,Tata Motors,Petrol,BS6,1462.0,5,3,25.89,89.29,0
RJ-27-VC-3025,2019-12-31,2019,Rajasthan,Udaipur (RJ-27),LCV,Light Bus,Force Motors,Diesel,BS4,2956.0,15,5,40.91,72.73,0
MP-13-WC-3042,2021-08-11,2021,Madhya Pradesh,Ujjain (MP-13),4W,SUV,Hyundai,Diesel,BS6,1598.0,7,3,28.28,85.86,0
UP-65-XC-3059,2023-09-26,2023,Uttar Pradesh,Varanasi (UP-65),2W,Motorcycle,Ola Electric,EV,Not Applicable,0.0,2,1,47.06,91.91,0
DL-08-YC-3076,2023-03-24,2023,Delhi,Delhi West (DL-08),4W,Hatchback,Maruti Suzuki,CNG,BS6,1498.0,5,1,22.58,88.17,0
MP-20-ZC-3093,2022-12-22,2022,Madhya Pradesh,Jabalpur (MP-20),4W,SUV,Mahindra,Hybrid,BS6,1197.0,7,2,28.28,85.86,0
KA-22-AD-3110,2023-01-11,2023,Karnataka,Belgaum (KA-22),2W,Scooter,Bajaj,EV,Not Applicable,0.0,2,1,49.39,91.46,0
KL-11-BD-3127,2023-09-11,2023,Kerala,Kozhikode (KL-11),3W,Auto Rickshaw,Mahindra,CNG,BS6,200.0,4,1,84.38,93.75,0
RJ-14-CD-3144,2021-08-03,2021,Rajasthan,Jaipur (RJ-14),4W,Hatchback,Maruti Suzuki,Petrol,BS6,800.0,5,3,26.0,89.0,0
TS-09-DD-3161,2023-05-15,2023,Telangana,Hyderabad (TS-09),2W,Scooter,Ather,EV,Not Applicable,0.0,2,1,40.8,92.8,0
RJ-01-ED-3178,2021-09-14,2021,Rajasthan,Ajmer (RJ-01),3W,Tempo,Piaggio,CNG,BS6,225.0,4,3,85.19,100.0,0
WB-01-FD-3195,2021-02-16,2021,West Bengal,Kolkata (WB-01),4W,SUV,Kia,CNG,BS6,1498.0,5,3,23.66,84.95,0
DL-09-GD-3212,2023-01-12,2023,Delhi,Delhi South (DL-09),HCV,Tanker,Volvo,Diesel,BS6,4998.0,2,1,0.0,68.75,0
WB-13-HD-3229,2020-03-13,2020,West Bengal,Howrah (WB-13),4W,MUV,Honda,Diesel,BS4,1498.0,7,4,23.66,84.95,1
TS-05-ID-3246,2022-05-30,2022,Telangana,Nizamabad (TS-05),2W,Moped,TVS,Petrol,BS6,100.0,2,2,40.8,92.8,0
MH-01-JD-3263,2021-02-15,2021,Maharashtra,Mumbai Central (MH-01),4W,Sedan,Maruti Suzuki,Diesel,BS6,1498.0,5,3,28.89,91.11,0
MH-31-KD-3280,2021-03-15,2021,Maharashtra,Nagpur (MH-31),2W,Scooter,Ather,EV,Not Applicable,0.0,2,3,50.93,95.37,0
KA-19-LD-3297,2024-04-11,2024,Karnataka,Mangalore (KA-19),HCV,Bus,MAN,Diesel,BS6,4998.0,32,0,0.0,96.15,0
UP-78-MD-3314,2019-01-30,2019,Uttar Pradesh,Kanpur (UP-78),2W,Moped,Bajaj,Petrol,BS4,100.0,2,5,47.06,91.91,0
CH-01-ND-3331,2019-09-24,2019,Chandigarh,Chandigarh (CH-01),3W,Tempo,Atul Auto,CNG,BS4,200.0,4,5,100.0,50.0,0
MH-31-OD-3348,2022-06-21,2022,Maharashtra,Nagpur (MH-31),LCV,Light Bus,Tata Motors,Diesel,BS6,3298.0,15,2,22.58,90.32,0
RJ-01-PD-3365,2023-04-28,2023,Rajasthan,Ajmer (RJ-01),LCV,Light Bus,Mahindra,CNG,BS6,2523.0,12,1,40.91,72.73,0
KL-07-QD-3382,2020-07-20,2020,Kerala,Kochi (KL-07),4W,MUV,Honda,Petrol,BS6,1197.0,5,4,24.55,90.0,0
TS-09-RD-3399,2019-10-21,2019,Telangana,Hyderabad (TS-09),2W,Motorcycle,Suzuki,EV,Not Applicable,0.0,2,5,40.8,92.8,0
WB-40-SD-3416,2020-01-20,2020,West Bengal,Durgapur (WB-40),4W,Hatchback,Toyota,EV,Not Applicable,0.0,5,4,23.66,84.95,0
MP-09-TD-3433,2024-08-17,2024,Madhya Pradesh,Indore (MP-09),2W,Moped,Suzuki,EV,Not Applicable,0.0,2,0,40.43,85.11,0
TS-05-UD-3450,2024-06-06,2024,Telangana,Nizamabad (TS-05),OTH,Tractor,Escorts,Diesel,BS6,4998.0,2,0,0.0,75.0,0
PB-10-VD-3467,2023-02-23,2023,Punjab,Ludhiana (PB-10),3W,E-Rickshaw,Kinetic Green,EV,Not Applicable,0.0,4,1,76.0,92.0,0
UP-65-WD-3484,2022-12-03,2022,Uttar Pradesh,Varanasi (UP-65),4W,Hatchback,Renault,Diesel,BS6,1498.0,5,2,19.75,88.89,0
UP-78-XD-3501,2019-07-23,2019,Uttar Pradesh,Kanpur (UP-78),2W,Moped,Yamaha,Petrol,BS4,86.1,2,5,47.06,91.91,0
WB-73-YD-3518,2022-09-21,2022,West Bengal,Siliguri (WB-73),2W,Motorcycle,TVS,Petrol,BS6,400.0,2,2,39.16,92.31,0
MH-20-ZD-3535,2021-06-16,2021,Maharashtra,Aurangabad (MH-20),4W,SUV,MG,EV,Not Applicable,0.0,5,3,28.89,91.11,0
TS-07-AE-3552,2022-06-13,2022,Telangana,Khammam (TS-07),4W,SUV,MG,Petrol,BS6,1498.0,5,2,25.47,92.45,0
TN-58-BE-3569,2020-11-04,2020,Tamil Nadu,Madurai (TN-58),2W,Motorcycle,KTM,EV,Not Applicable,0.0,2,4,44.68,95.74,0
UP-80-CE-3586,2024-01-13,2024,Uttar Pradesh,Agra (UP-80),2W,Scooter,Ather,EV,Not Applicable,0.0,2,0,47.06,91.91,0
MH-01-DE-3603,2022-07-18,2022,Maharashtra,Mumbai Central (MH-01),HCV,Trailer,Tata Motors,Diesel,BS6,5667.1,2,2,0.0,84.62,0
TS-07-EE-3620,2024-07-22,2024,Telangana,Khammam (TS-07),2W,Motorcycle,TVS,EV,Not Applicable,0.0,2,0,40.8,92.8,0
KA-22-FE-3637,2022-01-29,2022,Karnataka,Belgaum (KA-22),4W,Hatchback,Hyundai,Petrol,BS6,1598.0,5,2,25.89,89.29,0
MH-20-GE-3654,2023-08-17,2023,Maharashtra,Aurangabad (MH-20),2W,Scooter,Ola Electric,EV,Not Applicable,0.0,2,1,50.93,95.37,0
WB-40-HE-3671,2018-10-29,2018,West Bengal,Durgapur (WB-40),4W,SUV,Mahindra,EV,Not Applicable,0.0,5,6,23.66,84.95,0
KA-01-IE-3688,2018-09-17,2018,Karnataka,Bangalore Central (KA-01),4W,Sedan,Toyota,EV,Not Applicable,0.0,5,6,25.89,89.29,0
WB-40-JE-3705,2023-03-18,2023,West Bengal,Durgapur (WB-40),2W,Motorcycle,Suzuki,EV,Not Applicable,0.0,2,1,39.16,92.31,0
TN-37-KE-3722,2023-10-16,2023,Tamil Nadu,Coimbatore (TN-37),LCV,Pickup Van,Eicher,Diesel,BS6,2523.0,2,1,40.0,92.0,0
TN-01-LE-3739,2024-03-29,2024,Tamil Nadu,Chennai Central (TN-01),2W,Scooter,Bajaj,Petrol,BS6,250.0,2,0,44.68,95.74,0
MP-20-ME-3756,2021-11-22,2021,Madhya Pradesh,Jabalpur (MP-20),2W,Scooter,Ola Electric,EV,Not Applicable,0.0,2,3,40.43,85.11,0
MH-31-NE-3773,2023-07-20,2023,Maharashtra,Nagpur (MH-31),3W,Tempo,Bajaj,EV,Not Applicable,0.0,4,1,87.5,87.5,0
MP-20-OE-3790,2024-07-04,2024,Madhya Pradesh,Jabalpur (MP-20),2W,Moped,Suzuki,EV,Not Applicable,0.0,2,0,40.43,85.11,0
GJ-06-PE-3807,2021-10-09,2021,Gujarat,Vadodara (GJ-06),2W,Scooter,Honda,Petrol,BS6,112.1,2,3,41.43,92.86,0
MP-20-QE-3824,2023-09-18,2023,Madhya Pradesh,Jabalpur (MP-20),2W,Moped,Bajaj,Petrol,BS6,98.4,2,1,40.43,85.11,0
GJ-18-RE-3841,2022-11-19,2022,Gujarat,Gandhinagar (GJ-18),4W,Sedan,Toyota,EV,Not Applicable,0.0,5,2,35.37,95.12,0
WB-13-SE-3858,2021-01-16,2021,West Bengal,Howrah (WB-13),2W,Motorcycle,Royal Enfield,EV,Not Applicable,0.0,2,3,39.16,92.31,0
WB-40-TE-3875,2021-11-30,2021,West Bengal,Durgapur (WB-40),3W,Auto Rickshaw,Atul Auto,EV,Not Applicable,0.0,4,3,85.0,100.0,0
TS-03-UE-3892,2024-08-08,2024,Telangana,Warangal (TS-03),4W,SUV,Kia,Petrol,BS6,1598.0,5,0,25.47,92.45,0
RJ-14-VE-3909,2021-01-18,2021,Rajasthan,Jaipur (RJ-14),4W,SUV,Toyota,Petrol,BS6,1197.0,7,3,26.0,89.0,0
UP-65-WE-3926,2020-11-04,2020,Uttar Pradesh,Varanasi (UP-65),2W,Motorcycle,Hero,EV,Not Applicable,0.0,2,4,47.06,91.91,0
CH-01-XE-3943,2022-10-31,2022,Chandigarh,Chandigarh (CH-01),4W,MUV,Mahindra,Hybrid,BS6,1598.0,7,2,12.5,83.33,0
MP-07-YE-3960,2024-08-03,2024,Madhya Pradesh,Gwalior (MP-07),4W,SUV,Mahindra,CNG,BS6,1197.0,5,0,28.28,85.86,0
TS-05-ZE-3977,2023-06-03,2023,Telangana,Nizamabad (TS-05),2W,Motorcycle,TVS,Petrol,BS6,200.0,2,1,40.8,92.8,0
MH-12-AF-3994,2021-03-13,2021,Maharashtra,Pune (MH-12),HCV,Truck,Volvo,Diesel,BS6,6700.0,2,3,0.0,84.62,0
GJ-05-BF-4011,2021-02-22,2021,Gujarat,Surat (GJ-05),4W,SUV,Skoda,Hybrid,BS6,1000.0,7,3,35.37,95.12,0
DL-08-CF-4028,2021-05-17,2021,Delhi,Delhi West (DL-08),4W,SUV,Tata Motors,Diesel,BS6,1197.0,7,3,22.58,88.17,0
MP-20-DF-4045,2023-07-06,2023,Madhya Pradesh,Jabalpur (MP-20),LCV,Light Bus,Ashok Leyland,Diesel,BS6,2956.0,15,1,37.5,83.33,0
TS-03-EF-4062,2021-05-13,2021,Telangana,Warangal (TS-03),4W,SUV,Toyota,Petrol,BS6,1968.0,5,3,25.47,92.45,0
CH-01-FF-4079,2022-06-27,2022,Chandigarh,Chandigarh (CH-01),4W,SUV,Hyundai,Petrol,BS6,1598.0,7,2,12.5,83.33,0
MP-09-GF-4096,2022-02-25,2022,Madhya Pradesh,Indore (MP-09),4W,Hatchback,Honda,Petrol,BS6,1968.0,5,2,28.28,85.86,0
DL-02-HF-4113,2024-06-11,2024,Delhi,Delhi East (DL-02),2W,Scooter,Honda,Petrol,BS6,101.8,2,0,39.39,90.3,0
RJ-27-IF-4130,2024-08-05,2024,Rajasthan,Udaipur (RJ-27),4W,Sedan,Honda,Petrol,BS6,800.0,5,0,26.0,89.0,0
TS-09-JF-4147,2020-11-14,2020,Telangana,Hyderabad (TS-09),3W,Tempo,Mahindra,Diesel,BS6,200.0,4,4,81.25,100.0,0
PB-10-KF-4164,2023-11-13,2023,Punjab,Ludhiana (PB-10),2W,Scooter,Bajaj,Petrol,BS6,160.0,2,1,41.51,90.57,0
RJ-14-LF-4181,2021-06-18,2021,Rajasthan,Jaipur (RJ-14),2W,Scooter,Hero,Petrol,BS6,160.0,2,3,48.41,92.86,0
PB-11-MF-4198,2020-03-30,2020,Punjab,Patiala (PB-11),2W,Motorcycle,Suzuki,EV,Not Applicable,0.0,2,4,41.51,90.57,0
GJ-05-NF-4215,2021-12-03,2021,Gujarat,Surat (GJ-05),4W,SUV,Kia,Diesel,BS6,1498.0,5,3,35.37,95.12,0
MH-12-OF-4232,2021-03-16,2021,Maharashtra,Pune (MH-12),2W,Motorcycle,Suzuki,Petrol,BS6,400.0,2,3,50.93,95.37,0
TN-37-PF-4249,2021-08-16,2021,Tamil Nadu,Coimbatore (TN-37),2W,Scooter,TVS,EV,Not Applicable,0.0,2,3,44.68,95.74,0
WB-13-QF-4266,2021-01-13,2021,West Bengal,Howrah (WB-13),4W,Hatchback,Hyundai,EV,Not Applicable,0.0,5,3,23.66,84.95,0
DL-01-RF-4283,2021-11-11,2021,Delhi,Delhi Central (DL-01),3W,Tempo,Piaggio,EV,Not Applicable,0.0,4,3,89.47,94.74,0
KA-01-SF-4300,2022-11-25,2022,Karnataka,Bangalore Central (KA-01),4W,Sedan,Skoda,Diesel,BS6,1000.0,5,2,25.89,89.29,0
MH-15-TF-4317,2024-03-05,2024,Maharashtra,Nashik (MH-15),2W,Scooter,Honda,Petrol,BS6,104.7,2,0,50.93,95.37,0
RJ-14-UF-4334,2019-03-14,2019,Rajasthan,Jaipur (RJ-14),LCV,Mini Truck,Mahindra,Diesel,BS4,2523.0,2,5,40.91,72.73,0
MH-20-VF-4351,2019-05-07,2019,Maharashtra,Aurangabad (MH-20),3W,Tempo,Piaggio,CNG,BS4,225.0,4,5,87.5,87.5,0
KA-25-WF-4368,2023-01-14,2023,Karnataka,Hubli (KA-25),2W,Motorcycle,KTM,EV,Not Applicable,0.0,2,1,49.39,91.46,0
TN-45-XF-4385,2022-06-27,2022,Tamil Nadu,Trichy (TN-45),3W,E-Rickshaw,Mahindra,EV,Not Applicable,0.0,4,2,82.14,96.43,0
DL-01-YF-4402,2023-01-04,2023,Delhi,Delhi Central (DL-01),2W,Scooter,Hero,Petrol,BS6,125.0,2,1,39.39,90.3,0
MP-20-ZF-4419,2022-04-20,2022,Madhya Pradesh,Jabalpur (MP-20),4W,Sedan,Renault,Diesel,BS6,1498.0,5,2,28.28,85.86,0
MH-12-AG-4436,2021-11-29,2021,Maharashtra,Pune (MH-12),4W,MUV,MG,Hybrid,BS6,800.0,7,3,28.89,91.11,0
MH-20-BG-4453,2023-12-14,2023,Maharashtra,Aurangabad (MH-20),4W,SUV,Kia,Diesel,BS6,1598.0,5,1,28.89,91.11,0
MP-04-CG-4470,2022-01-24,2022,Madhya Pradesh,Bhopal (MP-04),4W,SUV,Mahindra,Diesel,BS6,1000.0,5,2,28.28,85.86,0
TS-03-DG-4487,2021-05-06,2021,Telangana,Warangal (TS-03),2W,Motorcycle,Hero,Petrol,BS6,160.0,2,3,40.8,92.8,0
UP-32-EG-4504,2018-10-02,2018,Uttar Pradesh,Lucknow (UP-32),2W,Scooter,TVS,Petrol,BS4,111.8,2,6,47.06,91.91,0
TN-58-FG-4521,2022-12-17,2022,Tamil Nadu,Madurai (TN-58),4W,Sedan,Maruti Suzuki,Hybrid,BS6,1000.0,5,2,26.26,91.92,0
TS-09-GG-4538,2024-10-02,2024,Telangana,Hyderabad (TS-09),4W,MUV,Mahindra,Diesel,BS6,1000.0,7,0,25.47,92.45,0
DL-04-HG-4555,2023-09-06,2023,Delhi,Delhi North (DL-04),4W,MUV,Renault,CNG,BS6,1968.0,7,1,22.58,88.17,0
TN-01-IG-4572,2020-02-21,2020,Tamil Nadu,Chennai Central (TN-01),2W,Scooter,TVS,Petrol,BS4,100.0,2,4,44.68,95.74,1
WB-01-JG-4589,2022-12-01,2022,West Bengal,Kolkata (WB-01),3W,E-Rickshaw,Piaggio,EV,Not Applicable,0.0,4,2,85.0,100.0,0
TN-37-KG-4606,2023-10-27,2023,Tamil Nadu,Coimbatore (TN-37),3W,Tempo,TVS,CNG,BS6,200.0,4,1,82.14,96.43,0
GJ-06-LG-4623,2022-07-22,2022,Gujarat,Vadodara (GJ-06),2W,Scooter,Suzuki,EV,Not Applicable,0.0,2,2,41.43,92.86,0
RJ-27-MG-4640,2022-08-13,2022,Rajasthan,Udaipur (RJ-27),4W,SUV,MG,Diesel,BS6,2179.0,5,2,26.0,89.0,0
KL-02-NG-4657,2022-02-24,2022,Kerala,Kollam (KL-02),3W,Auto Rickshaw,Mahindra,CNG,BS6,225.0,4,2,84.38,93.75,0
UP-65-OG-4674,2024-07-05,2024,Uttar Pradesh,Varanasi (UP-65),HCV,Tanker,Eicher,Diesel,BS6,6700.0,2,0,0.0,85.71,0
WB-01-PG-4691,2021-03-26,2021,West Bengal,Kolkata (WB-01),2W,Motorcycle,KTM,Petrol,BS6,107.7,2,3,39.16,92.31,0
DL-08-QG-4708,2023-04-01,2023,Delhi,Delhi West (DL-08),4W,SUV,Kia,Petrol,BS6,2179.0,5,1,22.58,88.17,0
DL-02-RG-4725,2023-02-20,2023,Delhi,Delhi East (DL-02),2W,Scooter,Honda,Petrol,BS6,90.8,2,1,39.39,90.3,0
TN-01-SG-4742,2019-09-30,2019,Tamil Nadu,Chennai Central (TN-01),2W,Scooter,Ather,EV,Not Applicable,0.0,2,5,44.68,95.74,0
DL-04-TG-4759,2021-10-18,2021,Delhi,Delhi North (DL-04),2W,Motorcycle,Royal Enfield,Petrol,BS6,250.0,2,3,39.39,90.3,0
PB-11-UG-4776,2022-04-29,2022,Punjab,Patiala (PB-11),LCV,Mini Truck,Mahindra,Diesel,BS6,2523.0,2,2,22.22,88.89,0
GJ-18-VG-4793,2022-04-26,2022,Gujarat,Gandhinagar (GJ-18),2W,Scooter,Ola Electric,EV,Not Applicable,0.0,2,2,41.43,92.86,0
RJ-01-WG-4810,2024-02-28,2024,Rajasthan,Ajmer (RJ-01),OTH,Tractor,TAFE,Diesel,BS6,4998.0,2,0,0.0,100.0,0
MH-15-XG-4827,2018-01-26,2018,Maharashtra,Nashik (MH-15),2W,Motorcycle,Royal Enfield,Petrol,BS4,250.0,2,6,50.93,95.37,0
KL-07-YG-4844,2020-03-21,2020,Kerala,Kochi (KL-07),4W,Hatchback,Renault,Diesel,BS4,1498.0,5,4,24.55,90.0,1
KA-22-ZG-4861,2022-07-25,2022,Karnataka,Belgaum (KA-22),2W,Scooter,Ather,EV,Not Applicable,0.0,2,2,49.39,91.46,0
WB-40-AH-4878,2024-11-11,2024,West Bengal,Durgapur (WB-40),4W,SUV,Skoda,Diesel,BS6,2179.0,5,0,23.66,84.95,0
RJ-19-BH-4895,2019-10-07,2019,Rajasthan,Jodhpur (RJ-19),HCV,Bus,Tata Motors,Diesel,BS4,6700.0,32,5,6.67,86.67,0
UP-80-CH-4912,2022-01-05,2022,Uttar Pradesh,Agra (UP-80),3W,Auto Rickshaw,Atul Auto,EV,Not Applicable,0.0,4,2,85.71,85.71,0
WB-13-DH-4929,2019-04-13,2019,West Bengal,Howrah (WB-13),4W,SUV,Honda,Petrol,BS4,1000.0,7,5,23.66,84.95,0
PB-08-EH-4946,2023-08-01,2023,Punjab,Jalandhar (PB-08),OTH,Tractor,John Deere,Diesel,BS6,3760.0,2,1,0.0,100.0,0
PB-02-FH-4963,2022-10-21,2022,Punjab,Amritsar (PB-02),4W,SUV,MG,CNG,BS6,1462.0,5,2,28.17,87.32,0
UP-70-GH-4980,2023-01-07,2023,Uttar Pradesh,Allahabad (UP-70),OTH,Tractor,Mahindra,Diesel,BS6,6700.0,2,1,0.0,75.0,0
UP-65-HH-4997,2021-04-10,2021,Uttar Pradesh,Varanasi (UP-65),2W,Moped,TVS,Petrol,BS6,89.3,2,3,47.06,91.91,0
KA-09-IH-5014,2021-01-25,2021,Karnataka,Mysore (KA-09),2W,Scooter,Ather,EV,Not Applicable,0.0,2,3,49.39,91.46,0
KL-02-JH-5031,2020-06-01,2020,Kerala,Kollam (KL-02),LCV,Mini Truck,Force Motors,CNG,BS6,3298.0,2,4,32.35,94.12,0
RJ-01-KH-5048,2023-10-09,2023,Rajasthan,Ajmer (RJ-01),2W,Moped,Suzuki,Petrol,BS6,93.6,2,1,48.41,92.86,0
TN-30-LH-5065,2023-06-14,2023,Tamil Nadu,Salem (TN-30),LCV,Light Bus,Mahindra,CNG,BS6,3298.0,15,1,40.0,92.0,0
WB-40-MH-5082,2022-11-19,2022,West Bengal,Durgapur (WB-40),2W,Moped,TVS,Petrol,BS6,98.6,2,2,39.16,92.31,0
WB-73-NH-5099,2020-03-03,2020,West Bengal,Siliguri (WB-73),LCV,Mini Truck,Mahindra,EV,Not Applicable,0.0,2,4,39.13,86.96,0
PB-11-OH-5116,2023-05-09,2023,Punjab,Patiala (PB-11),2W,Scooter,Honda,Petrol,BS6,200.0,2,1,41.51,90.57,0
DL-01-PH-5133,2020-08-28,2020,Delhi,Delhi Central (DL-01),2W,Motorcycle,Hero,EV,Not Applicable,0.0,2,4,39.39,90.3,0
UP-70-QH-5150,2023-12-23,2023,Uttar Pradesh,Allahabad (UP-70),4W,SUV,Skoda,Petrol,BS6,1498.0,7,1,19.75,88.89,0
PB-11-RH-5167,2018-11-09,2018,Punjab,Patiala (PB-11),3W,Tempo,TVS,Petrol,BS4,225.0,4,6,76.0,92.0,0
KA-19-SH-5184,2024-08-02,2024,Karnataka,Mangalore (KA-19),3W,Auto Rickshaw,TVS,EV,Not Applicable,0.0,4,0,68.42,94.74,0
KA-01-TH-5201,2020-08-19,2020,Karnataka,Bangalore Central (KA-01),LCV,Mini Truck,Eicher,Diesel,BS6,2523.0,2,4,26.92,88.46,0
KL-07-UH-5218,2021-12-28,2021,Kerala,Kochi (KL-07),2W,Moped,Bajaj,Petrol,BS6,90.5,2,3,44.63,96.69,0
GJ-05-VH-5235,2023-04-28,2023,Gujarat,Surat (GJ-05),4W,SUV,Kia,Petrol,BS6,800.0,5,1,35.37,95.12,0
MP-09-WH-5252,2021-02-18,2021,Madhya Pradesh,Indore (MP-09),2W,Motorcycle,Suzuki,Petrol,BS6,400.0,2,3,40.43,85.11,0
KA-25-XH-5269,2024-03-20,2024,Karnataka,Hubli (KA-25),2W,Motorcycle,Royal Enfield,Petrol,BS6,100.0,2,0,49.39,91.46,0
TN-58-YH-5286,2022-07-30,2022,Tamil Nadu,Madurai (TN-58),2W,Scooter,Hero,Petrol,BS6,200.0,2,2,44.68,95.74,0
KL-01-ZH-5303,2023-08-02,2023,Kerala,Thiruvananthapuram (KL-01),2W,Scooter,Ather,EV,Not Applicable,0.0,2,1,44.63,96.69,0
MH-20-AI-5320,2022-11-14,2022,Maharashtra,Aurangabad (MH-20),4W,SUV,Hyundai,Petrol,BS6,1498.0,5,2,28.89,91.11,0
DL-04-BI-5337,2023-12-18,2023,Delhi,Delhi North (DL-04),2W,Scooter,TVS,Petrol,BS6,160.0,2,1,39.39,90.3,0
MH-20-CI-5354,2023-02-06,2023,Maharashtra,Aurangabad (MH-20),LCV,Mini Truck,Force Motors,Diesel,BS6,2523.0,2,1,22.58,90.32,0
DL-08-DI-5371,2023-03-31,2023,Delhi,Delhi West (DL-08),2W,Motorcycle,Royal Enfield,Petrol,BS6,100.0,2,1,39.39,90.3,0
MP-09-EI-5388,2022-11-04,2022,Madhya Pradesh,Indore (MP-09),2W,Scooter,Suzuki,EV,Not Applicable,0.0,2,2,40.43,85.11,0
TN-45-FI-5405,2019-02-18,2019,Tamil Nadu,Trichy (TN-45),2W,Scooter,Ather,EV,Not Applicable,0.0,2,5,44.68,95.74,0
MP-13-GI-5422,2018-04-30,2018,Madhya Pradesh,Ujjain (MP-13),4W,Sedan,Skoda,EV,Not Applicable,0.0,5,6,28.28,85.86,0
GJ-05-HI-5439,2020-04-06,2020,Gujarat,Surat (GJ-05),2W,Scooter,Suzuki,Petrol,BS6,160.0,2,4,41.43,92.86,0
UP-78-II-5456,2022-05-12,2022,Uttar Pradesh,Kanpur (UP-78),2W,Scooter,Ather,EV,Not Applicable,0.0,2,2,47.06,91.91,0
WB-40-JI-5473,2022-05-11,2022,West Bengal,Durgapur (WB-40),2W,Scooter,Ather,EV,Not Applicable,0.0,2,2,39.16,92.31,0
TS-01-KI-5490,2021-10-15,2021,Telangana,Karimnagar (TS-01),4W,SUV,Kia,Petrol,BS6,1197.0,7,3,25.47,92.45,0
PB-10-LI-5507,2021-01-12,2021,Punjab,Ludhiana (PB-10),4W,SUV,Maruti Suzuki,Diesel,BS6,1598.0,7,3,28.17,87.32,0
TS-07-MI-5524,2024-11-19,2024,Telangana,Khammam (TS-07),4W,SUV,Skoda,Petrol,BS6,800.0,7,0,25.47,92.45,0
PB-08-NI-5541,2020-02-19,2020,Punjab,Jalandhar (PB-08),4W,MUV,Kia,Diesel,BS4,2179.0,7,4,28.17,87.32,1
RJ-14-OI-5558,2020-10-30,2020,Rajasthan,Jaipur (RJ-14),2W,Scooter,Ather,EV,Not Applicable,0.0,2,4,48.41,92.86,0
RJ-20-PI-5575,2024-11-08,2024,Rajasthan,Kota (RJ-20),2W,Motorcycle,KTM,Petrol,BS6,110.4,2,0,48.41,92.86,0
MP-20-QI-5592,2022-10-24,2022,Madhya Pradesh,Jabalpur (MP-20),3W,E-Rickshaw,Mahindra,EV,Not Applicable,0.0,4,2,79.31,89.66,0
MH-15-RI-5609,2022-05-14,2022,Maharashtra,Nashik (MH-15),4W,MUV,Maruti Suzuki,Diesel,BS6,2179.0,5,2,28.89,91.11,0
KA-01-SI-5626,2023-08-18,2023,Karnataka,Bangalore Central (KA-01),HCV,Bus,Eicher,Diesel,BS6,3760.0,32,1,0.0,96.15,0
UP-65-TI-5643,2021-06-23,2021,Uttar Pradesh,Varanasi (UP-65),4W,MUV,Honda,Hybrid,BS6,1000.0,7,3,19.75,88.89,0
MH-01-UI-5660,2022-12-16,2022,Maharashtra,Mumbai Central (MH-01),2W,Motorcycle,Royal Enfield,Petrol,BS6,91.5,2,2,50.93,95.37,0
DL-08-VI-5677,2024-09-21,2024,Delhi,Delhi West (DL-08),4W,SUV,Skoda,EV,Not Applicable,0.0,5,0,22.58,88.17,0
GJ-06-WI-5694,2021-10-23,2021,Gujarat,Vadodara (GJ-06),4W,Hatchback,Toyota,Diesel,BS6,1462.0,5,3,35.37,95.12,0
RJ-20-XI-5711,2023-02-06,2023,Rajasthan,Kota (RJ-20),2W,Motorcycle,Royal Enfield,Petrol,BS6,96.3,2,1,48.41,92.86,0
KL-02-YI-5728,2021-03-08,2021,Kerala,Kollam (KL-02),4W,SUV,MG,Petrol,BS6,1598.0,5,3,24.55,90.0,0
MP-09-ZI-5745,2020-06-03,2020,Madhya Pradesh,Indore (MP-09),4W,MUV,Honda,Hybrid,BS6,1462.0,5,4,28.28,85.86,0
MP-20-AJ-5762,2021-07-28,2021,Madhya Pradesh,Jabalpur (MP-20),4W,Sedan,Renault,EV,Not Applicable,0.0,5,3,28.28,85.86,0
MP-20-BJ-5779,2018-01-12,2018,Madhya Pradesh,Jabalpur (MP-20),2W,Scooter,Yamaha,Petrol,BS4,104.6,2,6,40.43,85.11,0
TN-30-CJ-5796,2019-11-29,2019,Tamil Nadu,Salem (TN-30),4W,SUV,Skoda,Diesel,BS4,1462.0,5,5,26.26,91.92,0
GJ-18-DJ-5813,2021-09-01,2021,Gujarat,Gandhinagar (GJ-18),LCV,Mini Truck,Force Motors,Diesel,BS6,2523.0,2,3,53.33,73.33,0
UP-80-EJ-5830,2022-06-06,2022,Uttar Pradesh,Agra (UP-80),2W,Motorcycle,Bajaj,Petrol,BS6,160.0,2,2,47.06,91.91,0
DL-09-FJ-5847,2023-05-06,2023,Delhi,Delhi South (DL-09),2W,Scooter,Ola Electric,EV,Not Applicable,0.0,2,1,39.39,90.3,0
KA-22-GJ-5864,2021-08-04,2021,Karnataka,Belgaum (KA-22),2W,Motorcycle,Bajaj,Petrol,BS6,110.0,2,3,49.39,91.46,0
WB-01-HJ-5881,2021-08-25,2021,West Bengal,Kolkata (WB-01),2W,Motorcycle,Honda,EV,Not Applicable,0.0,2,3,39.16,92.31,0
UP-78-IJ-5898,2024-10-02,2024,Uttar Pradesh,Kanpur (UP-78),4W,Sedan,Honda,Petrol,BS6,1598.0,5,0,19.75,88.89,0
TS-07-JJ-5915,2023-09-11,2023,Telangana,Khammam (TS-07),LCV,Light Bus,Eicher,Diesel,BS6,3298.0,15,1,0.0,84.62,0
GJ-06-KJ-5932,2021-07-01,2021,Gujarat,Vadodara (GJ-06),4W,SUV,Renault,EV,Not Applicable,0.0,7,3,35.37,95.12,0
KL-08-LJ-5949,2021-10-13,2021,Kerala,Thrissur (KL-08),4W,SUV,Mahindra,Diesel,BS6,2179.0,5,3,24.55,90.0,0
MH-31-MJ-5966,2022-06-07,2022,Maharashtra,Nagpur (MH-31),LCV,Mini Truck,Force Motors,Diesel,BS6,2956.0,2,2,22.58,90.32,0
DL-08-NJ-5983,2020-04-16,2020,Delhi,Delhi West (DL-08),2W,Motorcycle,KTM,Petrol,BS6,100.0,2,4,39.39,90.3,0
PB-11-OJ-6000,2024-01-18,2024,Punjab,Patiala (PB-11),2W,Motorcycle,Hero,EV,Not Applicable,0.0,2,0,41.51,90.57,0
RJ-27-PJ-6017,2023-05-15,2023,Rajasthan,Udaipur (RJ-27),2W,Moped,TVS,Petrol,BS6,96.2,2,1,48.41,92.86,0
DL-09-QJ-6034,2020-04-13,2020,Delhi,Delhi South (DL-09),OTH,Tractor,Sonalika,Diesel,BS6,4998.0,2,4,0.0,100.0,0
UP-32-RJ-6051,2022-02-10,2022,Uttar Pradesh,Lucknow (UP-32),4W,Hatchback,Maruti Suzuki,Petrol,BS6,1000.0,5,2,19.75,88.89,0
KL-07-SJ-6068,2019-11-04,2019,Kerala,Kochi (KL-07),4W,SUV,Honda,Petrol,BS4,1498.0,7,5,24.55,90.0,0
RJ-14-TJ-6085,2020-05-21,2020,Rajasthan,Jaipur (RJ-14),2W,Motorcycle,Yamaha,EV,Not Applicable,0.0,2,4,48.41,92.86,0
UP-32-UJ-6102,2022-09-19,2022,Uttar Pradesh,Lucknow (UP-32),2W,Motorcycle,KTM,EV,Not Applicable,0.0,2,2,47.06,91.91,0
TS-01-VJ-6119,2022-12-10,2022,Telangana,Karimnagar (TS-01),4W,SUV,MG,Hybrid,BS6,1968.0,7,2,25.47,92.45,0
KL-02-WJ-6136,2021-10-28,2021,Kerala,Kollam (KL-02),2W,Scooter,TVS,Petrol,BS6,200.0,2,3,44.63,96.69,0
MH-20-XJ-6153,2020-12-21,2020,Maharashtra,Aurangabad (MH-20),4W,SUV,Kia,EV,Not Applicable,0.0,5,4,28.89,91.11,0
KL-07-YJ-6170,2024-06-10,2024,Kerala,Kochi (KL-07),4W,SUV,MG,Diesel,BS6,1498.0,5,0,24.55,90.0,0
MP-09-ZJ-6187,2019-07-01,2019,Madhya Pradesh,Indore (MP-09),4W,MUV,Tata Motors,Petrol,BS4,1000.0,7,5,28.28,85.86,0
KA-22-AK-6204,2021-04-20,2021,Karnataka,Belgaum (KA-22),2W,Motorcycle,Royal Enfield,EV,Not Applicable,0.0,2,3,49.39,91.46,0
CH-01-BK-6221,2020-06-02,2020,Chandigarh,Chandigarh (CH-01),2W,Scooter,Ather,EV,Not Applicable,0.0,2,4,40.62,90.62,0
TN-01-CK-6238,2019-12-11,2019,Tamil Nadu,Chennai Central (TN-01),2W,Motorcycle,Royal Enfield,Petrol,BS4,87.5,2,5,44.68,95.74,0
KL-07-DK-6255,2024-12-16,2024,Kerala,Kochi (KL-07),4W,MUV,Mahindra,Diesel,BS6,1968.0,7,0,24.55,90.0,0
GJ-03-EK-6272,2024-02-09,2024,Gujarat,Rajkot (GJ-03),3W,Auto Rickshaw,Piaggio,CNG,BS6,225.0,4,0,89.47,100.0,0
TN-58-FK-6289,2023-02-10,2023,Tamil Nadu,Madurai (TN-58),3W,Auto Rickshaw,TVS,Diesel,BS6,250.0,4,1,82.14,96.43,0
PB-11-GK-6306,2019-11-05,2019,Punjab,Patiala (PB-11),4W,SUV,Tata Motors,EV,Not Applicable,0.0,7,5,28.17,87.32,0
PB-11-HK-6323,2023-02-08,2023,Punjab,Patiala (PB-11),2W,Scooter,Ather,EV,Not Applicable,0.0,2,1,41.51,90.57,0
TS-01-IK-6340,2022-11-14,2022,Telangana,Karimnagar (TS-01),2W,Scooter,Honda,Petrol,BS6,85.7,2,2,40.8,92.8,0
DL-09-JK-6357,2021-10-20,2021,Delhi,Delhi South (DL-09),2W,Motorcycle,Ola Electric,EV,Not Applicable,0.0,2,3,39.39,90.3,0
TS-09-KK-6374,2023-04-07,2023,Telangana,Hyderabad (TS-09),4W,Sedan,Renault,Petrol,BS6,1498.0,5,1,25.47,92.45,0
KL-02-LK-6391,2019-07-09,2019,Kerala,Kollam (KL-02),OTH,Tractor,John Deere,Diesel,BS4,4998.0,2,5,0.0,62.5,0
KL-07-MK-6408,2024-02-02,2024,Kerala,Kochi (KL-07),OTH,Tractor,Escorts,Diesel,BS6,6700.0,2,0,0.0,62.5,0
TN-30-NK-6425,2021-02-15,2021,Tamil Nadu,Salem (TN-30),LCV,Pickup Van,Tata Motors,Diesel,BS6,2956.0,2,3,40.0,92.0,0
KA-25-OK-6442,2024-06-13,2024,Karnataka,Hubli (KA-25),LCV,Pickup Van,Ashok Leyland,Diesel,BS6,2956.0,2,0,26.92,88.46,0
DL-01-PK-6459,2022-12-10,2022,Delhi,Delhi Central (DL-01),4W,SUV,Maruti Suzuki,Diesel,BS6,1000.0,5,2,22.58,88.17,0
PB-08-QK-6476,2023-08-22,2023,Punjab,Jalandhar (PB-08),2W,Motorcycle,Royal Enfield,EV,Not Applicable,0.0,2,1,41.51,90.57,0
KL-08-RK-6493,2019-04-05,2019,Kerala,Thrissur (KL-08),2W,Scooter,Yamaha,Petrol,BS4,160.0,2,5,44.63,96.69,0
CH-01-SK-6510,2021-08-02,2021,Chandigarh,Chandigarh (CH-01),2W,Scooter,Ola Electric,EV,Not Applicable,0.0,2,3,40.62,90.62,0
MP-04-TK-6527,2024-07-15,2024,Madhya Pradesh,Bhopal (MP-04),HCV,Truck,Tata Motors,Diesel,BS6,6700.0,2,0,4.76,85.71,0
KA-01-UK-6544,2019-05-09,2019,Karnataka,Bangalore Central (KA-01),2W,Scooter,Ather,EV,Not Applicable,0.0,2,5,49.39,91.46,0
KL-01-VK-6561,2024-12-17,2024,Kerala,Thiruvananthapuram (KL-01),2W,Motorcycle,Suzuki,EV,Not Applicable,0.0,2,0,44.63,96.69,0
MP-20-WK-6578,2023-11-13,2023,Madhya Pradesh,Jabalpur (MP-20),2W,Scooter,Suzuki,Petrol,BS6,105.9,2,1,40.43,85.11,0
UP-78-XK-6595,2022-02-14,2022,Uttar Pradesh,Kanpur (UP-78),2W,Motorcycle,Royal Enfield,EV,Not Applicable,0.0,2,2,47.06,91.91,0
MH-31-YK-6612,2019-10-10,2019,Maharashtra,Nagpur (MH-31),4W,Sedan,Toyota,Diesel,BS4,2179.0,5,5,28.89,91.11,0
KL-07-ZK-6629,2023-10-14,2023,Kerala,Kochi (KL-07),2W,Motorcycle,Hero,EV,Not Applicable,0.0,2,1,44.63,96.69,0
PB-08-AL-6646,2022-03-16,2022,Punjab,Jalandhar (PB-08),4W,SUV,Mahindra,CNG,BS6,1598.0,5,2,28.17,87.32,0
GJ-06-BL-6663,2023-11-25,2023,Gujarat,Vadodara (GJ-06),2W,Moped,Hero,Petrol,BS6,100.0,2,1,41.43,92.86,0
KL-07-CL-6680,2018-01-15,2018,Kerala,Kochi (KL-07),HCV,Tanker,Tata Motors,Diesel,BS4,4998.0,2,6,0.0,84.0,0
GJ-01-DL-6697,2021-12-21,2021,Gujarat,Ahmedabad (GJ-01),2W,Motorcycle,Royal Enfield,EV,Not Applicable,0.0,2,3,41.43,92.86,0
RJ-14-EL-6714,2023-10-27,2023,Rajasthan,Jaipur (RJ-14),4W,SUV,Kia,Petrol,BS6,1498.0,5,1,26.0,89.0,0
UP-65-FL-6731,2019-06-18,2019,Uttar Pradesh,Varanasi (UP-65),HCV,Trailer,Ashok Leyland,Diesel,BS4,5660.0,2,5,0.0,85.71,0
TN-37-GL-6748,2024-07-15,2024,Tamil Nadu,Coimbatore (TN-37),3W,E-Rickshaw,Atul Auto,EV,Not Applicable,0.0,4,0,82.14,96.43,0
KL-02-HL-6765,2021-08-02,2021,Kerala,Kollam (KL-02),4W,Sedan,Hyundai,Petrol,BS6,1197.0,5,3,24.55,90.0,0
CH-01-IL-6782,2021-09-04,2021,Chandigarh,Chandigarh (CH-01),LCV,Mini Truck,Mahindra,CNG,BS6,3298.0,2,3,60.0,100.0,0
WB-01-JL-6799,2018-03-05,2018,West Bengal,Kolkata (WB-01),4W,SUV,Mahindra,Diesel,BS4,1498.0,5,6,23.66,84.95,0
KL-07-KL-6816,2022-03-04,2022,Kerala,Kochi (KL-07),4W,SUV,Kia,Petrol,BS6,1498.0,7,2,24.55,90.0,0
CH-01-LL-6833,2019-10-29,2019,Chandigarh,Chandigarh (CH-01),HCV,Bus,Volvo,Diesel,BS4,5660.0,32,5,0.0,0.0,0
KL-08-ML-6850,2021-03-06,2021,Kerala,Thrissur (KL-08),3W,Tempo,Bajaj,EV,Not Applicable,0.0,4,3,84.38,93.75,0
MH-20-NL-6867,2023-07-31,2023,Maharashtra,Aurangabad (MH-20),2W,Scooter,Ather,EV,Not Applicable,0.0,2,1,50.93,95.37,0
UP-78-OL-6884,2023-10-02,2023,Uttar Pradesh,Kanpur (UP-78),4W,Sedan,Toyota,Hybrid,BS6,1197.0,5,1,19.75,88.89,0
TS-03-PL-6901,2020-07-10,2020,Telangana,Warangal (TS-03),4W,Hatchback,Hyundai,Diesel,BS6,1462.0,5,4,25.47,92.45,0
UP-70-QL-6918,2021-09-06,2021,Uttar Pradesh,Allahabad (UP-70),3W,E-Rickshaw,Atul Auto,EV,Not Applicable,0.0,4,3,85.71,85.71,0
WB-39-RL-6935,2023-09-04,2023,West Bengal,Asansol (WB-39),2W,Motorcycle,Royal Enfield,Petrol,BS6,160.0,2,1,39.16,92.31,0
KL-11-SL-6952,2019-11-22,2019,Kerala,Kozhikode (KL-11),4W,MUV,Toyota,Petrol,BS4,1462.0,5,5,24.55,90.0,0
WB-40-TL-6969,2023-12-25,2023,West Bengal,Durgapur (WB-40),LCV,Light Bus,Ashok Leyland,CNG,BS6,2956.0,12,1,39.13,86.96,0
TS-01-UL-6986,2023-09-27,2023,Telangana,Karimnagar (TS-01),HCV,Truck,MAN,Diesel,BS6,6700.0,2,1,7.14,92.86,0
UP-65-VL-7003,2022-05-12,2022,Uttar Pradesh,Varanasi (UP-65),2W,Motorcycle,Honda,EV,Not Applicable,0.0,2,2,47.06,91.91,0
DL-08-WL-7020,2023-11-25,2023,Delhi,Delhi West (DL-08),4W,SUV,Toyota,Petrol,BS6,1968.0,7,1,22.58,88.17,0
KA-22-XL-7037,2022-01-05,2022,Karnataka,Belgaum (KA-22),2W,Scooter,Ola Electric,EV,Not Applicable,0.0,2,2,49.39,91.46,0
PB-10-YL-7054,2023-04-10,2023,Punjab,Ludhiana (PB-10),2W,Moped,TVS,Petrol,BS6,100.0,2,1,41.51,90.57,0
KA-25-ZL-7071,2020-05-23,2020,Karnataka,Hubli (KA-25),4W,Sedan,Tata Motors,Petrol,BS6,1462.0,5,4,25.89,89.29,0
GJ-18-AM-7088,2018-09-24,2018,Gujarat,Gandhinagar (GJ-18),2W,Scooter,Suzuki,EV,Not Applicable,0.0,2,6,41.43,92.86,0
UP-32-BM-7105,2023-06-03,2023,Uttar Pradesh,Lucknow (UP-32),HCV,Truck,Volvo,Diesel,BS6,5660.0,2,1,0.0,85.71,0
KA-25-CM-7122,2023-07-24,2023,Karnataka,Hubli (KA-25),LCV,Pickup Van,Mahindra,Diesel,BS6,2956.0,2,1,26.92,88.46,0
WB-01-DM-7139,2021-06-26,2021,West Bengal,Kolkata (WB-01),HCV,Trailer,Volvo,Diesel,BS6,4998.0,2,3,0.0,91.67,0
TN-30-EM-7156,2024-11-20,2024,Tamil Nadu,Salem (TN-30),2W,Motorcycle,KTM,Petrol,BS6,125.0,2,0,44.68,95.74,0
WB-13-FM-7173,2024-11-15,2024,West Bengal,Howrah (WB-13),2W,Scooter,Bajaj,Petrol,BS6,160.0,2,0,39.16,92.31,0
KA-01-GM-7190,2021-11-17,2021,Karnataka,Bangalore Central (KA-01),4W,Sedan,Renault,Diesel,BS6,1197.0,5,3,25.89,89.29,0
KL-01-HM-7207,2023-12-04,2023,Kerala,Thiruvananthapuram (KL-01),2W,Motorcycle,Yamaha,Petrol,BS6,150.0,2,1,44.63,96.69,0
TS-03-IM-7224,2021-10-09,2021,Telangana,Warangal (TS-03),LCV,Light Bus,Force Motors,Diesel,BS6,2956.0,15,3,0.0,84.62,0
TN-30-JM-7241,2021-11-25,2021,Tamil Nadu,Salem (TN-30),2W,Scooter,Bajaj,EV,Not Applicable,0.0,2,3,44.68,95.74,0
GJ-06-KM-7258,2022-09-05,2022,Gujarat,Vadodara (GJ-06),4W,SUV,MG,CNG,BS6,1598.0,5,2,35.37,95.12,0
MP-13-LM-7275,2019-07-11,2019,Madhya Pradesh,Ujjain (MP-13),4W,Hatchback,Skoda,Diesel,BS4,1598.0,5,5,28.28,85.86,0
TN-45-MM-7292,2023-03-27,2023,Tamil Nadu,Trichy (TN-45),4W,SUV,Kia,Petrol,BS6,1598.0,7,1,26.26,91.92,0
MP-04-NM-7309,2022-12-10,2022,Madhya Pradesh,Bhopal (MP-04),2W,Scooter,Ola Electric,EV,Not Applicable,0.0,2,2,40.43,85.11,0
TS-05-OM-7326,2022-07-14,2022,Telangana,Nizamabad (TS-05),4W,MUV,Kia,Diesel,BS6,1598.0,5,2,25.47,92.45,0
WB-01-PM-7343,2023-04-18,2023,West Bengal,Kolkata (WB-01),2W,Scooter,Ola Electric,EV,Not Applicable,0.0,2,1,39.16,92.31,0
DL-04-QM-7360,2024-03-30,2024,Delhi,Delhi North (DL-04),4W,SUV,Hyundai,Diesel,BS6,1197.0,5,0,22.58,88.17,0
PB-02-RM-7377,2024-05-03,2024,Punjab,Amritsar (PB-02),4W,SUV,MG,Diesel,BS6,1498.0,5,0,28.17,87.32,0
RJ-19-SM-7394,2024-01-25,2024,Rajasthan,Jodhpur (RJ-19),2W,Motorcycle,KTM,Petrol,BS6,110.0,2,0,48.41,92.86,0
KA-25-TM-7411,2023-05-15,2023,Karnataka,Hubli (KA-25),4W,MUV,MG,Petrol,BS6,1462.0,5,1,25.89,89.29,0
MP-07-UM-7428,2021-08-28,2021,Madhya Pradesh,Gwalior (MP-07),4W,MUV,Tata Motors,Petrol,BS6,1462.0,7,3,28.28,85.86,0
UP-80-VM-7445,2024-09-06,2024,Uttar Pradesh,Agra (UP-80),2W,Motorcycle,Royal Enfield,EV,Not Applicable,0.0,2,0,47.06,91.91,0
KA-19-WM-7462,2022-03-19,2022,Karnataka,Mangalore (KA-19),4W,SUV,MG,Petrol,BS6,1462.0,7,2,25.89,89.29,0
TS-05-XM-7479,2023-10-26,2023,Telangana,Nizamabad (TS-05),HCV,Trailer,Eicher,Diesel,BS6,5660.0,2,1,7.14,92.86,0
KL-02-YM-7496,2019-07-26,2019,Kerala,Kollam (KL-02),2W,Scooter,Yamaha,EV,Not Applicable,0.0,2,5,44.63,96.69,0
TN-45-ZM-7513,2020-05-02,2020,Tamil Nadu,Trichy (TN-45),4W,SUV,Hyundai,Hybrid,BS6,1462.0,7,4,26.26,91.92,0
WB-01-AN-7530,2021-08-16,2021,West Bengal,Kolkata (WB-01),2W,Scooter,Honda,Petrol,BS6,110.0,2,3,39.16,92.31,0
GJ-03-BN-7547,2019-06-13,2019,Gujarat,Rajkot (GJ-03),4W,MUV,Mahindra,Petrol,BS4,1598.0,5,5,35.37,95.12,0
TS-03-CN-7564,2023-03-04,2023,Telangana,Warangal (TS-03),3W,E-Rickshaw,TVS,EV,Not Applicable,0.0,4,1,81.25,100.0,0
DL-09-DN-7581,2022-12-14,2022,Delhi,Delhi South (DL-09),4W,Hatchback,Maruti Suzuki,Petrol,BS6,800.0,5,2,22.58,88.17,0
KA-19-EN-7598,2023-10-23,2023,Karnataka,Mangalore (KA-19),4W,MUV,MG,CNG,BS6,800.0,7,1,25.89,89.29,0
TS-01-FN-7615,2021-07-23,2021,Telangana,Karimnagar (TS-01),4W,Sedan,Renault,Diesel,BS6,1197.0,5,3,25.47,92.45,0
KL-11-GN-7632,2023-08-07,2023,Kerala,Kozhikode (KL-11),4W,Sedan,Renault,Hybrid,BS6,2179.0,5,1,24.55,90.0,0
MP-09-HN-7649,2024-12-10,2024,Madhya Pradesh,Indore (MP-09),2W,Motorcycle,Suzuki,EV,Not Applicable,0.0,2,0,40.43,85.11,0
KL-02-IN-7666,2022-10-01,2022,Kerala,Kollam (KL-02),4W,SUV,MG,Petrol,BS6,1498.0,5,2,24.55,90.0,0
GJ-01-JN-7683,2023-01-04,2023,Gujarat,Ahmedabad (GJ-01),HCV,Bus,Volvo,Diesel,BS6,3760.0,32,1,0.0,100.0,0
DL-01-KN-7700,2023-04-27,2023,Delhi,Delhi Central (DL-01),4W,SUV,Tata Motors,Diesel,BS6,1968.0,7,1,22.58,88.17,0
MP-09-LN-7717,2022-12-22,2022,Madhya Pradesh,Indore (MP-09),2W,Scooter,Ola Electric,EV,Not Applicable,0.0,2,2,40.43,85.11,0
TS-09-MN-7734,2018-12-11,2018,Telangana,Hyderabad (TS-09),2W,Moped,Hero,Petrol,BS4,86.8,2,6,40.8,92.8,0
RJ-27-NN-7751,2023-03-31,2023,Rajasthan,Udaipur (RJ-27),LCV,Light Bus,Mahindra,Diesel,BS6,3298.0,15,1,40.91,72.73,0
MP-20-ON-7768,2024-02-05,2024,Madhya Pradesh,Jabalpur (MP-20),2W,Motorcycle,KTM,EV,Not Applicable,0.0,2,0,40.43,85.11,0
TS-07-PN-7785,2023-03-07,2023,Telangana,Khammam (TS-07),2W,Scooter,Honda,Petrol,BS6,102.6,2,1,40.8,92.8,0
TN-01-QN-7802,2024-02-12,2024,Tamil Nadu,Chennai Central (TN-01),2W,Moped,TVS,Petrol,BS6,94.7,2,0,44.68,95.74,0
PB-08-RN-7819,2024-06-12,2024,Punjab,Jalandhar (PB-08),4W,Sedan,Toyota,CNG,BS6,2179.0,5,0,28.17,87.32,0
MP-07-SN-7836,2021-05-24,2021,Madhya Pradesh,Gwalior (MP-07),2W,Scooter,Bajaj,Petrol,BS6,160.0,2,3,40.43,85.11,0
KA-01-TN-7853,2024-06-24,2024,Karnataka,Bangalore Central (KA-01),3W,Tempo,Atul Auto,EV,Not Applicable,0.0,4,0,68.42,94.74,0
UP-65-UN-7870,2018-11-28,2018,Uttar Pradesh,Varanasi (UP-65),2W,Motorcycle,Yamaha,Petrol,BS4,400.0,2,6,47.06,91.91,0
KA-22-VN-7887,2021-10-02,2021,Karnataka,Belgaum (KA-22),2W,Moped,Suzuki,EV,Not Applicable,0.0,2,3,49.39,91.46,0
WB-01-WN-7904,2018-05-14,2018,West Bengal,Kolkata (WB-01),2W,Moped,TVS,Petrol,BS4,91.2,2,6,39.16,92.31,0
DL-02-XN-7921,2019-03-28,2019,Delhi,Delhi East (DL-02),2W,Scooter,Hero,Petrol,BS4,101.8,2,5,39.39,90.3,0
DL-04-YN-7938,2024-05-29,2024,Delhi,Delhi North (DL-04),2W,Scooter,Ather,EV,Not Applicable,0.0,2,0,39.39,90.3,0
WB-01-ZN-7955,2023-02-25,2023,West Bengal,Kolkata (WB-01),4W,Hatchback,Honda,Petrol,BS6,1211.3,5,1,23.66,84.95,0
WB-73-AO-7972,2022-09-05,2022,West Bengal,Siliguri (WB-73),2W,Moped,Yamaha,Petrol,BS6,97.1,2,2,39.16,92.31,0
MP-20-BO-7989,2018-09-26,2018,Madhya Pradesh,Jabalpur (MP-20),2W,Motorcycle,KTM,Petrol,BS4,400.0,2,6,40.43,85.11,0
UP-70-CO-8006,2021-04-24,2021,Uttar Pradesh,Allahabad (UP-70),2W,Scooter,Honda,EV,Not Applicable,0.0,2,3,47.06,91.91,0
DL-02-DO-8023,2020-08-27,2020,Delhi,Delhi East (DL-02),2W,Scooter,Yamaha,Petrol,BS6,160.0,2,4,39.39,90.3,0
KA-22-EO-8040,2023-04-29,2023,Karnataka,Belgaum (KA-22),4W,MUV,Maruti Suzuki,Diesel,BS6,800.0,7,1,25.89,89.29,0
GJ-18-FO-8057,2018-03-08,2018,Gujarat,Gandhinagar (GJ-18),2W,Motorcycle,KTM,EV,Not Applicable,0.0,2,6,41.43,92.86,0
MP-04-GO-8074,2022-07-11,2022,Madhya Pradesh,Bhopal (MP-04),4W,MUV,Maruti Suzuki,Petrol,BS6,1462.0,5,2,28.28,85.86,0
DL-04-HO-8091,2022-08-25,2022,Delhi,Delhi North (DL-04),OTH,Tractor,Escorts,Diesel,BS6,5660.0,2,2,0.0,100.0,0
KA-25-IO-8108,2023-03-13,2023,Karnataka,Hubli (KA-25),HCV,Truck,Eicher,Diesel,BS6,5660.0,2,1,0.0,96.15,0
UP-32-JO-8125,2023-01-13,2023,Uttar Pradesh,Lucknow (UP-32),2W,Motorcycle,Suzuki,EV,Not Applicable,0.0,2,1,47.06,91.91,0
KL-02-KO-8142,2020-04-28,2020,Kerala,Kollam (KL-02),3W,E-Rickshaw,Atul Auto,EV,Not Applicable,0.0,4,4,84.38,93.75,0
TS-03-LO-8159,2023-02-13,2023,Telangana,Warangal (TS-03),4W,SUV,Mahindra,EV,Not Applicable,0.0,7,1,25.47,92.45,0
RJ-27-MO-8176,2021-07-13,2021,Rajasthan,Udaipur (RJ-27),2W,Scooter,Honda,EV,Not Applicable,0.0,2,3,48.41,92.86,0
DL-08-NO-8193,2018-02-15,2018,Delhi,Delhi West (DL-08),2W,Motorcycle,Honda,Petrol,BS4,125.0,2,6,39.39,90.3,0
TS-03-OO-8210,2022-10-26,2022,Telangana,Warangal (TS-03),2W,Scooter,Yamaha,Petrol,BS6,111.5,2,2,40.8,92.8,0
PB-11-PO-8227,2024-02-21,2024,Punjab,Patiala (PB-11),2W,Motorcycle,Yamaha,Petrol,BS6,350.0,2,0,41.51,90.57,0
WB-01-QO-8244,2018-09-14,2018,West Bengal,Kolkata (WB-01),LCV,Light Bus,Tata Motors,Diesel,BS4,2956.0,15,6,39.13,86.96,0
PB-02-RO-8261,2021-05-10,2021,Punjab,Amritsar (PB-02),2W,Scooter,Suzuki,Petrol,BS6,112.9,2,3,41.51,90.57,0
DL-09-SO-8278,2021-03-01,2021,Delhi,Delhi South (DL-09),4W,SUV,Mahindra,Diesel,BS6,1462.0,5,3,22.58,88.17,0
UP-65-TO-8295,2018-04-25,2018,Uttar Pradesh,Varanasi (UP-65),3W,Tempo,Mahindra,CNG,BS4,250.0,4,6,85.71,85.71,0
MP-13-UO-8312,2023-05-02,2023,Madhya Pradesh,Ujjain (MP-13),4W,MUV,Mahindra,Petrol,BS6,800.0,7,1,28.28,85.86,0
DL-02-VO-8329,2024-05-15,2024,Delhi,Delhi East (DL-02),2W,Motorcycle,KTM,Petrol,BS6,200.0,2,0,39.39,90.3,0
KA-01-WO-8346,2022-08-13,2022,Karnataka,Bangalore Central (KA-01),2W,Scooter,Ather,EV,Not Applicable,0.0,2,2,49.39,91.46,0
KA-22-XO-8363,2024-03-25,2024,Karnataka,Belgaum (KA-22),2W,Scooter,Suzuki,Petrol,BS6,122.2,2,0,49.39,91.46,0
MH-15-YO-8380,2024-07-30,2024,Maharashtra,Nashik (MH-15),4W,SUV,Skoda,EV,Not Applicable,0.0,5,0,28.89,91.11,0
KA-01-ZO-8397,2021-07-05,2021,Karnataka,Bangalore Central (KA-01),3W,Tempo,Mahindra,Diesel,BS6,250.0,4,3,68.42,94.74,0
KL-11-AP-8414,2022-03-19,2022,Kerala,Kozhikode (KL-11),2W,Scooter,TVS,EV,Not Applicable,0.0,2,2,44.63,96.69,0
UP-70-BP-8431,2024-01-13,2024,Uttar Pradesh,Allahabad (UP-70),2W,Moped,Yamaha,Petrol,BS6,89.5,2,0,47.06,91.91,0
CH-01-CP-8448,2024-08-01,2024,Chandigarh,Chandigarh (CH-01),4W,SUV,Honda,Diesel,BS6,800.0,7,0,12.5,83.33,0
UP-70-DP-8465,2020-07-28,2020,Uttar Pradesh,Allahabad (UP-70),4W,Sedan,Honda,Petrol,BS6,1462.0,5,4,19.75,88.89,0
MH-20-EP-8482,2022-08-29,2022,Maharashtra,Aurangabad (MH-20),4W,MUV,MG,Diesel,BS6,800.0,7,2,28.89,91.11,0
PB-11-FP-8499,2020-10-28,2020,Punjab,Patiala (PB-11),LCV,Pickup Van,Mahindra,Diesel,BS6,2956.0,2,4,22.22,88.89,0
WB-01-GP-8516,2023-03-06,2023,West Bengal,Kolkata (WB-01),4W,Hatchback,Maruti Suzuki,Diesel,BS6,1197.0,5,1,23.66,84.95,0
TN-37-HP-8533,2024-03-26,2024,Tamil Nadu,Coimbatore (TN-37),4W,Hatchback,Honda,Diesel,BS6,1498.0,5,0,26.26,91.92,0
TN-37-IP-8550,2020-04-27,2020,Tamil Nadu,Coimbatore (TN-37),2W,Motorcycle,Hero,Petrol,BS6,160.0,2,4,44.68,95.74,0
GJ-03-JP-8567,2022-12-29,2022,Gujarat,Rajkot (GJ-03),2W,Scooter,Hero,Petrol,BS6,150.0,2,2,41.43,92.86,0
MP-04-KP-8584,2021-07-20,2021,Madhya Pradesh,Bhopal (MP-04),2W,Scooter,TVS,Petrol,BS6,200.0,2,3,40.43,85.11,0
TN-45-LP-8601,2020-01-25,2020,Tamil Nadu,Trichy (TN-45),2W,Scooter,Ather,EV,Not Applicable,0.0,2,4,44.68,95.74,0
UP-80-MP-8618,2022-06-24,2022,Uttar Pradesh,Agra (UP-80),2W,Moped,Yamaha,Petrol,BS6,91.3,2,2,47.06,91.91,0
KA-01-NP-8635,2021-03-15,2021,Karnataka,Bangalore Central (KA-01),HCV,Truck,Volvo,Diesel,BS6,5660.0,2,3,0.0,96.15,0
RJ-19-OP-8652,2021-09-03,2021,Rajasthan,Jodhpur (RJ-19),OTH,Tractor,John Deere,Diesel,BS6,4998.0,2,3,0.0,100.0,0
TS-07-PP-8669,2018-01-22,2018,Telangana,Khammam (TS-07),4W,MUV,Renault,Diesel,BS4,1462.0,7,6,25.47,92.45,0
TN-01-QP-8686,2024-11-14,2024,Tamil Nadu,Chennai Central (TN-01),2W,Motorcycle,KTM,Petrol,BS6,200.0,2,0,44.68,95.74,0
TS-01-RP-8703,2022-10-04,2022,Telangana,Karimnagar (TS-01),HCV,Bus,Eicher,EV,Not Applicable,0.0,52,2,7.14,92.86,0
TS-01-SP-8720,2023-02-09,2023,Telangana,Karimnagar (TS-01),2W,Motorcycle,KTM,Petrol,BS6,112.9,2,1,40.8,92.8,0
TN-58-TP-8737,2023-12-08,2023,Tamil Nadu,Madurai (TN-58),4W,MUV,Tata Motors,CNG,BS6,1968.0,7,1,26.26,91.92,0
GJ-01-UP-8754,2020-09-16,2020,Gujarat,Ahmedabad (GJ-01),2W,Motorcycle,Bajaj,Petrol,BS6,100.0,2,4,41.43,92.86,0
WB-01-VP-8771,2022-06-23,2022,West Bengal,Kolkata (WB-01),2W,Motorcycle,Hero,Petrol,BS6,110.0,2,2,39.16,92.31,0
TN-01-WP-8788,2023-07-04,2023,Tamil Nadu,Chennai Central (TN-01),2W,Motorcycle,Hero,Petrol,BS6,160.0,2,1,44.68,95.74,0
RJ-20-XP-8805,2022-12-23,2022,Rajasthan,Kota (RJ-20),2W,Scooter,Ather,EV,Not Applicable,0.0,2,2,48.41,92.86,0
MH-31-YP-8822,2023-02-20,2023,Maharashtra,Nagpur (MH-31),2W,Motorcycle,KTM,Petrol,BS6,200.0,2,1,50.93,95.37,0
TN-30-ZP-8839,2020-04-27,2020,Tamil Nadu,Salem (TN-30),4W,MUV,Kia,Petrol,BS6,1968.0,5,4,26.26,91.92,0
WB-39-AQ-8856,2022-04-14,2022,West Bengal,Asansol (WB-39),LCV,Pickup Van,Ashok Leyland,EV,Not Applicable,0.0,2,2,39.13,86.96,0
RJ-01-BQ-8873,2022-10-01,2022,Rajasthan,Ajmer (RJ-01),HCV,Bus,Ashok Leyland,Diesel,BS6,3760.0,45,2,6.67,86.67,0
MH-01-CQ-8890,2020-07-24,2020,Maharashtra,Mumbai Central (MH-01),LCV,Pickup Van,Force Motors,CNG,BS6,3298.0,2,4,22.58,90.32,0
GJ-18-DQ-8907,2023-02-18,2023,Gujarat,Gandhinagar (GJ-18),2W,Scooter,Honda,EV,Not Applicable,0.0,2,1,41.43,92.86,0
MH-01-EQ-8924,2023-11-13,2023,Maharashtra,Mumbai Central (MH-01),4W,SUV,Skoda,Diesel,BS6,1197.0,7,1,28.89,91.11,0
KA-22-FQ-8941,2022-06-30,2022,Karnataka,Belgaum (KA-22),2W,Scooter,Ather,EV,Not Applicable,0.0,2,2,49.39,91.46,0
DL-02-GQ-8958,2022-09-02,2022,Delhi,Delhi East (DL-02),4W,MUV,Maruti Suzuki,Petrol,BS6,1598.0,7,2,22.58,88.17,0
CH-01-HQ-8975,2023-08-08,2023,Chandigarh,Chandigarh (CH-01),2W,Moped,Yamaha,Petrol,BS6,94.0,2,1,40.62,90.62,0
PB-08-IQ-8992,2024-06-20,2024,Punjab,Jalandhar (PB-08),2W,Moped,TVS,Petrol,BS6,87.7,2,0,41.51,90.57,0
GJ-01-JQ-9009,2022-05-02,2022,Gujarat,Ahmedabad (GJ-01),OTH,Tractor,TAFE,Diesel,BS6,4998.0,2,2,0.0,100.0,0
TN-30-KQ-9026,2024-12-20,2024,Tamil Nadu,Salem (TN-30),2W,Scooter,Honda,EV,Not Applicable,0.0,2,0,44.68,95.74,0
TN-58-LQ-9043,2023-08-11,2023,Tamil Nadu,Madurai (TN-58),4W,MUV,MG,Petrol,BS6,2179.0,7,1,26.26,91.92,0
TN-58-MQ-9060,2023-06-05,2023,Tamil Nadu,Madurai (TN-58),2W,Motorcycle,Royal Enfield,Petrol,BS6,99.0,2,1,44.68,95.74,0
WB-39-NQ-9077,2022-07-27,2022,West Bengal,Asansol (WB-39),3W,Tempo,Mahindra,Diesel,BS6,250.0,4,2,85.0,100.0,0
TS-09-OQ-9094,2023-05-19,2023,Telangana,Hyderabad (TS-09),LCV,Light Bus,Eicher,Diesel,BS6,2523.0,15,1,0.0,84.62,0
GJ-05-PQ-9111,2023-01-26,2023,Gujarat,Surat (GJ-05),2W,Scooter,Suzuki,Petrol,BS6,104.6,2,1,41.43,92.86,0
GJ-01-QQ-9128,2020-03-06,2020,Gujarat,Ahmedabad (GJ-01),4W,MUV,Toyota,Diesel,BS4,1498.0,7,4,35.37,95.12,1
UP-65-RQ-9145,2021-01-18,2021,Uttar Pradesh,Varanasi (UP-65),4W,Sedan,Tata Motors,Diesel,BS6,1462.0,5,3,19.75,88.89,0
PB-10-SQ-9162,2024-12-13,2024,Punjab,Ludhiana (PB-10),2W,Motorcycle,Royal Enfield,EV,Not Applicable,0.0,2,0,41.51,90.57,0
TN-30-TQ-9179,2022-07-22,2022,Tamil Nadu,Salem (TN-30),2W,Scooter,Honda,Petrol,BS6,101.1,2,2,44.68,95.74,0
KA-25-UQ-9196,2024-01-06,2024,Karnataka,Hubli (KA-25),3W,E-Rickshaw,Mahindra,EV,Not Applicable,0.0,4,0,68.42,94.74,0
GJ-05-VQ-9213,2022-05-20,2022,Gujarat,Surat (GJ-05),HCV,Bus,Ashok Leyland,Diesel,BS6,6700.0,32,2,0.0,100.0,0
TN-37-WQ-9230,2021-12-22,2021,Tamil Nadu,Coimbatore (TN-37),4W,Sedan,Toyota,CNG,BS6,2179.0,5,3,26.26,91.92,0
KA-25-XQ-9247,2020-03-24,2020,Karnataka,Hubli (KA-25),2W,Scooter,Hero,Petrol,BS4,105.6,2,4,49.39,91.46,1
WB-13-YQ-9264,2020-10-15,2020,West Bengal,Howrah (WB-13),2W,Motorcycle,Hero,Petrol,BS6,100.0,2,4,39.16,92.31,0
CH-01-ZQ-9281,2024-02-05,2024,Chandigarh,Chandigarh (CH-01),4W,Hatchback,Honda,Petrol,BS6,1498.0,5,0,12.5,83.33,0
TN-30-AR-9298,2021-12-04,2021,Tamil Nadu,Salem (TN-30),3W,Auto Rickshaw,Kinetic Green,EV,Not Applicable,0.0,4,3,82.14,96.43,0
GJ-05-BR-9315,2022-12-28,2022,Gujarat,Surat (GJ-05),4W,Hatchback,Honda,CNG,BS6,800.0,5,2,35.37,95.12,0
WB-40-CR-9332,2023-04-29,2023,West Bengal,Durgapur (WB-40),4W,SUV,Skoda,Petrol,BS6,1968.0,5,1,23.66,84.95,0
GJ-06-DR-9349,2023-06-27,2023,Gujarat,Vadodara (GJ-06),LCV,Light Bus,Eicher,Diesel,BS6,2956.0,15,1,53.33,73.33,0
WB-39-ER-9366,2020-02-20,2020,West Bengal,Asansol (WB-39),4W,SUV,MG,Petrol,BS4,1462.0,7,4,23.66,84.95,1
MH-15-FR-9383,2024-04-16,2024,Maharashtra,Nashik (MH-15),2W,Scooter,Bajaj,EV,Not Applicable,0.0,2,0,50.93,95.37,0
TN-37-GR-9400,2021-05-10,2021,Tamil Nadu,Coimbatore (TN-37),2W,Motorcycle,TVS,Petrol,BS6,100.0,2,3,44.68,95.74,0
MP-13-HR-9417,2020-06-27,2020,Madhya Pradesh,Ujjain (MP-13),4W,SUV,MG,Petrol,BS6,800.0,5,4,28.28,85.86,0
KA-19-IR-9434,2019-09-07,2019,Karnataka,Mangalore (KA-19),2W,Motorcycle,TVS,Petrol,BS4,110.0,2,5,49.39,91.46,0
RJ-20-JR-9451,2024-11-20,2024,Rajasthan,Kota (RJ-20),2W,Scooter,Hero,EV,Not Applicable,0.0,2,0,48.41,92.86,0
GJ-05-KR-9468,2021-02-10,2021,Gujarat,Surat (GJ-05),2W,Motorcycle,Royal Enfield,Petrol,BS6,113.1,2,3,41.43,92.86,0
PB-10-LR-9485,2021-01-19,2021,Punjab,Ludhiana (PB-10),2W,Scooter,Honda,Petrol,BS6,112.8,2,3,41.51,90.57,0
TS-09-MR-9502,2021-04-26,2021,Telangana,Hyderabad (TS-09),4W,Sedan,Toyota,Petrol,BS6,1498.0,5,3,25.47,92.45,0
KA-22-NR-9519,2023-06-10,2023,Karnataka,Belgaum (KA-22),4W,SUV,Hyundai,Diesel,BS6,1598.0,7,1,25.89,89.29,0
KA-19-OR-9536,2023-05-23,2023,Karnataka,Mangalore (KA-19),2W,Motorcycle,TVS,EV,Not Applicable,0.0,2,1,49.39,91.46,0
DL-01-PR-9553,2021-12-10,2021,Delhi,Delhi Central (DL-01),LCV,Pickup Van,Tata Motors,EV,Not Applicable,0.0,2,3,30.77,92.31,0
UP-78-QR-9570,2022-06-10,2022,Uttar Pradesh,Kanpur (UP-78),2W,Motorcycle,Hero,EV,Not Applicable,0.0,2,2,47.06,91.91,0
GJ-05-RR-9587,2021-12-08,2021,Gujarat,Surat (GJ-05),2W,Scooter,Ather,EV,Not Applicable,0.0,2,3,41.43,92.86,0
PB-08-SR-9604,2023-08-05,2023,Punjab,Jalandhar (PB-08),3W,Auto Rickshaw,TVS,CNG,BS6,200.0,4,1,76.0,92.0,0
MH-20-TR-9621,2023-02-20,2023,Maharashtra,Aurangabad (MH-20),2W,Motorcycle,Honda,Petrol,BS6,100.0,2,1,50.93,95.37,0
KL-07-UR-9638,2022-10-03,2022,Kerala,Kochi (KL-07),4W,MUV,Renault,Diesel,BS6,1462.0,5,2,24.55,90.0,0
GJ-03-VR-9655,2022-09-19,2022,Gujarat,Rajkot (GJ-03),4W,MUV,Mahindra,CNG,BS6,2179.0,7,2,35.37,95.12,0
KA-22-WR-9672,2018-11-19,2018,Karnataka,Belgaum (KA-22),4W,SUV,Honda,CNG,BS4,800.0,7,6,25.89,89.29,0
RJ-27-XR-9689,2020-01-07,2020,Rajasthan,Udaipur (RJ-27),4W,Sedan,Honda,Diesel,BS4,2179.0,5,4,26.0,89.0,1
KL-08-YR-9706,2023-08-18,2023,Kerala,Thrissur (KL-08),2W,Scooter,Ather,EV,Not Applicable,0.0,2,1,44.63,96.69,0
MP-09-ZR-9723,2018-04-25,2018,Madhya Pradesh,Indore (MP-09),3W,E-Rickshaw,Mahindra,EV,Not Applicable,0.0,4,6,79.31,89.66,0
DL-01-AS-9740,2022-10-19,2022,Delhi,Delhi Central (DL-01),4W,MUV,Renault,Hybrid,BS6,1598.0,5,2,22.58,88.17,0
MP-07-BS-9757,2022-02-10,2022,Madhya Pradesh,Gwalior (MP-07),2W,Scooter,Ola Electric,EV,Not Applicable,0.0,2,2,40.43,85.11,0
UP-65-CS-9774,2022-08-02,2022,Uttar Pradesh,Varanasi (UP-65),2W,Motorcycle,Suzuki,Petrol,BS6,350.0,2,2,47.06,91.91,0
RJ-14-DS-9791,2019-07-01,2019,Rajasthan,Jaipur (RJ-14),LCV,Pickup Van,Force Motors,Diesel,BS4,2956.0,2,5,40.91,72.73,0
RJ-01-ES-9808,2020-02-15,2020,Rajasthan,Ajmer (RJ-01),4W,MUV,Mahindra,Petrol,BS4,1462.0,5,4,26.0,89.0,1
MP-20-FS-9825,2018-09-28,2018,Madhya Pradesh,Jabalpur (MP-20),2W,Motorcycle,Hero,Petrol,BS4,200.0,2,6,40.43,85.11,0
UP-80-GS-9842,2022-09-05,2022,Uttar Pradesh,Agra (UP-80),4W,SUV,Mahindra,Hybrid,BS6,1462.0,5,2,19.75,88.89,0
MP-09-HS-9859,2019-08-01,2019,Madhya Pradesh,Indore (MP-09),2W,Scooter,Ather,EV,Not Applicable,0.0,2,5,40.43,85.11,0
RJ-20-IS-9876,2020-01-30,2020,Rajasthan,Kota (RJ-20),4W,Sedan,Maruti Suzuki,Petrol,BS4,1197.0,5,4,26.0,89.0,1
GJ-06-JS-9893,2021-09-17,2021,Gujarat,Vadodara (GJ-06),2W,Moped,Hero,Petrol,BS6,100.0,2,3,41.43,92.86,0
MP-13-KS-9910,2021-05-03,2021,Madhya Pradesh,Ujjain (MP-13),4W,Sedan,Skoda,Diesel,BS6,1462.0,5,3,28.28,85.86,0
TN-58-LS-9927,2020-05-25,2020,Tamil Nadu,Madurai (TN-58),2W,Scooter,Bajaj,Petrol,BS6,150.0,2,4,44.68,95.74,0
TS-03-MS-9944,2022-04-25,2022,Telangana,Warangal (TS-03),4W,Hatchback,Maruti Suzuki,Petrol,BS6,1598.0,5,2,25.47,92.45,0
PB-02-NS-9961,2023-05-23,2023,Punjab,Amritsar (PB-02),4W,Sedan,Maruti Suzuki,Diesel,BS6,1000.0,5,1,28.17,87.32,0
PB-11-OS-9978,2021-03-20,2021,Punjab,Patiala (PB-11),HCV,Tanker,Volvo,Diesel,BS6,4998.0,2,3,0.0,68.0,0
WB-13-PS-9995,2022-03-21,2022,West Bengal,Howrah (WB-13),2W,Scooter,Ola Electric,EV,Not Applicable,0.0,2,2,39.16,92.31,0
RJ-27-QS-1012,2018-05-28,2018,Rajasthan,Udaipur (RJ-27),2W,Motorcycle,TVS,Petrol,BS4,100.0,2,6,48.41,92.86,0
RJ-27-RS-1029,2021-07-08,2021,Rajasthan,Udaipur (RJ-27),4W,SUV,Hyundai,Petrol,BS6,1462.0,5,3,26.0,89.0,0
GJ-01-SS-1046,2021-07-26,2021,Gujarat,Ahmedabad (GJ-01),HCV,Bus,Eicher,Diesel,BS6,6700.0,32,3,0.0,100.0,0
KL-02-TS-1063,2019-10-11,2019,Kerala,Kollam (KL-02),4W,SUV,Mahindra,CNG,BS4,1498.0,5,5,24.55,90.0,0
WB-39-US-1080,2021-03-13,2021,West Bengal,Asansol (WB-39),2W,Scooter,Suzuki,Petrol,BS6,105.0,2,3,39.16,92.31,0
UP-70-VS-1097,2021-03-16,2021,Uttar Pradesh,Allahabad (UP-70),2W,Motorcycle,Royal Enfield,Petrol,BS6,94.0,2,3,47.06,91.91,0
GJ-18-WS-1114,2020-05-05,2020,Gujarat,Gandhinagar (GJ-18),2W,Scooter,Ather,EV,Not Applicable,0.0,2,4,41.43,92.86,0
DL-04-XS-1131,2024-09-30,2024,Delhi,Delhi North (DL-04),2W,Scooter,Hero,Petrol,BS6,100.0,2,0,39.39,90.3,0
KL-07-YS-1148,2024-11-05,2024,Kerala,Kochi (KL-07),2W,Scooter,Ola Electric,EV,Not Applicable,0.0,2,0,44.63,96.69,0
MP-13-ZS-1165,2021-09-14,2021,Madhya Pradesh,Ujjain (MP-13),2W,Scooter,Honda,Petrol,BS6,160.0,2,3,40.43,85.11,0
KL-01-AT-1182,2023-12-04,2023,Kerala,Thiruvananthapuram (KL-01),LCV,Light Bus,Eicher,Diesel,BS6,2956.0,12,1,32.35,94.12,0
KL-08-BT-1199,2019-04-23,2019,Kerala,Thrissur (KL-08),2W,Moped,Bajaj,Petrol,BS4,86.4,2,5,44.63,96.69,0
KA-25-CT-1216,2019-11-21,2019,Karnataka,Hubli (KA-25),2W,Scooter,Ather,EV,Not Applicable,0.0,2,5,49.39,91.46,0
GJ-01-DT-1233,2023-06-12,2023,Gujarat,Ahmedabad (GJ-01),HCV,Trailer,Tata Motors,Diesel,BS6,3760.0,2,1,0.0,100.0,0
CH-01-ET-1250,2021-10-21,2021,Chandigarh,Chandigarh (CH-01),2W,Scooter,Hero,EV,Not Applicable,0.0,2,3,40.62,90.62,0
MH-15-FT-1267,2022-02-05,2022,Maharashtra,Nashik (MH-15),3W,E-Rickshaw,Kinetic Green,EV,Not Applicable,0.0,4,2,87.5,87.5,0
KA-25-GT-1284,2021-03-20,2021,Karnataka,Hubli (KA-25),4W,SUV,Honda,Petrol,BS6,2179.0,7,3,25.89,89.29,0
MP-20-HT-1301,2021-04-20,2021,Madhya Pradesh,Jabalpur (MP-20),4W,SUV,MG,Hybrid,BS6,2179.0,5,3,28.28,85.86,0
GJ-18-IT-1318,2024-11-07,2024,Gujarat,Gandhinagar (GJ-18),4W,MUV,Maruti Suzuki,CNG,BS6,1000.0,7,0,35.37,95.12,0
UP-70-JT-1335,2019-01-09,2019,Uttar Pradesh,Allahabad (UP-70),2W,Motorcycle,Suzuki,Petrol,BS4,150.0,2,5,47.06,91.91,0
TN-30-KT-1352,2024-11-26,2024,Tamil Nadu,Salem (TN-30),4W,MUV,Toyota,Petrol,BS6,1462.0,5,0,26.26,91.92,0
RJ-27-LT-1369,2023-02-11,2023,Rajasthan,Udaipur (RJ-27),HCV,Tanker,Ashok Leyland,Diesel,BS6,3760.0,2,1,6.67,86.67,0
PB-08-MT-1386,2020-07-21,2020,Punjab,Jalandhar (PB-08),4W,SUV,Honda,Petrol,BS6,800.0,7,4,28.17,87.32,0
GJ-01-NT-1403,2021-06-03,2021,Gujarat,Ahmedabad (GJ-01),2W,Motorcycle,Royal Enfield,EV,Not Applicable,0.0,2,3,41.43,92.86,0
UP-70-OT-1420,2022-01-07,2022,Uttar Pradesh,Allahabad (UP-70),4W,SUV,Renault,Petrol,BS6,1462.0,7,2,19.75,88.89,0
KA-01-PT-1437,2023-09-06,2023,Karnataka,Bangalore Central (KA-01),OTH,Tractor,Sonalika,Diesel,BS6,4998.0,2,1,0.0,87.5,0
RJ-01-QT-1454,2023-08-16,2023,Rajasthan,Ajmer (RJ-01),LCV,Light Bus,Mahindra,Diesel,BS6,2523.0,15,1,40.91,72.73,0
KA-19-RT-1471,2024-11-11,2024,Karnataka,Mangalore (KA-19),2W,Moped,Suzuki,Petrol,BS6,100.0,2,0,49.39,91.46,0
TN-01-ST-1488,2021-08-05,2021,Tamil Nadu,Chennai Central (TN-01),2W,Scooter,Honda,Petrol,BS6,99.8,2,3,44.68,95.74,0
GJ-05-TT-1505,2023-07-28,2023,Gujarat,Surat (GJ-05),2W,Scooter,Ather,EV,Not Applicable,0.0,2,1,41.43,92.86,0
RJ-19-UT-1522,2023-05-01,2023,Rajasthan,Jodhpur (RJ-19),2W,Motorcycle,KTM,Petrol,BS6,200.0,2,1,48.41,92.86,0
DL-01-VT-1539,2023-10-26,2023,Delhi,Delhi Central (DL-01),LCV,Mini Truck,Ashok Leyland,CNG,BS6,2956.0,2,1,30.77,92.31,0
MP-20-WT-1556,2019-11-11,2019,Madhya Pradesh,Jabalpur (MP-20),OTH,Tractor,Sonalika,Diesel,BS4,6700.0,2,5,0.0,75.0,0
DL-01-XT-1573,2023-03-21,2023,Delhi,Delhi Central (DL-01),OTH,Tractor,Escorts,Diesel,BS6,5660.0,2,1,0.0,100.0,0
WB-13-YT-1590,2023-07-12,2023,West Bengal,Howrah (WB-13),HCV,Bus,MAN,Diesel,BS6,5660.0,32,1,0.0,91.67,0
PB-10-ZT-1607,2022-05-14,2022,Punjab,Ludhiana (PB-10),LCV,Light Bus,Force Motors,CNG,BS6,2523.0,15,2,22.22,88.89,0
GJ-18-AU-1624,2021-08-09,2021,Gujarat,Gandhinagar (GJ-18),2W,Motorcycle,KTM,EV,Not Applicable,0.0,2,3,41.43,92.86,0
RJ-20-BU-1641,2023-11-08,2023,Rajasthan,Kota (RJ-20),4W,SUV,MG,Petrol,BS6,1197.0,5,1,26.0,89.0,0
KL-01-CU-1658,2023-10-13,2023,Kerala,Thiruvananthapuram (KL-01),2W,Scooter,Hero,Petrol,BS6,160.0,2,1,44.63,96.69,0
DL-08-DU-1675,2020-09-30,2020,Delhi,Delhi West (DL-08),4W,MUV,Kia,Diesel,BS6,2179.0,5,4,22.58,88.17,0
KA-25-EU-1692,2018-11-03,2018,Karnataka,Hubli (KA-25),4W,SUV,Toyota,Diesel,BS4,1462.0,7,6,25.89,89.29,0
MP-09-FU-1709,2024-10-25,2024,Madhya Pradesh,Indore (MP-09),3W,Auto Rickshaw,Kinetic Green,EV,Not Applicable,0.0,4,0,79.31,89.66,0
RJ-19-GU-1726,2023-07-19,2023,Rajasthan,Jodhpur (RJ-19),4W,Hatchback,Toyota,Petrol,BS6,800.0,5,1,26.0,89.0,0
MH-01-HU-1743,2023-02-07,2023,Maharashtra,Mumbai Central (MH-01),4W,Hatchback,Maruti Suzuki,Petrol,BS6,1968.0,5,1,28.89,91.11,0
PB-08-IU-1760,2023-09-21,2023,Punjab,Jalandhar (PB-08),2W,Motorcycle,Royal Enfield,Petrol,BS6,110.0,2,1,41.51,90.57,0
TN-01-JU-1777,2023-03-13,2023,Tamil Nadu,Chennai Central (TN-01),LCV,Mini Truck,Tata Motors,CNG,BS6,2956.0,2,1,40.0,92.0,0
GJ-03-KU-1794,2023-10-16,2023,Gujarat,Rajkot (GJ-03),LCV,Light Bus,Tata Motors,EV,Not Applicable,0.0,12,1,53.33,73.33,0
TN-37-LU-1811,2021-09-28,2021,Tamil Nadu,Coimbatore (TN-37),4W,Sedan,Hyundai,Petrol,BS6,1000.0,5,3,26.26,91.92,0
MP-20-MU-1828,2024-06-11,2024,Madhya Pradesh,Jabalpur (MP-20),HCV,Bus,MAN,Diesel,BS6,6700.0,32,0,4.76,85.71,0
PB-10-NU-1845,2019-01-11,2019,Punjab,Ludhiana (PB-10),2W,Scooter,Ather,EV,Not Applicable,0.0,2,5,41.51,90.57,0
DL-01-OU-1862,2022-11-23,2022,Delhi,Delhi Central (DL-01),3W,E-Rickshaw,TVS,EV,Not Applicable,0.0,4,2,89.47,94.74,0
TN-37-PU-1879,2020-04-06,2020,Tamil Nadu,Coimbatore (TN-37),2W,Motorcycle,Suzuki,EV,Not Applicable,0.0,2,4,44.68,95.74,0
MP-13-QU-1896,2021-03-17,2021,Madhya Pradesh,Ujjain (MP-13),4W,MUV,MG,Diesel,BS6,1462.0,5,3,28.28,85.86,0
KL-02-RU-1913,2023-03-18,2023,Kerala,Kollam (KL-02),4W,Sedan,Toyota,Petrol,BS6,1968.0,5,1,24.55,90.0,0
KA-09-SU-1930,2022-11-16,2022,Karnataka,Mysore (KA-09),2W,Moped,Bajaj,EV,Not Applicable,0.0,2,2,49.39,91.46,0
RJ-19-TU-1947,2021-05-13,2021,Rajasthan,Jodhpur (RJ-19),HCV,Trailer,Ashok Leyland,Diesel,BS6,5660.0,2,3,6.67,86.67,0
GJ-05-UU-1964,2022-02-08,2022,Gujarat,Surat (GJ-05),4W,MUV,Renault,Diesel,BS6,1498.0,7,2,35.37,95.12,0
DL-01-VU-1981,2022-10-15,2022,Delhi,Delhi Central (DL-01),2W,Motorcycle,Ola Electric,EV,Not Applicable,0.0,2,2,39.39,90.3,0
WB-01-WU-1998,2023-01-30,2023,West Bengal,Kolkata (WB-01),LCV,Pickup Van,Ashok Leyland,CNG,BS6,3298.0,2,1,39.13,86.96,0
TN-30-XU-2015,2022-03-19,2022,Tamil Nadu,Salem (TN-30),4W,Hatchback,Tata Motors,Diesel,BS6,800.0,5,2,26.26,91.92,0
UP-78-YU-2032,2024-07-22,2024,Uttar Pradesh,Kanpur (UP-78),3W,Auto Rickshaw,Mahindra,CNG,BS6,200.0,4,0,85.71,85.71,0
TN-37-ZU-2049,2023-11-15,2023,Tamil Nadu,Coimbatore (TN-37),2W,Scooter,Honda,EV,Not Applicable,0.0,2,1,44.68,95.74,0
RJ-01-AV-2066,2020-10-19,2020,Rajasthan,Ajmer (RJ-01),4W,MUV,MG,Hybrid,BS6,1462.0,7,4,26.0,89.0,0
WB-39-BV-2083,2024-05-10,2024,West Bengal,Asansol (WB-39),2W,Scooter,Honda,EV,Not Applicable,0.0,2,0,39.16,92.31,0
GJ-01-CV-2100,2024-01-08,2024,Gujarat,Ahmedabad (GJ-01),2W,Scooter,Bajaj,Petrol,BS6,150.0,2,0,41.43,92.86,0
KL-02-DV-2117,2022-02-23,2022,Kerala,Kollam (KL-02),2W,Scooter,Suzuki,EV,Not Applicable,0.0,2,2,44.63,96.69,0
TN-58-EV-2134,2020-01-08,2020,Tamil Nadu,Madurai (TN-58),HCV,Trailer,MAN,Diesel,BS4,5660.0,2,4,0.0,90.0,1
RJ-27-FV-2151,2023-03-27,2023,Rajasthan,Udaipur (RJ-27),HCV,Truck,MAN,Diesel,BS6,5660.0,2,1,6.67,86.67,0
TN-45-GV-2168,2024-09-24,2024,Tamil Nadu,Trichy (TN-45),3W,Auto Rickshaw,Bajaj,CNG,BS6,225.0,4,0,82.14,96.43,0
TN-30-HV-2185,2024-06-27,2024,Tamil Nadu,Salem (TN-30),2W,Scooter,Yamaha,Petrol,BS6,125.0,2,0,44.68,95.74,0
TN-01-IV-2202,2022-10-10,2022,Tamil Nadu,Chennai Central (TN-01),3W,Auto Rickshaw,Bajaj,EV,Not Applicable,0.0,4,2,82.14,96.43,0
TS-01-JV-2219,2023-09-08,2023,Telangana,Karimnagar (TS-01),2W,Scooter,Honda,EV,Not Applicable,0.0,2,1,40.8,92.8,0
KL-08-KV-2236,2019-06-17,2019,Kerala,Thrissur (KL-08),4W,Sedan,Honda,Diesel,BS4,1598.0,5,5,24.55,90.0,0
KA-01-LV-2253,2022-06-06,2022,Karnataka,Bangalore Central (KA-01),2W,Scooter,Honda,Petrol,BS6,118.3,2,2,49.39,91.46,0
GJ-05-MV-2270,2018-08-03,2018,Gujarat,Surat (GJ-05),2W,Motorcycle,Bajaj,Petrol,BS4,100.0,2,6,41.43,92.86,0
WB-13-NV-2287,2023-04-29,2023,West Bengal,Howrah (WB-13),2W,Scooter,Hero,Petrol,BS6,100.0,2,1,39.16,92.31,0
KL-07-OV-2304,2024-04-15,2024,Kerala,Kochi (KL-07),4W,SUV,Kia,Petrol,BS6,1000.0,5,0,24.55,90.0,0
PB-10-PV-2321,2019-12-30,2019,Punjab,Ludhiana (PB-10),LCV,Light Bus,Tata Motors,CNG,BS4,2956.0,15,5,22.22,88.89,0
KA-19-QV-2338,2023-12-13,2023,Karnataka,Mangalore (KA-19),LCV,Pickup Van,Eicher,Diesel,BS6,3298.0,2,1,26.92,88.46,0
DL-02-RV-2355,2024-01-10,2024,Delhi,Delhi East (DL-02),LCV,Pickup Van,Ashok Leyland,Diesel,BS6,2956.0,2,0,30.77,92.31,0
UP-65-SV-2372,2023-05-29,2023,Uttar Pradesh,Varanasi (UP-65),2W,Scooter,Hero,Petrol,BS6,200.0,2,1,47.06,91.91,0
TS-09-TV-2389,2021-10-25,2021,Telangana,Hyderabad (TS-09),2W,Scooter,Honda,EV,Not Applicable,0.0,2,3,40.8,92.8,0
KL-07-UV-2406,2019-01-04,2019,Kerala,Kochi (KL-07),3W,Tempo,Piaggio,CNG,BS4,250.0,4,5,84.38,93.75,0
MP-13-VV-2423,2024-02-20,2024,Madhya Pradesh,Ujjain (MP-13),HCV,Tanker,Eicher,Diesel,BS6,4998.0,2,0,4.76,85.71,0
RJ-19-WV-2440,2020-03-09,2020,Rajasthan,Jodhpur (RJ-19),4W,SUV,Tata Motors,EV,Not Applicable,0.0,5,4,26.0,89.0,0
RJ-01-XV-2457,2022-05-02,2022,Rajasthan,Ajmer (RJ-01),LCV,Mini Truck,Force Motors,CNG,BS6,3298.0,2,2,40.91,72.73,0
KL-01-YV-2474,2020-12-12,2020,Kerala,Thiruvananthapuram (KL-01),HCV,Trailer,BharatBenz,Diesel,BS6,4998.0,2,4,0.0,84.0,0
RJ-14-ZV-2491,2023-06-13,2023,Rajasthan,Jaipur (RJ-14),4W,Hatchback,Hyundai,Diesel,BS6,1498.0,5,1,26.0,89.0,0
TN-30-AW-2508,2020-04-23,2020,Tamil Nadu,Salem (TN-30),2W,Scooter,Ather,EV,Not Applicable,0.0,2,4,44.68,95.74,0
WB-40-BW-2525,2020-09-30,2020,West Bengal,Durgapur (WB-40),4W,SUV,Mahindra,Petrol,BS6,1498.0,5,4,23.66,84.95,0
KL-02-CW-2542,2023-03-09,2023,Kerala,Kollam (KL-02),3W,Tempo,Mahindra,CNG,BS6,225.0,4,1,84.38,93.75,0
DL-08-DW-2559,2021-07-06,2021,Delhi,Delhi West (DL-08),HCV,Trailer,MAN,Diesel,BS6,5648.9,2,3,0.0,68.75,0
MH-31-EW-2576,2022-09-12,2022,Maharashtra,Nagpur (MH-31),4W,SUV,Skoda,Diesel,BS6,1000.0,5,2,28.89,91.11,0
MP-09-FW-2593,2021-08-28,2021,Madhya Pradesh,Indore (MP-09),4W,Sedan,Maruti Suzuki,Petrol,BS6,1491.3,5,3,28.28,85.86,0
WB-40-GW-2610,2024-10-08,2024,West Bengal,Durgapur (WB-40),2W,Scooter,Honda,Petrol,BS6,87.6,2,0,39.16,92.31,0
RJ-01-HW-2627,2023-04-03,2023,Rajasthan,Ajmer (RJ-01),4W,Hatchback,Hyundai,Diesel,BS6,1000.0,5,1,26.0,89.0,0
DL-04-IW-2644,2024-05-20,2024,Delhi,Delhi North (DL-04),4W,MUV,Maruti Suzuki,Petrol,BS6,2179.0,7,0,22.58,88.17,0
MP-04-JW-2661,2022-04-27,2022,Madhya Pradesh,Bhopal (MP-04),2W,Scooter,Ola Electric,EV,Not Applicable,0.0,2,2,40.43,85.11,0
MP-20-KW-2678,2020-11-05,2020,Madhya Pradesh,Jabalpur (MP-20),2W,Motorcycle,Honda,Petrol,BS6,350.0,2,4,40.43,85.11,0
PB-11-LW-2695,2021-04-23,2021,Punjab,Patiala (PB-11),2W,Motorcycle,Yamaha,Petrol,BS6,150.0,2,3,41.51,90.57,0
TS-01-MW-2712,2021-10-15,2021,Telangana,Karimnagar (TS-01),4W,SUV,Tata Motors,Diesel,BS6,1498.0,7,3,25.47,92.45,0
TS-09-NW-2729,2022-05-05,2022,Telangana,Hyderabad (TS-09),4W,SUV,Mahindra,CNG,BS6,800.0,5,2,25.47,92.45,0
MP-04-OW-2746,2022-12-01,2022,Madhya Pradesh,Bhopal (MP-04),3W,E-Rickshaw,Atul Auto,EV,Not Applicable,0.0,4,2,79.31,89.66,0
RJ-27-PW-2763,2019-08-20,2019,Rajasthan,Udaipur (RJ-27),4W,SUV,Kia,Petrol,BS4,1968.0,7,5,26.0,89.0,0
KL-08-QW-2780,2023-08-21,2023,Kerala,Thrissur (KL-08),2W,Moped,Yamaha,Petrol,BS6,97.8,2,1,44.63,96.69,0
CH-01-RW-2797,2021-09-21,2021,Chandigarh,Chandigarh (CH-01),4W,SUV,Kia,Petrol,BS6,1462.0,5,3,12.5,83.33,0
MP-13-SW-2814,2023-07-06,2023,Madhya Pradesh,Ujjain (MP-13),4W,SUV,Skoda,EV,Not Applicable,0.0,7,1,28.28,85.86,0
WB-39-TW-2831,2023-02-06,2023,West Bengal,Asansol (WB-39),4W,MUV,Toyota,Diesel,BS6,1968.0,7,1,23.66,84.95,0
TS-05-UW-2848,2018-04-18,2018,Telangana,Nizamabad (TS-05),OTH,Tractor,John Deere,Diesel,BS4,3760.0,2,6,0.0,75.0,0
MP-04-VW-2865,2019-11-23,2019,Madhya Pradesh,Bhopal (MP-04),4W,MUV,MG,Diesel,BS4,1462.0,7,5,28.28,85.86,0
MP-04-WW-2882,2022-10-26,2022,Madhya Pradesh,Bhopal (MP-04),4W,SUV,MG,Diesel,BS6,1197.0,5,2,28.28,85.86,0
DL-02-XW-2899,2020-07-28,2020,Delhi,Delhi East (DL-02),4W,SUV,Kia,Petrol,BS6,1598.0,7,4,22.58,88.17,0
TS-05-YW-2916,2019-12-16,2019,Telangana,Nizamabad (TS-05),4W,Hatchback,Tata Motors,Petrol,BS4,1968.0,5,5,25.47,92.45,0
DL-02-ZW-2933,2023-05-26,2023,Delhi,Delhi East (DL-02),3W,E-Rickshaw,Kinetic Green,EV,Not Applicable,0.0,4,1,89.47,94.74,0
GJ-18-AX-2950,2020-09-07,2020,Gujarat,Gandhinagar (GJ-18),4W,Sedan,Tata Motors,Petrol,BS6,1000.0,5,4,35.37,95.12,0
UP-70-BX-2967,2023-07-08,2023,Uttar Pradesh,Allahabad (UP-70),2W,Motorcycle,Ola Electric,EV,Not Applicable,0.0,2,1,47.06,91.91,0
KL-08-CX-2984,2018-08-29,2018,Kerala,Thrissur (KL-08),OTH,Tractor,TAFE,Diesel,BS4,5660.0,2,6,0.0,62.5,0
DL-04-DX-3001,2021-07-20,2021,Delhi,Delhi North (DL-04),OTH,Tractor,John Deere,Diesel,BS6,3760.0,2,3,0.0,100.0,0
KA-22-EX-3018,2023-01-09,2023,Karnataka,Belgaum (KA-22),4W,Hatchback,Tata Motors,Diesel,BS6,1968.0,5,1,25.89,89.29,0
MH-15-FX-3035,2024-11-28,2024,Maharashtra,Nashik (MH-15),4W,Hatchback,Tata Motors,Petrol,BS6,1462.0,5,0,28.89,91.11,0
RJ-27-GX-3052,2021-01-04,2021,Rajasthan,Udaipur (RJ-27),2W,Scooter,Ather,EV,Not Applicable,0.0,2,3,48.41,92.86,0
RJ-20-HX-3069,2022-04-19,2022,Rajasthan,Kota (RJ-20),2W,Scooter,Ola Electric,EV,Not Applicable,0.0,2,2,48.41,92.86,0
UP-32-IX-3086,2023-04-21,2023,Uttar Pradesh,Lucknow (UP-32),3W,E-Rickshaw,Atul Auto,EV,Not Applicable,0.0,4,1,85.71,85.71,0
TN-30-JX-3103,2022-12-14,2022,Tamil Nadu,Salem (TN-30),2W,Motorcycle,Ola Electric,EV,Not Applicable,0.0,2,2,44.68,95.74,0
MH-01-KX-3120,2021-12-06,2021,Maharashtra,Mumbai Central (MH-01),3W,Tempo,Kinetic Green,EV,Not Applicable,0.0,4,3,87.5,87.5,0
CH-01-LX-3137,2019-07-11,2019,Chandigarh,Chandigarh (CH-01),2W,Moped,TVS,Petrol,BS4,94.2,2,5,40.62,90.62,0
MP-04-MX-3154,2022-01-13,2022,Madhya Pradesh,Bhopal (MP-04),2W,Scooter,Ola Electric,EV,Not Applicable,0.0,2,2,40.43,85.11,0
RJ-14-NX-3171,2024-06-07,2024,Rajasthan,Jaipur (RJ-14),2W,Motorcycle,Bajaj,EV,Not Applicable,0.0,2,0,48.41,92.86,0
MH-15-OX-3188,2021-02-08,2021,Maharashtra,Nashik (MH-15),2W,Scooter,TVS,Petrol,BS6,114.3,2,3,50.93,95.37,0
MP-09-PX-3205,2023-11-02,2023,Madhya Pradesh,Indore (MP-09),4W,Sedan,Skoda,Hybrid,BS6,1197.0,5,1,28.28,85.86,0
MP-13-QX-3222,2018-03-23,2018,Madhya Pradesh,Ujjain (MP-13),2W,Motorcycle,Yamaha,Petrol,BS4,125.0,2,6,40.43,85.11,0
UP-32-RX-3239,2022-08-26,2022,Uttar Pradesh,Lucknow (UP-32),LCV,Light Bus,Mahindra,Diesel,BS6,2956.0,15,2,35.0,90.0,0
GJ-05-SX-3256,2023-09-09,2023,Gujarat,Surat (GJ-05),3W,Auto Rickshaw,TVS,CNG,BS6,225.0,4,1,89.47,100.0,0
TS-03-TX-3273,2023-12-22,2023,Telangana,Warangal (TS-03),2W,Motorcycle,TVS,Petrol,BS6,100.0,2,1,40.8,92.8,0
KA-09-UX-3290,2024-07-31,2024,Karnataka,Mysore (KA-09),2W,Scooter,Ather,EV,Not Applicable,0.0,2,0,49.39,91.46,0
RJ-01-VX-3307,2021-08-02,2021,Rajasthan,Ajmer (RJ-01),4W,SUV,Kia,Diesel,BS6,800.0,5,3,26.0,89.0,0
GJ-03-WX-3324,2020-04-21,2020,Gujarat,Rajkot (GJ-03),2W,Motorcycle,Royal Enfield,Petrol,BS6,107.3,2,4,41.43,92.86,0
TS-01-XX-3341,2024-01-08,2024,Telangana,Karimnagar (TS-01),4W,MUV,MG,CNG,BS6,2179.0,5,0,25.47,92.45,0
KL-02-YX-3358,2022-08-11,2022,Kerala,Kollam (KL-02),2W,Motorcycle,KTM,EV,Not Applicable,0.0,2,2,44.63,96.69,0
TN-45-ZX-3375,2022-07-25,2022,Tamil Nadu,Trichy (TN-45),3W,Tempo,Mahindra,CNG,BS6,200.0,4,2,82.14,96.43,0
TN-45-AY-3392,2023-11-27,2023,Tamil Nadu,Trichy (TN-45),4W,Sedan,Honda,Petrol,BS6,1493.6,5,1,26.26,91.92,0
KA-19-BY-3409,2019-08-06,2019,Karnataka,Mangalore (KA-19),2W,Scooter,Bajaj,EV,Not Applicable,0.0,2,5,49.39,91.46,0
RJ-27-CY-3426,2018-02-08,2018,Rajasthan,Udaipur (RJ-27),4W,MUV,Renault,Diesel,BS4,1968.0,7,6,26.0,89.0,0
GJ-03-DY-3443,2020-09-25,2020,Gujarat,Rajkot (GJ-03),HCV,Trailer,MAN,Diesel,BS6,4998.0,2,4,0.0,100.0,0
TN-58-EY-3460,2024-12-17,2024,Tamil Nadu,Madurai (TN-58),2W,Moped,Yamaha,Petrol,BS6,93.3,2,0,44.68,95.74,0
KA-19-FY-3477,2019-10-12,2019,Karnataka,Mangalore (KA-19),4W,Hatchback,Skoda,CNG,BS4,1498.0,5,5,25.89,89.29,0
TS-01-GY-3494,2018-12-17,2018,Telangana,Karimnagar (TS-01),2W,Scooter,Honda,EV,Not Applicable,0.0,2,6,40.8,92.8,0
WB-01-HY-3511,2023-01-30,2023,West Bengal,Kolkata (WB-01),2W,Motorcycle,KTM,EV,Not Applicable,0.0,2,1,39.16,92.31,0
GJ-01-IY-3528,2022-08-15,2022,Gujarat,Ahmedabad (GJ-01),2W,Motorcycle,Suzuki,EV,Not Applicable,0.0,2,2,41.43,92.86,0
UP-65-JY-3545,2023-02-04,2023,Uttar Pradesh,Varanasi (UP-65),4W,SUV,Honda,Petrol,BS6,1000.0,5,1,19.75,88.89,0
CH-01-KY-3562,2022-07-05,2022,Chandigarh,Chandigarh (CH-01),2W,Scooter,Hero,Petrol,BS6,100.0,2,2,40.62,90.62,0
KL-07-LY-3579,2023-08-31,2023,Kerala,Kochi (KL-07),2W,Motorcycle,TVS,Petrol,BS6,125.0,2,1,44.63,96.69,0
MP-09-MY-3596,2018-03-30,2018,Madhya Pradesh,Indore (MP-09),4W,Sedan,Maruti Suzuki,Petrol,BS4,2179.0,5,6,28.28,85.86,0
PB-11-NY-3613,2023-06-20,2023,Punjab,Patiala (PB-11),3W,Tempo,Mahindra,EV,Not Applicable,0.0,4,1,76.0,92.0,0
UP-80-OY-3630,2023-06-27,2023,Uttar Pradesh,Agra (UP-80),4W,MUV,Kia,Petrol,BS6,1197.0,7,1,19.75,88.89,0
MP-13-PY-3647,2021-05-26,2021,Madhya Pradesh,Ujjain (MP-13),4W,SUV,Tata Motors,Petrol,BS6,1000.0,7,3,28.28,85.86,0
KL-07-QY-3664,2024-05-02,2024,Kerala,Kochi (KL-07),2W,Motorcycle,Yamaha,Petrol,BS6,350.0,2,0,44.63,96.69,0
PB-10-RY-3681,2022-11-08,2022,Punjab,Ludhiana (PB-10),LCV,Pickup Van,Force Motors,EV,Not Applicable,0.0,2,2,22.22,88.89,0
TS-09-SY-3698,2021-02-15,2021,Telangana,Hyderabad (TS-09),4W,MUV,Maruti Suzuki,Diesel,BS6,2179.0,7,3,25.47,92.45,0
CH-01-TY-3715,2021-02-10,2021,Chandigarh,Chandigarh (CH-01),4W,SUV,Skoda,Hybrid,BS6,1498.0,7,3,12.5,83.33,0
PB-11-UY-3732,2022-05-26,2022,Punjab,Patiala (PB-11),2W,Motorcycle,Bajaj,Petrol,BS6,100.0,2,2,41.51,90.57,0
MP-07-VY-3749,2022-10-13,2022,Madhya Pradesh,Gwalior (MP-07),2W,Scooter,Yamaha,Petrol,BS6,250.0,2,2,40.43,85.11,0
DL-02-WY-3766,2024-10-29,2024,Delhi,Delhi East (DL-02),2W,Motorcycle,Yamaha,Petrol,BS6,110.0,2,0,39.39,90.3,0
KA-01-XY-3783,2023-10-02,2023,Karnataka,Bangalore Central (KA-01),2W,Scooter,Ather,EV,Not Applicable,0.0,2,1,49.39,91.46,0
UP-65-YY-3800,2024-11-01,2024,Uttar Pradesh,Varanasi (UP-65),LCV,Light Bus,Eicher,CNG,BS6,2956.0,15,0,35.0,90.0,0
KA-09-ZY-3817,2022-01-27,2022,Karnataka,Mysore (KA-09),2W,Scooter,Suzuki,Petrol,BS6,107.2,2,2,49.39,91.46,0
KL-07-AZ-3834,2020-05-15,2020,Kerala,Kochi (KL-07),4W,Hatchback,Maruti Suzuki,Petrol,BS6,1197.0,5,4,24.55,90.0,0
PB-08-BZ-3851,2024-10-07,2024,Punjab,Jalandhar (PB-08),4W,Sedan,Maruti Suzuki,Diesel,BS6,1197.0,5,0,28.17,87.32,0
TS-09-CZ-3868,2023-12-16,2023,Telangana,Hyderabad (TS-09),4W,Sedan,Hyundai,Hybrid,BS6,1498.0,5,1,25.47,92.45,0
WB-40-DZ-3885,2020-02-24,2020,West Bengal,Durgapur (WB-40),2W,Scooter,TVS,EV,Not Applicable,0.0,2,4,39.16,92.31,0
KL-02-EZ-3902,2021-08-23,2021,Kerala,Kollam (KL-02),HCV,Tanker,Ashok Leyland,Diesel,BS6,4998.0,2,3,0.0,84.0,0
RJ-01-FZ-3919,2023-08-05,2023,Rajasthan,Ajmer (RJ-01),2W,Scooter,Yamaha,Petrol,BS6,112.6,2,1,48.41,92.86,0
UP-70-GZ-3936,2022-06-20,2022,Uttar Pradesh,Allahabad (UP-70),HCV,Tanker,Eicher,Diesel,BS6,5660.0,2,2,0.0,85.71,0
RJ-01-HZ-3953,2020-02-29,2020,Rajasthan,Ajmer (RJ-01),2W,Motorcycle,Royal Enfield,Petrol,BS4,160.0,2,4,48.41,92.86,1
TN-45-IZ-3970,2023-08-11,2023,Tamil Nadu,Trichy (TN-45),OTH,Tractor,Sonalika,Diesel,BS6,4998.0,2,1,0.0,83.33,0
RJ-14-JZ-3987,2021-09-22,2021,Rajasthan,Jaipur (RJ-14),OTH,Tractor,TAFE,Diesel,BS6,5329.0,2,3,0.0,100.0,0
KA-09-KZ-4004,2022-08-05,2022,Karnataka,Mysore (KA-09),LCV,Light Bus,Ashok Leyland,Diesel,BS6,3298.0,12,2,26.92,88.46,0
KA-01-LZ-4021,2019-12-26,2019,Karnataka,Bangalore Central (KA-01),OTH,Crane,Escorts,Diesel,BS4,4998.0,2,5,0.0,87.5,0
WB-01-MZ-4038,2022-04-29,2022,West Bengal,Kolkata (WB-01),4W,SUV,Skoda,Petrol,BS6,1000.0,7,2,23.66,84.95,0
MH-12-NZ-4055,2020-08-13,2020,Maharashtra,Pune (MH-12),4W,MUV,Kia,Petrol,BS6,1197.0,7,4,28.89,91.11,0
KA-22-OZ-4072,2021-08-03,2021,Karnataka,Belgaum (KA-22),2W,Moped,TVS,Petrol,BS6,96.3,2,3,49.39,91.46,0
KA-01-PZ-4089,2023-10-06,2023,Karnataka,Bangalore Central (KA-01),2W,Motorcycle,Bajaj,EV,Not Applicable,0.0,2,1,49.39,91.46,0
TS-01-QZ-4106,2019-06-03,2019,Telangana,Karimnagar (TS-01),4W,Hatchback,Honda,Diesel,BS4,1598.0,5,5,25.47,92.45,0
TS-01-RZ-4123,2023-02-10,2023,Telangana,Karimnagar (TS-01),2W,Scooter,Suzuki,Petrol,BS6,103.1,2,1,40.8,92.8,0
MH-12-SZ-4140,2019-12-06,2019,Maharashtra,Pune (MH-12),4W,Sedan,Toyota,Petrol,BS4,1462.0,5,5,28.89,91.11,0
UP-70-TZ-4157,2021-11-08,2021,Uttar Pradesh,Allahabad (UP-70),2W,Scooter,Ola Electric,EV,Not Applicable,0.0,2,3,47.06,91.91,0
GJ-05-UZ-4174,2022-06-18,2022,Gujarat,Surat (GJ-05),4W,Sedan,Renault,Petrol,BS6,1197.0,5,2,35.37,95.12,0
DL-01-VZ-4191,2022-02-16,2022,Delhi,Delhi Central (DL-01),4W,Sedan,Skoda,Diesel,BS6,1197.0,5,2,22.58,88.17,0
KL-07-WZ-4208,2022-03-07,2022,Kerala,Kochi (KL-07),HCV,Bus,BharatBenz,Diesel,BS6,6700.0,45,2,0.0,84.0,0
TS-01-XZ-4225,2022-08-25,2022,Telangana,Karimnagar (TS-01),2W,Moped,Yamaha,Petrol,BS6,100.0,2,2,40.8,92.8,0
MH-12-YZ-4242,2022-08-13,2022,Maharashtra,Pune (MH-12),2W,Motorcycle,KTM,EV,Not Applicable,0.0,2,2,50.93,95.37,0
KL-01-ZZ-4259,2023-11-23,2023,Kerala,Thiruvananthapuram (KL-01),2W,Scooter,Ather,EV,Not Applicable,0.0,2,1,44.63,96.69,0
MP-07-AA-4276,2020-03-07,2020,Madhya Pradesh,Gwalior (MP-07),3W,E-Rickshaw,Mahindra,EV,Not Applicable,0.0,4,4,79.31,89.66,0
MP-04-BA-4293,2022-10-27,2022,Madhya Pradesh,Bhopal (MP-04),2W,Scooter,Bajaj,Petrol,BS6,108.0,2,2,40.43,85.11,0
DL-01-CA-4310,2023-03-29,2023,Delhi,Delhi Central (DL-01),HCV,Tanker,Ashok Leyland,Diesel,BS6,5661.5,2,1,0.0,68.75,0
WB-01-DA-4327,2023-06-19,2023,West Bengal,Kolkata (WB-01),2W,Motorcycle,Royal Enfield,Petrol,BS6,200.0,2,1,39.16,92.31,0
RJ-20-EA-4344,2023-04-25,2023,Rajasthan,Kota (RJ-20),LCV,Light Bus,Eicher,EV,Not Applicable,0.0,12,1,40.91,72.73,0
MP-04-FA-4361,2024-02-05,2024,Madhya Pradesh,Bhopal (MP-04),2W,Motorcycle,Suzuki,EV,Not Applicable,0.0,2,0,40.43,85.11,0
PB-08-GA-4378,2022-07-20,2022,Punjab,Jalandhar (PB-08),4W,SUV,Honda,Petrol,BS6,1505.5,7,2,28.17,87.32,0
CH-01-HA-4395,2024-12-09,2024,Chandigarh,Chandigarh (CH-01),2W,Scooter,Ather,EV,Not Applicable,0.0,2,0,40.62,90.62,0
WB-13-IA-4412,2024-03-25,2024,West Bengal,Howrah (WB-13),2W,Moped,TVS,EV,Not Applicable,0.0,2,0,39.16,92.31,0
TS-07-JA-4429,2022-12-05,2022,Telangana,Khammam (TS-07),2W,Motorcycle,KTM,Petrol,BS6,100.8,2,2,40.8,92.8,0
TN-37-KA-4446,2024-05-22,2024,Tamil Nadu,Coimbatore (TN-37),4W,SUV,Toyota,CNG,BS6,1197.0,7,0,26.26,91.92,0
GJ-01-LA-4463,2022-01-31,2022,Gujarat,Ahmedabad (GJ-01),3W,Auto Rickshaw,Kinetic Green,EV,Not Applicable,0.0,4,2,89.47,100.0,0
KL-01-MA-4480,2022-05-04,2022,Kerala,Thiruvananthapuram (KL-01),2W,Motorcycle,Ola Electric,EV,Not Applicable,0.0,2,2,44.63,96.69,0
WB-01-NA-4497,2020-08-05,2020,West Bengal,Kolkata (WB-01),LCV,Pickup Van,Mahindra,Diesel,BS6,2523.0,2,4,39.13,86.96,0
TS-09-OA-4514,2021-04-16,2021,Telangana,Hyderabad (TS-09),2W,Moped,Hero,Petrol,BS6,94.4,2,3,40.8,92.8,0
GJ-05-PA-4531,2023-09-09,2023,Gujarat,Surat (GJ-05),2W,Scooter,Hero,Petrol,BS6,125.0,2,1,41.43,92.86,0
TS-01-QA-4548,2022-11-14,2022,Telangana,Karimnagar (TS-01),2W,Scooter,Suzuki,Petrol,BS6,200.0,2,2,40.8,92.8,0
WB-39-RA-4565,2021-11-10,2021,West Bengal,Asansol (WB-39),4W,SUV,Toyota,Diesel,BS6,1598.0,7,3,23.66,84.95,0
MH-31-SA-4582,2023-10-16,2023,Maharashtra,Nagpur (MH-31),2W,Scooter,Bajaj,Petrol,BS6,104.7,2,1,50.93,95.37,0
WB-01-TA-4599,2022-06-27,2022,West Bengal,Kolkata (WB-01),2W,Motorcycle,Royal Enfield,Petrol,BS6,125.0,2,2,39.16,92.31,0
KL-11-UA-4616,2023-08-21,2023,Kerala,Kozhikode (KL-11),2W,Moped,Yamaha,Petrol,BS6,93.1,2,1,44.63,96.69,0
MP-13-VA-4633,2021-11-09,2021,Madhya Pradesh,Ujjain (MP-13),2W,Motorcycle,Suzuki,EV,Not Applicable,0.0,2,3,40.43,85.11,0
KA-25-WA-4650,2023-03-18,2023,Karnataka,Hubli (KA-25),LCV,Pickup Van,Force Motors,Diesel,BS6,2523.0,2,1,26.92,88.46,0
MH-12-XA-4667,2022-09-20,2022,Maharashtra,Pune (MH-12),3W,E-Rickshaw,Atul Auto,EV,Not Applicable,0.0,4,2,87.5,87.5,0
MH-12-YA-4684,2023-03-28,2023,Maharashtra,Pune (MH-12),4W,SUV,Mahindra,Petrol,BS6,1498.0,7,1,28.89,91.11,0
MH-12-ZA-4701,2023-10-23,2023,Maharashtra,Pune (MH-12),4W,MUV,Mahindra,Petrol,BS6,1498.0,5,1,28.89,91.11,0
TN-01-AB-4718,2023-07-01,2023,Tamil Nadu,Chennai Central (TN-01),4W,Hatchback,Toyota,EV,Not Applicable,0.0,5,1,26.26,91.92,0
PB-11-BB-4735,2022-02-15,2022,Punjab,Patiala (PB-11),2W,Motorcycle,Royal Enfield,EV,Not Applicable,0.0,2,2,41.51,90.57,0
MP-09-CB-4752,2018-11-01,2018,Madhya Pradesh,Indore (MP-09),LCV,Pickup Van,Ashok Leyland,Diesel,BS4,2523.0,2,6,37.5,83.33,0
DL-08-DB-4769,2023-02-06,2023,Delhi,Delhi West (DL-08),4W,SUV,Kia,Diesel,BS6,1462.0,5,1,22.58,88.17,0
PB-11-EB-4786,2022-04-06,2022,Punjab,Patiala (PB-11),2W,Motorcycle,KTM,Petrol,BS6,350.0,2,2,41.51,90.57,0
DL-08-FB-4803,2018-11-14,2018,Delhi,Delhi West (DL-08),4W,Hatchback,Hyundai,Petrol,BS4,1000.0,5,6,22.58,88.17,0
TS-09-GB-4820,2022-10-14,2022,Telangana,Hyderabad (TS-09),OTH,Tractor,Mahindra,Diesel,BS6,3760.0,2,2,0.0,75.0,0
PB-11-HB-4837,2023-02-06,2023,Punjab,Patiala (PB-11),HCV,Truck,Eicher,Diesel,BS6,5660.0,2,1,0.0,68.0,0
MP-20-IB-4854,2019-02-25,2019,Madhya Pradesh,Jabalpur (MP-20),2W,Scooter,TVS,Petrol,BS4,160.0,2,5,40.43,85.11,0
CH-01-JB-4871,2020-10-14,2020,Chandigarh,Chandigarh (CH-01),3W,Auto Rickshaw,Kinetic Green,EV,Not Applicable,0.0,4,4,100.0,50.0,0
WB-13-KB-4888,2018-12-31,2018,West Bengal,Howrah (WB-13),2W,Scooter,Suzuki,EV,Not Applicable,0.0,2,6,39.16,92.31,0
WB-01-LB-4905,2022-02-17,2022,West Bengal,Kolkata (WB-01),2W,Scooter,Bajaj,Petrol,BS6,109.3,2,2,39.16,92.31,0
KA-22-MB-4922,2021-02-27,2021,Karnataka,Belgaum (KA-22),4W,MUV,Kia,Petrol,BS6,1462.0,7,3,25.89,89.29,0
TN-01-NB-4939,2022-01-15,2022,Tamil Nadu,Chennai Central (TN-01),4W,SUV,Kia,Petrol,BS6,2179.0,5,2,26.26,91.92,0
GJ-18-OB-4956,2023-08-21,2023,Gujarat,Gandhinagar (GJ-18),3W,E-Rickshaw,TVS,EV,Not Applicable,0.0,4,1,89.47,100.0,0
TN-58-PB-4973,2019-04-17,2019,Tamil Nadu,Madurai (TN-58),4W,MUV,Tata Motors,Petrol,BS4,1000.0,7,5,26.26,91.92,0
MH-12-QB-4990,2024-01-29,2024,Maharashtra,Pune (MH-12),4W,Hatchback,Hyundai,EV,Not Applicable,0.0,5,0,28.89,91.11,0
MH-12-RB-5007,2022-01-12,2022,Maharashtra,Pune (MH-12),4W,MUV,Mahindra,Petrol,BS6,800.0,7,2,28.89,91.11,0
PB-11-SB-5024,2023-03-13,2023,Punjab,Patiala (PB-11),2W,Moped,Suzuki,Petrol,BS6,91.7,2,1,41.51,90.57,0
DL-04-TB-5041,2023-01-05,2023,Delhi,Delhi North (DL-04),2W,Scooter,Honda,Petrol,BS6,100.0,2,1,39.39,90.3,0
PB-08-UB-5058,2018-04-12,2018,Punjab,Jalandhar (PB-08),LCV,Mini Truck,Ashok Leyland,CNG,BS4,2956.0,2,6,22.22,88.89,0
DL-08-VB-5075,2024-09-09,2024,Delhi,Delhi West (DL-08),2W,Motorcycle,Suzuki,Petrol,BS6,160.0,2,0,39.39,90.3,0
GJ-18-WB-5092,2020-06-20,2020,Gujarat,Gandhinagar (GJ-18),4W,Sedan,Skoda,EV,Not Applicable,0.0,5,4,35.37,95.12,0
TN-37-XB-5109,2020-10-08,2020,Tamil Nadu,Coimbatore (TN-37),3W,E-Rickshaw,Atul Auto,EV,Not Applicable,0.0,4,4,82.14,96.43,0
GJ-06-YB-5126,2023-08-04,2023,Gujarat,Vadodara (GJ-06),2W,Motorcycle,Bajaj,EV,Not Applicable,0.0,2,1,41.43,92.86,0
DL-08-ZB-5143,2022-04-16,2022,Delhi,Delhi West (DL-08),3W,Auto Rickshaw,Piaggio,Diesel,BS6,225.0,4,2,89.47,94.74,0
UP-70-AC-5160,2022-05-13,2022,Uttar Pradesh,Allahabad (UP-70),LCV,Mini Truck,Mahindra,Diesel,BS6,2956.0,2,2,35.0,90.0,0
GJ-03-BC-5177,2024-09-21,2024,Gujarat,Rajkot (GJ-03),2W,Scooter,Suzuki,Petrol,BS6,250.0,2,0,41.43,92.86,0
KL-08-CC-5194,2020-02-15,2020,Kerala,Thrissur (KL-08),HCV,Trailer,Tata Motors,Diesel,BS4,4998.0,2,4,0.0,84.0,1
UP-78-DC-5211,2022-07-25,2022,Uttar Pradesh,Kanpur (UP-78),2W,Scooter,Yamaha,Petrol,BS6,100.0,2,2,47.06,91.91,0
KA-25-EC-5228,2019-05-18,2019,Karnataka,Hubli (KA-25),2W,Scooter,Hero,EV,Not Applicable,0.0,2,5,49.39,91.46,0
KA-25-FC-5245,2021-12-27,2021,Karnataka,Hubli (KA-25),2W,Scooter,Honda,Petrol,BS6,97.7,2,3,49.39,91.46,0
KA-01-GC-5262,2021-04-12,2021,Karnataka,Bangalore Central (KA-01),2W,Scooter,Honda,Petrol,BS6,250.0,2,3,49.39,91.46,0
KA-01-HC-5279,2023-06-24,2023,Karnataka,Bangalore Central (KA-01),3W,Auto Rickshaw,Mahindra,Petrol,BS6,250.0,4,1,68.42,94.74,0
MP-07-IC-5296,2023-05-08,2023,Madhya Pradesh,Gwalior (MP-07),2W,Motorcycle,Royal Enfield,Petrol,BS6,250.0,2,1,40.43,85.11,0
TS-05-JC-5313,2019-01-14,2019,Telangana,Nizamabad (TS-05),HCV,Bus,BharatBenz,Diesel,BS4,4998.0,32,5,7.14,92.86,0
MP-07-KC-5330,2024-12-11,2024,Madhya Pradesh,Gwalior (MP-07),4W,SUV,Kia,Diesel,BS6,1968.0,7,0,28.28,85.86,0
MH-01-LC-5347,2022-11-26,2022,Maharashtra,Mumbai Central (MH-01),2W,Motorcycle,Honda,Petrol,BS6,125.0,2,2,50.93,95.37,0
TN-30-MC-5364,2023-05-17,2023,Tamil Nadu,Salem (TN-30),4W,Sedan,Renault,Diesel,BS6,1197.0,5,1,26.26,91.92,0
MP-20-NC-5381,2020-12-02,2020,Madhya Pradesh,Jabalpur (MP-20),4W,Sedan,Honda,Diesel,BS6,800.0,5,4,28.28,85.86,0
MP-20-OC-5398,2018-11-06,2018,Madhya Pradesh,Jabalpur (MP-20),2W,Moped,Bajaj,Petrol,BS4,90.4,2,6,40.43,85.11,0
KA-19-PC-5415,2019-07-30,2019,Karnataka,Mangalore (KA-19),4W,SUV,Maruti Suzuki,Diesel,BS4,1498.0,5,5,25.89,89.29,0
DL-08-QC-5432,2020-08-31,2020,Delhi,Delhi West (DL-08),4W,SUV,Renault,Petrol,BS6,2179.0,5,4,22.58,88.17,0
MH-15-RC-5449,2023-06-21,2023,Maharashtra,Nashik (MH-15),2W,Scooter,Ola Electric,EV,Not Applicable,0.0,2,1,50.93,95.37,0
GJ-05-SC-5466,2022-08-08,2022,Gujarat,Surat (GJ-05),4W,SUV,Kia,Petrol,BS6,1598.0,7,2,35.37,95.12,0
TN-01-TC-5483,2023-08-11,2023,Tamil Nadu,Chennai Central (TN-01),OTH,Tractor,Sonalika,Diesel,BS6,4998.0,2,1,0.0,83.33,0
RJ-19-UC-5500,2024-02-05,2024,Rajasthan,Jodhpur (RJ-19),3W,Auto Rickshaw,Bajaj,Diesel,BS6,225.0,4,0,85.19,100.0,0
GJ-06-VC-5517,2023-04-05,2023,Gujarat,Vadodara (GJ-06),3W,Tempo,TVS,EV,Not Applicable,0.0,4,1,89.47,100.0,0
MP-04-WC-5534,2023-05-23,2023,Madhya Pradesh,Bhopal (MP-04),4W,Sedan,Renault,Petrol,BS6,1462.0,5,1,28.28,85.86,0
KL-01-XC-5551,2022-10-12,2022,Kerala,Thiruvananthapuram (KL-01),4W,Hatchback,Maruti Suzuki,Petrol,BS6,1000.0,5,2,24.55,90.0,0
MP-13-YC-5568,2021-05-03,2021,Madhya Pradesh,Ujjain (MP-13),2W,Moped,Yamaha,EV,Not Applicable,0.0,2,3,40.43,85.11,0
GJ-18-ZC-5585,2024-03-29,2024,Gujarat,Gandhinagar (GJ-18),2W,Scooter,Honda,Petrol,BS6,150.0,2,0,41.43,92.86,0
RJ-20-AD-5602,2020-08-29,2020,Rajasthan,Kota (RJ-20),4W,SUV,Mahindra,Diesel,BS6,1598.0,5,4,26.0,89.0,0
MP-20-BD-5619,2024-06-15,2024,Madhya Pradesh,Jabalpur (MP-20),4W,SUV,Mahindra,Petrol,BS6,1968.0,5,0,28.28,85.86,0
MP-20-CD-5636,2021-03-08,2021,Madhya Pradesh,Jabalpur (MP-20),HCV,Tanker,Tata Motors,Diesel,BS6,3760.0,2,3,4.76,85.71,0
WB-01-DD-5653,2024-10-22,2024,West Bengal,Kolkata (WB-01),4W,SUV,Hyundai,Hybrid,BS6,1000.0,5,0,23.66,84.95,0
UP-32-ED-5670,2021-02-11,2021,Uttar Pradesh,Lucknow (UP-32),2W,Motorcycle,Royal Enfield,Petrol,BS6,110.0,2,3,47.06,91.91,0
PB-11-FD-5687,2023-06-05,2023,Punjab,Patiala (PB-11),2W,Motorcycle,KTM,Petrol,BS6,109.8,2,1,41.51,90.57,0
DL-09-GD-5704,2020-12-08,2020,Delhi,Delhi South (DL-09),HCV,Trailer,MAN,Diesel,BS6,6700.0,2,4,0.0,68.75,0
TS-01-HD-5721,2022-11-21,2022,Telangana,Karimnagar (TS-01),3W,Auto Rickshaw,Mahindra,EV,Not Applicable,0.0,4,2,81.25,100.0,0
DL-02-ID-5738,2023-10-12,2023,Delhi,Delhi East (DL-02),2W,Motorcycle,TVS,Petrol,BS6,100.0,2,1,39.39,90.3,0
TS-03-JD-5755,2024-11-11,2024,Telangana,Warangal (TS-03),4W,MUV,MG,CNG,BS6,1968.0,7,0,25.47,92.45,0
UP-32-KD-5772,2024-04-20,2024,Uttar Pradesh,Lucknow (UP-32),2W,Scooter,Yamaha,Petrol,BS6,160.0,2,0,47.06,91.91,0
MP-07-LD-5789,2023-09-29,2023,Madhya Pradesh,Gwalior (MP-07),3W,E-Rickshaw,TVS,EV,Not Applicable,0.0,4,1,79.31,89.66,0
KL-01-MD-5806,2023-10-31,2023,Kerala,Thiruvananthapuram (KL-01),4W,SUV,MG,Petrol,BS6,800.0,5,1,24.55,90.0,0
MH-12-ND-5823,2022-08-02,2022,Maharashtra,Pune (MH-12),3W,Auto Rickshaw,Atul Auto,EV,Not Applicable,0.0,4,2,87.5,87.5,0
DL-02-OD-5840,2024-04-30,2024,Delhi,Delhi East (DL-02),2W,Moped,Hero,EV,Not Applicable,0.0,2,0,39.39,90.3,0
TS-05-PD-5857,2021-07-29,2021,Telangana,Nizamabad (TS-05),4W,MUV,MG,Hybrid,BS6,1197.0,7,3,25.47,92.45,0
RJ-14-QD-5874,2021-03-10,2021,Rajasthan,Jaipur (RJ-14),LCV,Pickup Van,Ashok Leyland,Diesel,BS6,2956.0,2,3,40.91,72.73,0
UP-80-RD-5891,2020-08-17,2020,Uttar Pradesh,Agra (UP-80),4W,Hatchback,Skoda,Diesel,BS6,1498.0,5,4,19.75,88.89,0
WB-39-SD-5908,2021-03-18,2021,West Bengal,Asansol (WB-39),2W,Motorcycle,Bajaj,Petrol,BS6,100.0,2,3,39.16,92.31,0
TN-30-TD-5925,2018-07-19,2018,Tamil Nadu,Salem (TN-30),OTH,Crane,Escorts,Diesel,BS4,5660.0,2,6,0.0,83.33,0
TN-58-UD-5942,2022-01-17,2022,Tamil Nadu,Madurai (TN-58),HCV,Bus,Ashok Leyland,Diesel,BS6,6700.0,32,2,0.0,90.0,0
MH-15-VD-5959,2021-03-18,2021,Maharashtra,Nashik (MH-15),2W,Motorcycle,Suzuki,EV,Not Applicable,0.0,2,3,50.93,95.37,0
WB-73-WD-5976,2021-04-13,2021,West Bengal,Siliguri (WB-73),4W,SUV,Hyundai,Petrol,BS6,2179.0,5,3,23.66,84.95,0
MH-31-XD-5993,2024-11-04,2024,Maharashtra,Nagpur (MH-31),LCV,Mini Truck,Force Motors,EV,Not Applicable,0.0,2,0,22.58,90.32,0
TN-30-YD-6010,2020-12-22,2020,Tamil Nadu,Salem (TN-30),2W,Motorcycle,Royal Enfield,Petrol,BS6,250.0,2,4,44.68,95.74,0
TN-45-ZD-6027,2023-06-22,2023,Tamil Nadu,Trichy (TN-45),2W,Motorcycle,Bajaj,EV,Not Applicable,0.0,2,1,44.68,95.74,0
DL-01-AE-6044,2023-01-28,2023,Delhi,Delhi Central (DL-01),2W,Motorcycle,KTM,Petrol,BS6,100.0,2,1,39.39,90.3,0
TS-07-BE-6061,2024-04-15,2024,Telangana,Khammam (TS-07),2W,Scooter,Bajaj,Petrol,BS6,100.8,2,0,40.8,92.8,0
MH-31-CE-6078,2019-10-03,2019,Maharashtra,Nagpur (MH-31),2W,Motorcycle,Bajaj,Petrol,BS4,400.0,2,5,50.93,95.37,0
DL-09-DE-6095,2021-10-08,2021,Delhi,Delhi South (DL-09),2W,Scooter,Honda,Petrol,BS6,100.0,2,3,39.39,90.3,0
GJ-03-EE-6112,2023-11-17,2023,Gujarat,Rajkot (GJ-03),2W,Motorcycle,Ola Electric,EV,Not Applicable,0.0,2,1,41.43,92.86,0
MP-04-FE-6129,2021-12-01,2021,Madhya Pradesh,Bhopal (MP-04),3W,E-Rickshaw,Atul Auto,EV,Not Applicable,0.0,4,3,79.31,89.66,0
RJ-20-GE-6146,2021-12-23,2021,Rajasthan,Kota (RJ-20),2W,Scooter,TVS,Petrol,BS6,110.7,2,3,48.41,92.86,0
DL-04-HE-6163,2018-03-16,2018,Delhi,Delhi North (DL-04),4W,Sedan,Honda,Petrol,BS4,2179.0,5,6,22.58,88.17,0
MP-13-IE-6180,2020-03-09,2020,Madhya Pradesh,Ujjain (MP-13),2W,Moped,Yamaha,EV,Not Applicable,0.0,2,4,40.43,85.11,0
TS-03-JE-6197,2022-08-29,2022,Telangana,Warangal (TS-03),4W,SUV,Mahindra,CNG,BS6,1498.0,5,2,25.47,92.45,0
MP-09-KE-6214,2020-09-18,2020,Madhya Pradesh,Indore (MP-09),2W,Scooter,Hero,Petrol,BS6,200.0,2,4,40.43,85.11,0
PB-08-LE-6231,2023-03-07,2023,Punjab,Jalandhar (PB-08),HCV,Trailer,Tata Motors,Diesel,BS6,5660.0,2,1,0.0,68.0,0
UP-65-ME-6248,2023-01-19,2023,Uttar Pradesh,Varanasi (UP-65),2W,Scooter,Ather,EV,Not Applicable,0.0,2,1,47.06,91.91,0
MP-20-NE-6265,2022-10-18,2022,Madhya Pradesh,Jabalpur (MP-20),2W,Motorcycle,KTM,Petrol,BS6,160.0,2,2,40.43,85.11,0
MP-13-OE-6282,2021-02-15,2021,Madhya Pradesh,Ujjain (MP-13),2W,Scooter,Ather,EV,Not Applicable,0.0,2,3,40.43,85.11,0
DL-09-PE-6299,2021-02-22,2021,Delhi,Delhi South (DL-09),2W,Scooter,TVS,EV,Not Applicable,0.0,2,3,39.39,90.3,0
RJ-01-QE-6316,2020-07-31,2020,Rajasthan,Ajmer (RJ-01),4W,SUV,MG,Petrol,BS6,1462.0,5,4,26.0,89.0,0
PB-02-RE-6333,2022-06-14,2022,Punjab,Amritsar (PB-02),HCV,Trailer,Tata Motors,Diesel,BS6,5660.0,2,2,0.0,68.0,0
RJ-27-SE-6350,2022-09-09,2022,Rajasthan,Udaipur (RJ-27),4W,SUV,Mahindra,Petrol,BS6,1462.0,5,2,26.0,89.0,0
MH-12-TE-6367,2020-04-14,2020,Maharashtra,Pune (MH-12),4W,Hatchback,Maruti Suzuki,Petrol,BS6,1183.7,5,4,28.89,91.11,0
DL-02-UE-6384,2023-03-29,2023,Delhi,Delhi East (DL-02),2W,Motorcycle,KTM,Petrol,BS6,150.0,2,1,39.39,90.3,0
GJ-18-VE-6401,2024-12-07,2024,Gujarat,Gandhinagar (GJ-18),3W,Tempo,Piaggio,EV,Not Applicable,0.0,4,0,89.47,100.0,0
KA-22-WE-6418,2022-07-22,2022,Karnataka,Belgaum (KA-22),2W,Moped,Hero,Petrol,BS6,100.0,2,2,49.39,91.46,0
KL-08-XE-6435,2021-08-18,2021,Kerala,Thrissur (KL-08),2W,Moped,TVS,Petrol,BS6,89.3,2,3,44.63,96.69,0
PB-10-YE-6452,2023-02-16,2023,Punjab,Ludhiana (PB-10),4W,SUV,Skoda,Diesel,BS6,2179.0,7,1,28.17,87.32,0
MH-20-ZE-6469,2024-12-28,2024,Maharashtra,Aurangabad (MH-20),4W,SUV,MG,Petrol,BS6,1598.0,5,0,28.89,91.11,0
MH-31-AF-6486,2021-10-22,2021,Maharashtra,Nagpur (MH-31),2W,Scooter,Bajaj,Petrol,BS6,160.0,2,3,50.93,95.37,0
GJ-03-BF-6503,2024-01-01,2024,Gujarat,Rajkot (GJ-03),4W,Sedan,Renault,Diesel,BS6,1598.0,5,0,35.37,95.12,0
TS-07-CF-6520,2021-10-11,2021,Telangana,Khammam (TS-07),2W,Scooter,Suzuki,EV,Not Applicable,0.0,2,3,40.8,92.8,0
WB-39-DF-6537,2019-10-04,2019,West Bengal,Asansol (WB-39),4W,SUV,MG,Diesel,BS4,1498.0,7,5,23.66,84.95,0
WB-40-EF-6554,2022-09-19,2022,West Bengal,Durgapur (WB-40),2W,Scooter,Yamaha,Petrol,BS6,200.0,2,2,39.16,92.31,0
PB-10-FF-6571,2021-05-03,2021,Punjab,Ludhiana (PB-10),3W,E-Rickshaw,Piaggio,EV,Not Applicable,0.0,4,3,76.0,92.0,0
PB-11-GF-6588,2023-03-27,2023,Punjab,Patiala (PB-11),4W,MUV,Kia,Diesel,BS6,1498.0,7,1,28.17,87.32,0
GJ-05-HF-6605,2021-04-06,2021,Gujarat,Surat (GJ-05),2W,Moped,Suzuki,EV,Not Applicable,0.0,2,3,41.43,92.86,0
MP-07-IF-6622,2019-10-07,2019,Madhya Pradesh,Gwalior (MP-07),2W,Scooter,Ather,EV,Not Applicable,0.0,2,5,40.43,85.11,0
DL-08-JF-6639,2021-06-03,2021,Delhi,Delhi West (DL-08),LCV,Pickup Van,Eicher,Diesel,BS6,2523.0,2,3,30.77,92.31,0
WB-73-KF-6656,2023-03-04,2023,West Bengal,Siliguri (WB-73),2W,Motorcycle,KTM,EV,Not Applicable,0.0,2,1,39.16,92.31,0
UP-32-LF-6673,2024-10-21,2024,Uttar Pradesh,Lucknow (UP-32),2W,Motorcycle,Yamaha,Petrol,BS6,250.0,2,0,47.06,91.91,0
KL-11-MF-6690,2022-02-05,2022,Kerala,Kozhikode (KL-11),OTH,Tractor,Sonalika,Diesel,BS6,4998.0,2,2,0.0,62.5,0
MH-31-NF-6707,2022-03-08,2022,Maharashtra,Nagpur (MH-31),2W,Scooter,Ola Electric,EV,Not Applicable,0.0,2,2,50.93,95.37,0
UP-65-OF-6724,2021-01-14,2021,Uttar Pradesh,Varanasi (UP-65),2W,Scooter,Ather,EV,Not Applicable,0.0,2,3,47.06,91.91,0
PB-02-PF-6741,2018-02-05,2018,Punjab,Amritsar (PB-02),4W,MUV,Mahindra,Diesel,BS4,1197.0,7,6,28.17,87.32,0
RJ-27-QF-6758,2022-12-01,2022,Rajasthan,Udaipur (RJ-27),2W,Scooter,Honda,Petrol,BS6,86.9,2,2,48.41,92.86,0
PB-02-RF-6775,2023-07-11,2023,Punjab,Amritsar (PB-02),4W,SUV,Mahindra,Diesel,BS6,800.0,5,1,28.17,87.32,0
RJ-14-SF-6792,2022-09-14,2022,Rajasthan,Jaipur (RJ-14),4W,Sedan,Skoda,Diesel,BS6,1968.0,5,2,26.0,89.0,0
KA-19-TF-6809,2024-04-15,2024,Karnataka,Mangalore (KA-19),2W,Motorcycle,Royal Enfield,EV,Not Applicable,0.0,2,0,49.39,91.46,0
TS-05-UF-6826,2022-10-31,2022,Telangana,Nizamabad (TS-05),2W,Scooter,Honda,EV,Not Applicable,0.0,2,2,40.8,92.8,0
DL-02-VF-6843,2021-01-22,2021,Delhi,Delhi East (DL-02),2W,Motorcycle,Royal Enfield,EV,Not Applicable,0.0,2,3,39.39,90.3,0
GJ-01-WF-6860,2019-09-11,2019,Gujarat,Ahmedabad (GJ-01),4W,SUV,MG,EV,Not Applicable,0.0,5,5,35.37,95.12,0
UP-78-XF-6877,2021-02-04,2021,Uttar Pradesh,Kanpur (UP-78),4W,SUV,Renault,Petrol,BS6,1197.0,7,3,19.75,88.89,0
KL-07-YF-6894,2022-02-07,2022,Kerala,Kochi (KL-07),4W,Sedan,Maruti Suzuki,Diesel,BS6,1968.0,5,2,24.55,90.0,0
WB-01-ZF-6911,2018-02-02,2018,West Bengal,Kolkata (WB-01),2W,Scooter,Ather,EV,Not Applicable,0.0,2,6,39.16,92.31,0
KA-01-AG-6928,2022-04-25,2022,Karnataka,Bangalore Central (KA-01),4W,SUV,Mahindra,EV,Not Applicable,0.0,5,2,25.89,89.29,0
TN-58-BG-6945,2022-03-11,2022,Tamil Nadu,Madurai (TN-58),2W,Scooter,Ather,EV,Not Applicable,0.0,2,2,44.68,95.74,0
UP-78-CG-6962,2022-12-19,2022,Uttar Pradesh,Kanpur (UP-78),2W,Scooter,Yamaha,EV,Not Applicable,0.0,2,2,47.06,91.91,0
KL-02-DG-6979,2023-02-25,2023,Kerala,Kollam (KL-02),OTH,Tractor,Mahindra,Diesel,BS6,4998.0,2,1,0.0,62.5,0
TS-09-EG-6996,2020-03-13,2020,Telangana,Hyderabad (TS-09),HCV,Trailer,Tata Motors,Diesel,BS4,3760.0,2,4,7.14,92.86,1
UP-32-FG-7013,2019-10-14,2019,Uttar Pradesh,Lucknow (UP-32),3W,E-Rickshaw,TVS,EV,Not Applicable,0.0,4,5,85.71,85.71,0
GJ-03-GG-7030,2022-05-12,2022,Gujarat,Rajkot (GJ-03),LCV,Light Bus,Tata Motors,CNG,BS6,2523.0,15,2,53.33,73.33,0
DL-08-HG-7047,2022-01-17,2022,Delhi,Delhi West (DL-08),2W,Motorcycle,Royal Enfield,Petrol,BS6,250.0,2,2,39.39,90.3,0
MH-20-IG-7064,2021-12-21,2021,Maharashtra,Aurangabad (MH-20),4W,SUV,Renault,Petrol,BS6,2179.0,7,3,28.89,91.11,0
RJ-27-JG-7081,2022-06-28,2022,Rajasthan,Udaipur (RJ-27),2W,Moped,Bajaj,Petrol,BS6,98.8,2,2,48.41,92.86,0
MP-04-KG-7098,2019-12-07,2019,Madhya Pradesh,Bhopal (MP-04),3W,Auto Rickshaw,Atul Auto,CNG,BS4,200.0,4,5,79.31,89.66,0
PB-02-LG-7115,2020-12-11,2020,Punjab,Amritsar (PB-02),3W,Tempo,Mahindra,Diesel,BS6,250.0,4,4,76.0,92.0,0
UP-65-MG-7132,2019-09-11,2019,Uttar Pradesh,Varanasi (UP-65),4W,SUV,Mahindra,Petrol,BS4,1197.0,7,5,19.75,88.89,0
KA-19-NG-7149,2021-03-10,2021,Karnataka,Mangalore (KA-19),OTH,Tractor,Sonalika,Diesel,BS6,6700.0,2,3,0.0,87.5,0
PB-08-OG-7166,2021-10-04,2021,Punjab,Jalandhar (PB-08),HCV,Truck,Tata Motors,Diesel,BS6,5657.3,2,3,0.0,68.0,0
MH-12-PG-7183,2023-10-09,2023,Maharashtra,Pune (MH-12),2W,Moped,TVS,Petrol,BS6,97.8,2,1,50.93,95.37,0
MP-20-QG-7200,2021-09-13,2021,Madhya Pradesh,Jabalpur (MP-20),3W,Auto Rickshaw,Bajaj,Diesel,BS6,225.0,4,3,79.31,89.66,0
GJ-01-RG-7217,2020-03-16,2020,Gujarat,Ahmedabad (GJ-01),2W,Motorcycle,KTM,Petrol,BS4,200.0,2,4,41.43,92.86,1
TN-58-SG-7234,2021-07-19,2021,Tamil Nadu,Madurai (TN-58),2W,Motorcycle,Yamaha,Petrol,BS6,100.0,2,3,44.68,95.74,0
MH-20-TG-7251,2022-08-20,2022,Maharashtra,Aurangabad (MH-20),2W,Scooter,Ola Electric,EV,Not Applicable,0.0,2,2,50.93,95.37,0
KA-25-UG-7268,2020-07-03,2020,Karnataka,Hubli (KA-25),HCV,Truck,Volvo,Diesel,BS6,5661.3,2,4,0.0,96.15,0
DL-01-VG-7285,2021-01-09,2021,Delhi,Delhi Central (DL-01),2W,Scooter,Ather,EV,Not Applicable,0.0,2,3,39.39,90.3,0
PB-11-WG-7302,2020-12-30,2020,Punjab,Patiala (PB-11),2W,Scooter,TVS,Petrol,BS6,112.0,2,4,41.51,90.57,0
MH-20-XG-7319,2024-04-25,2024,Maharashtra,Aurangabad (MH-20),2W,Motorcycle,Ola Electric,EV,Not Applicable,0.0,2,0,50.93,95.37,0
GJ-01-YG-7336,2022-12-22,2022,Gujarat,Ahmedabad (GJ-01),2W,Scooter,Ather,EV,Not Applicable,0.0,2,2,41.43,92.86,0
MP-20-ZG-7353,2022-06-06,2022,Madhya Pradesh,Jabalpur (MP-20),LCV,Pickup Van,Eicher,EV,Not Applicable,0.0,2,2,37.5,83.33,0
KA-01-AH-7370,2019-11-15,2019,Karnataka,Bangalore Central (KA-01),2W,Scooter,TVS,Petrol,BS4,111.7,2,5,49.39,91.46,0
MP-13-BH-7387,2023-07-17,2023,Madhya Pradesh,Ujjain (MP-13),2W,Motorcycle,Hero,Petrol,BS6,125.0,2,1,40.43,85.11,0
GJ-05-CH-7404,2023-08-11,2023,Gujarat,Surat (GJ-05),OTH,Tractor,Sonalika,Diesel,BS6,4998.0,2,1,0.0,100.0,0
RJ-01-DH-7421,2021-12-27,2021,Rajasthan,Ajmer (RJ-01),3W,E-Rickshaw,TVS,EV,Not Applicable,0.0,4,3,85.19,100.0,0
TS-07-EH-7438,2020-06-01,2020,Telangana,Khammam (TS-07),2W,Motorcycle,KTM,EV,Not Applicable,0.0,2,4,40.8,92.8,0
TN-58-FH-7455,2024-10-12,2024,Tamil Nadu,Madurai (TN-58),2W,Motorcycle,Honda,EV,Not Applicable,0.0,2,0,44.68,95.74,0
TS-09-GH-7472,2021-09-27,2021,Telangana,Hyderabad (TS-09),2W,Motorcycle,Royal Enfield,Petrol,BS6,125.0,2,3,40.8,92.8,0
TS-01-HH-7489,2022-07-13,2022,Telangana,Karimnagar (TS-01),2W,Motorcycle,KTM,Petrol,BS6,100.0,2,2,40.8,92.8,0
TS-03-IH-7506,2023-08-17,2023,Telangana,Warangal (TS-03),4W,MUV,Kia,Diesel,BS6,1000.0,7,1,25.47,92.45,0
MH-15-JH-7523,2024-07-03,2024,Maharashtra,Nashik (MH-15),2W,Motorcycle,Bajaj,Petrol,BS6,137.5,2,0,50.93,95.37,0
DL-01-KH-7540,2019-12-02,2019,Delhi,Delhi Central (DL-01),2W,Moped,TVS,Petrol,BS4,100.0,2,5,39.39,90.3,0
WB-40-LH-7557,2020-03-03,2020,West Bengal,Durgapur (WB-40),4W,SUV,Kia,Petrol,BS4,800.0,5,4,23.66,84.95,1
KA-25-MH-7574,2023-07-15,2023,Karnataka,Hubli (KA-25),HCV,Trailer,Ashok Leyland,Diesel,BS6,5660.0,2,1,0.0,96.15,0
KL-08-NH-7591,2022-09-03,2022,Kerala,Thrissur (KL-08),2W,Motorcycle,Bajaj,Petrol,BS6,110.0,2,2,44.63,96.69,0
KA-25-OH-7608,2024-11-14,2024,Karnataka,Hubli (KA-25),2W,Motorcycle,Royal Enfield,EV,Not Applicable,0.0,2,0,49.39,91.46,0
PB-08-PH-7625,2020-06-03,2020,Punjab,Jalandhar (PB-08),2W,Motorcycle,Hero,Petrol,BS6,150.0,2,4,41.51,90.57,0
GJ-06-QH-7642,2023-07-03,2023,Gujarat,Vadodara (GJ-06),4W,MUV,Toyota,Hybrid,BS6,1462.0,7,1,35.37,95.12,0
MP-04-RH-7659,2021-03-08,2021,Madhya Pradesh,Bhopal (MP-04),4W,SUV,MG,Diesel,BS6,1000.0,5,3,28.28,85.86,0
PB-11-SH-7676,2022-09-21,2022,Punjab,Patiala (PB-11),2W,Motorcycle,Royal Enfield,Petrol,BS6,104.7,2,2,41.51,90.57,0
WB-40-TH-7693,2019-04-06,2019,West Bengal,Durgapur (WB-40),4W,SUV,Mahindra,Petrol,BS4,1462.0,5,5,23.66,84.95,0
GJ-18-UH-7710,2022-03-02,2022,Gujarat,Gandhinagar (GJ-18),2W,Scooter,Hero,Petrol,BS6,160.0,2,2,41.43,92.86,0
KL-02-VH-7727,2021-09-13,2021,Kerala,Kollam (KL-02),2W,Scooter,Ather,EV,Not Applicable,0.0,2,3,44.63,96.69,0
MH-15-WH-7744,2024-06-29,2024,Maharashtra,Nashik (MH-15),2W,Scooter,Suzuki,Petrol,BS6,250.0,2,0,50.93,95.37,0
MH-01-XH-7761,2019-03-21,2019,Maharashtra,Mumbai Central (MH-01),4W,MUV,Honda,Petrol,BS4,1485.9,7,5,28.89,91.11,0
MP-13-YH-7778,2021-03-26,2021,Madhya Pradesh,Ujjain (MP-13),2W,Moped,Bajaj,EV,Not Applicable,0.0,2,3,40.43,85.11,0
TS-05-ZH-7795,2023-11-03,2023,Telangana,Nizamabad (TS-05),4W,Sedan,Honda,Petrol,BS6,1462.0,5,1,25.47,92.45,0
MH-31-AI-7812,2022-01-19,2022,Maharashtra,Nagpur (MH-31),4W,SUV,Skoda,Diesel,BS6,1968.0,7,2,28.89,91.11,0
MP-20-BI-7829,2024-04-03,2024,Madhya Pradesh,Jabalpur (MP-20),2W,Scooter,Ather,EV,Not Applicable,0.0,2,0,40.43,85.11,0
GJ-06-CI-7846,2021-02-16,2021,Gujarat,Vadodara (GJ-06),2W,Scooter,Ather,EV,Not Applicable,0.0,2,3,41.43,92.86,0
TS-05-DI-7863,2020-04-02,2020,Telangana,Nizamabad (TS-05),OTH,Tractor,John Deere,Diesel,BS6,3760.0,2,4,0.0,75.0,0
UP-78-EI-7880,2023-06-07,2023,Uttar Pradesh,Kanpur (UP-78),3W,Tempo,Bajaj,Diesel,BS6,225.0,4,1,85.71,85.71,0
GJ-18-FI-7897,2021-07-05,2021,Gujarat,Gandhinagar (GJ-18),2W,Moped,Suzuki,Petrol,BS6,86.2,2,3,41.43,92.86,0
MP-07-GI-7914,2023-10-21,2023,Madhya Pradesh,Gwalior (MP-07),4W,SUV,Tata Motors,Petrol,BS6,1462.0,5,1,28.28,85.86,0
DL-04-HI-7931,2022-09-08,2022,Delhi,Delhi North (DL-04),2W,Scooter,Suzuki,Petrol,BS6,108.9,2,2,39.39,90.3,0
WB-73-II-7948,2022-10-14,2022,West Bengal,Siliguri (WB-73),3W,E-Rickshaw,Mahindra,EV,Not Applicable,0.0,4,2,85.0,100.0,0
DL-08-JI-7965,2022-10-12,2022,Delhi,Delhi West (DL-08),2W,Scooter,Ola Electric,EV,Not Applicable,0.0,2,2,39.39,90.3,0
TS-07-KI-7982,2024-04-12,2024,Telangana,Khammam (TS-07),4W,Sedan,Honda,Diesel,BS6,800.0,5,0,25.47,92.45,0
UP-32-LI-7999,2019-11-09,2019,Uttar Pradesh,Lucknow (UP-32),2W,Motorcycle,Hero,Petrol,BS4,110.0,2,5,47.06,91.91,0
RJ-20-MI-8016,2020-07-30,2020,Rajasthan,Kota (RJ-20),3W,Auto Rickshaw,TVS,CNG,BS6,250.0,4,4,85.19,100.0,0
PB-10-NI-8033,2018-09-26,2018,Punjab,Ludhiana (PB-10),4W,SUV,Skoda,CNG,BS4,1968.0,5,6,28.17,87.32,0
UP-80-OI-8050,2024-11-04,2024,Uttar Pradesh,Agra (UP-80),4W,SUV,Kia,EV,Not Applicable,0.0,5,0,19.75,88.89,0
WB-13-PI-8067,2022-07-15,2022,West Bengal,Howrah (WB-13),4W,Hatchback,Honda,Diesel,BS6,2179.0,5,2,23.66,84.95,0
UP-65-QI-8084,2021-04-03,2021,Uttar Pradesh,Varanasi (UP-65),2W,Motorcycle,Ola Electric,EV,Not Applicable,0.0,2,3,47.06,91.91,0
WB-13-RI-8101,2021-10-18,2021,West Bengal,Howrah (WB-13),2W,Motorcycle,TVS,Petrol,BS6,150.0,2,3,39.16,92.31,0
WB-13-SI-8118,2019-11-27,2019,West Bengal,Howrah (WB-13),LCV,Pickup Van,Eicher,Diesel,BS4,3298.0,2,5,39.13,86.96,0
MP-20-TI-8135,2020-12-15,2020,Madhya Pradesh,Jabalpur (MP-20),4W,SUV,MG,Diesel,BS6,1598.0,5,4,28.28,85.86,0
MP-13-UI-8152,2023-07-31,2023,Madhya Pradesh,Ujjain (MP-13),2W,Motorcycle,KTM,Petrol,BS6,100.0,2,1,40.43,85.11,0
PB-08-VI-8169,2023-12-18,2023,Punjab,Jalandhar (PB-08),3W,E-Rickshaw,Atul Auto,EV,Not Applicable,0.0,4,1,76.0,92.0,0
MH-20-WI-8186,2024-07-12,2024,Maharashtra,Aurangabad (MH-20),2W,Motorcycle,KTM,Petrol,BS6,105.7,2,0,50.93,95.37,0
PB-02-XI-8203,2021-01-27,2021,Punjab,Amritsar (PB-02),4W,Sedan,Honda,Petrol,BS6,1197.0,5,3,28.17,87.32,0
DL-02-YI-8220,2024-06-28,2024,Delhi,Delhi East (DL-02),3W,E-Rickshaw,Kinetic Green,EV,Not Applicable,0.0,4,0,89.47,94.74,0
KL-11-ZI-8237,2021-10-26,2021,Kerala,Kozhikode (KL-11),3W,Tempo,Kinetic Green,EV,Not Applicable,0.0,4,3,84.38,93.75,0
KL-01-AJ-8254,2024-06-12,2024,Kerala,Thiruvananthapuram (KL-01),2W,Moped,Bajaj,Petrol,BS6,100.0,2,0,44.63,96.69,0
KL-07-BJ-8271,2022-11-28,2022,Kerala,Kochi (KL-07),2W,Scooter,Bajaj,EV,Not Applicable,0.0,2,2,44.63,96.69,0
TS-05-CJ-8288,2023-06-20,2023,Telangana,Nizamabad (TS-05),4W,MUV,Toyota,Petrol,BS6,800.0,7,1,25.47,92.45,0
WB-40-DJ-8305,2018-10-01,2018,West Bengal,Durgapur (WB-40),2W,Motorcycle,KTM,EV,Not Applicable,0.0,2,6,39.16,92.31,0
DL-09-EJ-8322,2022-03-02,2022,Delhi,Delhi South (DL-09),2W,Scooter,Ola Electric,EV,Not Applicable,0.0,2,2,39.39,90.3,0
UP-70-FJ-8339,2023-01-16,2023,Uttar Pradesh,Allahabad (UP-70),2W,Scooter,Ather,EV,Not Applicable,0.0,2,1,47.06,91.91,0
DL-04-GJ-8356,2018-04-23,2018,Delhi,Delhi North (DL-04),2W,Scooter,Honda,Petrol,BS4,125.0,2,6,39.39,90.3,0
KL-11-HJ-8373,2023-07-28,2023,Kerala,Kozhikode (KL-11),LCV,Pickup Van,Tata Motors,Diesel,BS6,3298.0,2,1,32.35,94.12,0
DL-09-IJ-8390,2020-07-21,2020,Delhi,Delhi South (DL-09),3W,Tempo,Mahindra,CNG,BS6,225.0,4,4,89.47,94.74,0
MP-20-JJ-8407,2018-03-12,2018,Madhya Pradesh,Jabalpur (MP-20),2W,Scooter,Suzuki,Petrol,BS4,104.9,2,6,40.43,85.11,0
DL-09-KJ-8424,2022-12-29,2022,Delhi,Delhi South (DL-09),4W,SUV,Hyundai,Diesel,BS6,1498.0,5,2,22.58,88.17,0
MH-01-LJ-8441,2018-02-26,2018,Maharashtra,Mumbai Central (MH-01),2W,Motorcycle,KTM,EV,Not Applicable,0.0,2,6,50.93,95.37,0
RJ-14-MJ-8458,2024-10-16,2024,Rajasthan,Jaipur (RJ-14),2W,Motorcycle,Royal Enfield,EV,Not Applicable,0.0,2,0,48.41,92.86,0
DL-09-NJ-8475,2019-04-22,2019,Delhi,Delhi South (DL-09),2W,Motorcycle,Hero,Petrol,BS4,200.0,2,5,39.39,90.3,0
WB-40-OJ-8492,2020-01-13,2020,West Bengal,Durgapur (WB-40),2W,Scooter,Ather,EV,Not Applicable,0.0,2,4,39.16,92.31,0
MP-09-PJ-8509,2023-08-29,2023,Madhya Pradesh,Indore (MP-09),2W,Motorcycle,KTM,Petrol,BS6,200.0,2,1,40.43,85.11,0
UP-65-QJ-8526,2024-11-04,2024,Uttar Pradesh,Varanasi (UP-65),2W,Scooter,Ather,EV,Not Applicable,0.0,2,0,47.06,91.91,0
DL-04-RJ-8543,2019-08-26,2019,Delhi,Delhi North (DL-04),HCV,Bus,Eicher,Diesel,BS4,5660.0,32,5,0.0,68.75,0
PB-11-SJ-8560,2023-05-08,2023,Punjab,Patiala (PB-11),3W,E-Rickshaw,Kinetic Green,EV,Not Applicable,0.0,4,1,76.0,92.0,0
TS-01-TJ-8577,2024-10-23,2024,Telangana,Karimnagar (TS-01),2W,Scooter,Ather,EV,Not Applicable,0.0,2,0,40.8,92.8,0
MH-15-UJ-8594,2023-01-21,2023,Maharashtra,Nashik (MH-15),LCV,Pickup Van,Tata Motors,Diesel,BS6,2956.0,2,1,22.58,90.32,0
WB-39-VJ-8611,2022-09-20,2022,West Bengal,Asansol (WB-39),2W,Motorcycle,Royal Enfield,EV,Not Applicable,0.0,2,2,39.16,92.31,0
MH-12-WJ-8628,2022-12-05,2022,Maharashtra,Pune (MH-12),2W,Motorcycle,KTM,Petrol,BS6,160.0,2,2,50.93,95.37,0
KL-01-XJ-8645,2022-01-31,2022,Kerala,Thiruvananthapuram (KL-01),LCV,Pickup Van,Eicher,Diesel,BS6,2523.0,2,2,32.35,94.12,0
KA-19-YJ-8662,2020-08-07,2020,Karnataka,Mangalore (KA-19),4W,Sedan,Honda,Petrol,BS6,2179.0,5,4,25.89,89.29,0
KL-02-ZJ-8679,2024-10-14,2024,Kerala,Kollam (KL-02),3W,E-Rickshaw,TVS,EV,Not Applicable,0.0,4,0,84.38,93.75,0
PB-10-AK-8696,2023-08-12,2023,Punjab,Ludhiana (PB-10),2W,Motorcycle,Hero,EV,Not Applicable,0.0,2,1,41.51,90.57,0
KL-11-BK-8713,2022-07-05,2022,Kerala,Kozhikode (KL-11),2W,Scooter,Ola Electric,EV,Not Applicable,0.0,2,2,44.63,96.69,0
DL-01-CK-8730,2023-04-11,2023,Delhi,Delhi Central (DL-01),LCV,Light Bus,Eicher,CNG,BS6,2956.0,15,1,30.77,92.31,0
PB-10-DK-8747,2021-05-06,2021,Punjab,Ludhiana (PB-10),HCV,Trailer,BharatBenz,Diesel,BS6,3760.0,2,3,0.0,68.0,0
PB-11-EK-8764,2023-08-26,2023,Punjab,Patiala (PB-11),2W,Motorcycle,Royal Enfield,Petrol,BS6,150.0,2,1,41.51,90.57,0
TN-01-FK-8781,2022-06-16,2022,Tamil Nadu,Chennai Central (TN-01),2W,Scooter,Ola Electric,EV,Not Applicable,0.0,2,2,44.68,95.74,0
MH-31-GK-8798,2023-12-21,2023,Maharashtra,Nagpur (MH-31),2W,Scooter,Ather,EV,Not Applicable,0.0,2,1,50.93,95.37,0
TS-03-HK-8815,2024-01-17,2024,Telangana,Warangal (TS-03),4W,SUV,Kia,Diesel,BS6,1462.0,5,0,25.47,92.45,0
RJ-20-IK-8832,2021-09-06,2021,Rajasthan,Kota (RJ-20),4W,MUV,Mahindra,Diesel,BS6,2179.0,7,3,26.0,89.0,0
PB-11-JK-8849,2021-06-17,2021,Punjab,Patiala (PB-11),HCV,Bus,Volvo,Diesel,BS6,4998.0,52,3,0.0,68.0,0
KA-25-KK-8866,2020-04-06,2020,Karnataka,Hubli (KA-25),LCV,Light Bus,Mahindra,Diesel,BS6,2956.0,12,4,26.92,88.46,0
GJ-05-LK-8883,2020-07-06,2020,Gujarat,Surat (GJ-05),4W,Hatchback,Renault,Diesel,BS6,2179.0,5,4,35.37,95.12,0
TS-07-MK-8900,2022-01-28,2022,Telangana,Khammam (TS-07),4W,Hatchback,Toyota,Diesel,BS6,1498.0,5,2,25.47,92.45,0
